-- MySQL dump 10.13  Distrib 8.0.43, for Linux (x86_64)
--
-- Host: 127.0.0.1    Database: db_adminlt
-- ------------------------------------------------------
-- Server version	8.0.43-0ubuntu0.24.04.1

/*!40101 SET @OLD_CHARACTER_SET_CLIENT=@@CHARACTER_SET_CLIENT */;
/*!40101 SET @OLD_CHARACTER_SET_RESULTS=@@CHARACTER_SET_RESULTS */;
/*!40101 SET @OLD_COLLATION_CONNECTION=@@COLLATION_CONNECTION */;
/*!50503 SET NAMES utf8mb4 */;
/*!40103 SET @OLD_TIME_ZONE=@@TIME_ZONE */;
/*!40103 SET TIME_ZONE='+00:00' */;
/*!40014 SET @OLD_UNIQUE_CHECKS=@@UNIQUE_CHECKS, UNIQUE_CHECKS=0 */;
/*!40014 SET @OLD_FOREIGN_KEY_CHECKS=@@FOREIGN_KEY_CHECKS, FOREIGN_KEY_CHECKS=0 */;
/*!40101 SET @OLD_SQL_MODE=@@SQL_MODE, SQL_MODE='NO_AUTO_VALUE_ON_ZERO' */;
/*!40111 SET @OLD_SQL_NOTES=@@SQL_NOTES, SQL_NOTES=0 */;

--
-- Table structure for table `administrative_regions`
--

DROP TABLE IF EXISTS `administrative_regions`;
/*!40101 SET @saved_cs_client     = @@character_set_client */;
/*!50503 SET character_set_client = utf8mb4 */;
CREATE TABLE `administrative_regions` (
  `id` bigint unsigned NOT NULL AUTO_INCREMENT,
  `name` varchar(255) COLLATE utf8mb4_unicode_ci NOT NULL,
  `name_en` varchar(255) COLLATE utf8mb4_unicode_ci DEFAULT NULL,
  `code_name` varchar(255) COLLATE utf8mb4_unicode_ci DEFAULT NULL,
  `code_name_en` varchar(255) COLLATE utf8mb4_unicode_ci DEFAULT NULL,
  `created_at` timestamp NULL DEFAULT NULL,
  `updated_at` timestamp NULL DEFAULT NULL,
  PRIMARY KEY (`id`)
) ENGINE=InnoDB AUTO_INCREMENT=9 DEFAULT CHARSET=utf8mb4 COLLATE=utf8mb4_unicode_ci;
/*!40101 SET character_set_client = @saved_cs_client */;

--
-- Dumping data for table `administrative_regions`
--

LOCK TABLES `administrative_regions` WRITE;
/*!40000 ALTER TABLE `administrative_regions` DISABLE KEYS */;
INSERT INTO `administrative_regions` VALUES (1,'Đông Bắc Bộ','Northeast','dong_bac_bo','northest',NULL,NULL),(2,'Tây Bắc Bộ','Northwest','tay_bac_bo','northwest',NULL,NULL),(3,'Đồng bằng sông Hồng','Red River Delta','dong_bang_song_hong','red_river_delta',NULL,NULL),(4,'Bắc Trung Bộ','North Central Coast','bac_trung_bo','north_central_coast',NULL,NULL),(5,'Duyên hải Nam Trung Bộ','South Central Coast','duyen_hai_nam_trung_bo','south_central_coast',NULL,NULL),(6,'Tây Nguyên','Central Highlands','tay_nguyen','central_highlands',NULL,NULL),(7,'Đông Nam Bộ','Southeast','dong_nam_bo','southeast',NULL,NULL),(8,'Đồng bằng sông Cửu Long','Mekong River Delta','dong_bang_song_cuu_long','southwest',NULL,NULL);
/*!40000 ALTER TABLE `administrative_regions` ENABLE KEYS */;
UNLOCK TABLES;

--
-- Table structure for table `administrative_units`
--

DROP TABLE IF EXISTS `administrative_units`;
/*!40101 SET @saved_cs_client     = @@character_set_client */;
/*!50503 SET character_set_client = utf8mb4 */;
CREATE TABLE `administrative_units` (
  `id` bigint unsigned NOT NULL AUTO_INCREMENT,
  `full_name` varchar(255) COLLATE utf8mb4_unicode_ci NOT NULL,
  `full_name_en` varchar(255) COLLATE utf8mb4_unicode_ci DEFAULT NULL,
  `short_name` varchar(255) COLLATE utf8mb4_unicode_ci DEFAULT NULL,
  `short_name_en` varchar(255) COLLATE utf8mb4_unicode_ci DEFAULT NULL,
  `code_name` varchar(255) COLLATE utf8mb4_unicode_ci DEFAULT NULL,
  `code_name_en` varchar(255) COLLATE utf8mb4_unicode_ci DEFAULT NULL,
  `created_at` timestamp NULL DEFAULT NULL,
  `updated_at` timestamp NULL DEFAULT NULL,
  PRIMARY KEY (`id`)
) ENGINE=InnoDB AUTO_INCREMENT=6 DEFAULT CHARSET=utf8mb4 COLLATE=utf8mb4_unicode_ci;
/*!40101 SET character_set_client = @saved_cs_client */;

--
-- Dumping data for table `administrative_units`
--

LOCK TABLES `administrative_units` WRITE;
/*!40000 ALTER TABLE `administrative_units` DISABLE KEYS */;
INSERT INTO `administrative_units` VALUES (1,'Thành phố trực thuộc trung ương','Municipality','Thành phố','City','thanh_pho_truc_thuoc_trung_uong','municipality',NULL,NULL),(2,'Tỉnh','Province','Tỉnh','Province','tinh','province',NULL,NULL),(3,'Phường','Ward','Phường','Ward','phuong','ward',NULL,NULL),(4,'Xã','Commune','Xã','Commune','xa','commune',NULL,NULL),(5,'Đặc khu tại hải đảo','Special administrative region','Đặc khu','Special administrative region','dac_khu','special_administrative_region',NULL,NULL);
/*!40000 ALTER TABLE `administrative_units` ENABLE KEYS */;
UNLOCK TABLES;

--
-- Table structure for table `bang_bao_gia`
--

DROP TABLE IF EXISTS `bang_bao_gia`;
/*!40101 SET @saved_cs_client     = @@character_set_client */;
/*!50503 SET character_set_client = utf8mb4 */;
CREATE TABLE `bang_bao_gia` (
  `id` bigint unsigned NOT NULL AUTO_INCREMENT,
  `ma_so` varchar(255) COLLATE utf8mb4_unicode_ci NOT NULL COMMENT 'Mã số bảng báo giá',
  `user_id` bigint unsigned DEFAULT NULL COMMENT 'Người tạo',
  `customer_id` bigint unsigned DEFAULT NULL COMMENT 'Khách hàng',
  `ten_khach_hang` varchar(255) COLLATE utf8mb4_unicode_ci DEFAULT NULL,
  `file_path` varchar(255) COLLATE utf8mb4_unicode_ci DEFAULT NULL COMMENT 'Đường dẫn file Excel đã tạo',
  `product_ids` json DEFAULT NULL COMMENT 'Danh sách ID sản phẩm',
  `company` json DEFAULT NULL COMMENT 'Lưu thông tin bảng giá',
  `ghi_chu` text COLLATE utf8mb4_unicode_ci,
  `exported_at` timestamp NULL DEFAULT NULL COMMENT 'Thời điểm tạo bảng báo giá',
  `created_at` timestamp NULL DEFAULT NULL,
  `updated_at` timestamp NULL DEFAULT NULL,
  PRIMARY KEY (`id`),
  UNIQUE KEY `bang_bao_gia_ma_so_unique` (`ma_so`),
  KEY `bang_bao_gia_user_id_foreign` (`user_id`),
  CONSTRAINT `bang_bao_gia_user_id_foreign` FOREIGN KEY (`user_id`) REFERENCES `users` (`id`) ON DELETE SET NULL
) ENGINE=InnoDB DEFAULT CHARSET=utf8mb4 COLLATE=utf8mb4_unicode_ci;
/*!40101 SET character_set_client = @saved_cs_client */;

--
-- Dumping data for table `bang_bao_gia`
--

LOCK TABLES `bang_bao_gia` WRITE;
/*!40000 ALTER TABLE `bang_bao_gia` DISABLE KEYS */;
/*!40000 ALTER TABLE `bang_bao_gia` ENABLE KEYS */;
UNLOCK TABLES;

--
-- Table structure for table `cache`
--

DROP TABLE IF EXISTS `cache`;
/*!40101 SET @saved_cs_client     = @@character_set_client */;
/*!50503 SET character_set_client = utf8mb4 */;
CREATE TABLE `cache` (
  `key` varchar(255) COLLATE utf8mb4_unicode_ci NOT NULL,
  `value` mediumtext COLLATE utf8mb4_unicode_ci NOT NULL,
  `expiration` int NOT NULL,
  PRIMARY KEY (`key`)
) ENGINE=InnoDB DEFAULT CHARSET=utf8mb4 COLLATE=utf8mb4_unicode_ci;
/*!40101 SET character_set_client = @saved_cs_client */;

--
-- Dumping data for table `cache`
--

LOCK TABLES `cache` WRITE;
/*!40000 ALTER TABLE `cache` DISABLE KEYS */;
INSERT INTO `cache` VALUES ('spatie.permission.cache','a:3:{s:5:\"alias\";a:5:{s:1:\"a\";s:2:\"id\";s:1:\"b\";s:4:\"name\";s:1:\"c\";s:10:\"guard_name\";s:1:\"d\";s:6:\"module\";s:1:\"r\";s:5:\"roles\";}s:11:\"permissions\";a:96:{i:0;a:5:{s:1:\"a\";i:1;s:1:\"b\";s:10:\"admin-list\";s:1:\"c\";s:3:\"web\";s:1:\"d\";N;s:1:\"r\";a:2:{i:0;i:1;i:1;i:2;}}i:1;a:5:{s:1:\"a\";i:2;s:1:\"b\";s:12:\"admin-create\";s:1:\"c\";s:3:\"web\";s:1:\"d\";N;s:1:\"r\";a:1:{i:0;i:1;}}i:2;a:5:{s:1:\"a\";i:3;s:1:\"b\";s:10:\"admin-edit\";s:1:\"c\";s:3:\"web\";s:1:\"d\";N;s:1:\"r\";a:1:{i:0;i:1;}}i:3;a:5:{s:1:\"a\";i:4;s:1:\"b\";s:12:\"admin-delete\";s:1:\"c\";s:3:\"web\";s:1:\"d\";N;s:1:\"r\";a:1:{i:0;i:1;}}i:4;a:5:{s:1:\"a\";i:5;s:1:\"b\";s:9:\"auth-list\";s:1:\"c\";s:3:\"web\";s:1:\"d\";N;s:1:\"r\";a:1:{i:0;i:1;}}i:5;a:5:{s:1:\"a\";i:6;s:1:\"b\";s:11:\"auth-create\";s:1:\"c\";s:3:\"web\";s:1:\"d\";N;s:1:\"r\";a:1:{i:0;i:1;}}i:6;a:5:{s:1:\"a\";i:7;s:1:\"b\";s:9:\"auth-edit\";s:1:\"c\";s:3:\"web\";s:1:\"d\";N;s:1:\"r\";a:1:{i:0;i:1;}}i:7;a:5:{s:1:\"a\";i:8;s:1:\"b\";s:11:\"auth-delete\";s:1:\"c\";s:3:\"web\";s:1:\"d\";N;s:1:\"r\";a:1:{i:0;i:1;}}i:8;a:5:{s:1:\"a\";i:9;s:1:\"b\";s:12:\"banggia-list\";s:1:\"c\";s:3:\"web\";s:1:\"d\";N;s:1:\"r\";a:1:{i:0;i:1;}}i:9;a:5:{s:1:\"a\";i:10;s:1:\"b\";s:14:\"banggia-create\";s:1:\"c\";s:3:\"web\";s:1:\"d\";N;s:1:\"r\";a:1:{i:0;i:1;}}i:10;a:5:{s:1:\"a\";i:11;s:1:\"b\";s:12:\"banggia-edit\";s:1:\"c\";s:3:\"web\";s:1:\"d\";N;s:1:\"r\";a:1:{i:0;i:1;}}i:11;a:5:{s:1:\"a\";i:12;s:1:\"b\";s:14:\"banggia-delete\";s:1:\"c\";s:3:\"web\";s:1:\"d\";N;s:1:\"r\";a:1:{i:0;i:1;}}i:12;a:5:{s:1:\"a\";i:13;s:1:\"b\";s:15:\"categories-list\";s:1:\"c\";s:3:\"web\";s:1:\"d\";N;s:1:\"r\";a:1:{i:0;i:1;}}i:13;a:5:{s:1:\"a\";i:14;s:1:\"b\";s:17:\"categories-create\";s:1:\"c\";s:3:\"web\";s:1:\"d\";N;s:1:\"r\";a:1:{i:0;i:1;}}i:14;a:5:{s:1:\"a\";i:15;s:1:\"b\";s:15:\"categories-edit\";s:1:\"c\";s:3:\"web\";s:1:\"d\";N;s:1:\"r\";a:1:{i:0;i:1;}}i:15;a:5:{s:1:\"a\";i:16;s:1:\"b\";s:17:\"categories-delete\";s:1:\"c\";s:3:\"web\";s:1:\"d\";N;s:1:\"r\";a:1:{i:0;i:1;}}i:16;a:5:{s:1:\"a\";i:17;s:1:\"b\";s:9:\"chat-list\";s:1:\"c\";s:3:\"web\";s:1:\"d\";N;s:1:\"r\";a:1:{i:0;i:1;}}i:17;a:5:{s:1:\"a\";i:18;s:1:\"b\";s:11:\"chat-create\";s:1:\"c\";s:3:\"web\";s:1:\"d\";N;s:1:\"r\";a:1:{i:0;i:1;}}i:18;a:5:{s:1:\"a\";i:19;s:1:\"b\";s:9:\"chat-edit\";s:1:\"c\";s:3:\"web\";s:1:\"d\";N;s:1:\"r\";a:1:{i:0;i:1;}}i:19;a:5:{s:1:\"a\";i:20;s:1:\"b\";s:11:\"chat-delete\";s:1:\"c\";s:3:\"web\";s:1:\"d\";N;s:1:\"r\";a:1:{i:0;i:1;}}i:20;a:5:{s:1:\"a\";i:21;s:1:\"b\";s:15:\"components-list\";s:1:\"c\";s:3:\"web\";s:1:\"d\";N;s:1:\"r\";a:1:{i:0;i:1;}}i:21;a:5:{s:1:\"a\";i:22;s:1:\"b\";s:17:\"components-create\";s:1:\"c\";s:3:\"web\";s:1:\"d\";N;s:1:\"r\";a:1:{i:0;i:1;}}i:22;a:5:{s:1:\"a\";i:23;s:1:\"b\";s:15:\"components-edit\";s:1:\"c\";s:3:\"web\";s:1:\"d\";N;s:1:\"r\";a:1:{i:0;i:1;}}i:23;a:5:{s:1:\"a\";i:24;s:1:\"b\";s:17:\"components-delete\";s:1:\"c\";s:3:\"web\";s:1:\"d\";N;s:1:\"r\";a:1:{i:0;i:1;}}i:24;a:5:{s:1:\"a\";i:25;s:1:\"b\";s:12:\"example-list\";s:1:\"c\";s:3:\"web\";s:1:\"d\";N;s:1:\"r\";a:1:{i:0;i:1;}}i:25;a:5:{s:1:\"a\";i:26;s:1:\"b\";s:14:\"example-create\";s:1:\"c\";s:3:\"web\";s:1:\"d\";N;s:1:\"r\";a:1:{i:0;i:1;}}i:26;a:5:{s:1:\"a\";i:27;s:1:\"b\";s:12:\"example-edit\";s:1:\"c\";s:3:\"web\";s:1:\"d\";N;s:1:\"r\";a:1:{i:0;i:1;}}i:27;a:5:{s:1:\"a\";i:28;s:1:\"b\";s:14:\"example-delete\";s:1:\"c\";s:3:\"web\";s:1:\"d\";N;s:1:\"r\";a:1:{i:0;i:1;}}i:28;a:5:{s:1:\"a\";i:29;s:1:\"b\";s:9:\"file-list\";s:1:\"c\";s:3:\"web\";s:1:\"d\";N;s:1:\"r\";a:1:{i:0;i:1;}}i:29;a:5:{s:1:\"a\";i:30;s:1:\"b\";s:11:\"file-create\";s:1:\"c\";s:3:\"web\";s:1:\"d\";N;s:1:\"r\";a:1:{i:0;i:1;}}i:30;a:5:{s:1:\"a\";i:31;s:1:\"b\";s:9:\"file-edit\";s:1:\"c\";s:3:\"web\";s:1:\"d\";N;s:1:\"r\";a:1:{i:0;i:1;}}i:31;a:5:{s:1:\"a\";i:32;s:1:\"b\";s:11:\"file-delete\";s:1:\"c\";s:3:\"web\";s:1:\"d\";N;s:1:\"r\";a:1:{i:0;i:1;}}i:32;a:5:{s:1:\"a\";i:33;s:1:\"b\";s:9:\"help-list\";s:1:\"c\";s:3:\"web\";s:1:\"d\";N;s:1:\"r\";a:1:{i:0;i:1;}}i:33;a:5:{s:1:\"a\";i:34;s:1:\"b\";s:11:\"help-create\";s:1:\"c\";s:3:\"web\";s:1:\"d\";N;s:1:\"r\";a:1:{i:0;i:1;}}i:34;a:5:{s:1:\"a\";i:35;s:1:\"b\";s:9:\"help-edit\";s:1:\"c\";s:3:\"web\";s:1:\"d\";N;s:1:\"r\";a:1:{i:0;i:1;}}i:35;a:5:{s:1:\"a\";i:36;s:1:\"b\";s:11:\"help-delete\";s:1:\"c\";s:3:\"web\";s:1:\"d\";N;s:1:\"r\";a:1:{i:0;i:1;}}i:36;a:5:{s:1:\"a\";i:37;s:1:\"b\";s:9:\"mail-list\";s:1:\"c\";s:3:\"web\";s:1:\"d\";N;s:1:\"r\";a:1:{i:0;i:1;}}i:37;a:5:{s:1:\"a\";i:38;s:1:\"b\";s:11:\"mail-create\";s:1:\"c\";s:3:\"web\";s:1:\"d\";N;s:1:\"r\";a:1:{i:0;i:1;}}i:38;a:5:{s:1:\"a\";i:39;s:1:\"b\";s:9:\"mail-edit\";s:1:\"c\";s:3:\"web\";s:1:\"d\";N;s:1:\"r\";a:1:{i:0;i:1;}}i:39;a:5:{s:1:\"a\";i:40;s:1:\"b\";s:11:\"mail-delete\";s:1:\"c\";s:3:\"web\";s:1:\"d\";N;s:1:\"r\";a:1:{i:0;i:1;}}i:40;a:5:{s:1:\"a\";i:41;s:1:\"b\";s:13:\"medicine-list\";s:1:\"c\";s:3:\"web\";s:1:\"d\";N;s:1:\"r\";a:1:{i:0;i:1;}}i:41;a:5:{s:1:\"a\";i:42;s:1:\"b\";s:15:\"medicine-create\";s:1:\"c\";s:3:\"web\";s:1:\"d\";N;s:1:\"r\";a:1:{i:0;i:1;}}i:42;a:5:{s:1:\"a\";i:43;s:1:\"b\";s:13:\"medicine-edit\";s:1:\"c\";s:3:\"web\";s:1:\"d\";N;s:1:\"r\";a:1:{i:0;i:1;}}i:43;a:5:{s:1:\"a\";i:44;s:1:\"b\";s:15:\"medicine-delete\";s:1:\"c\";s:3:\"web\";s:1:\"d\";N;s:1:\"r\";a:1:{i:0;i:1;}}i:44;a:5:{s:1:\"a\";i:45;s:1:\"b\";s:9:\"menu-list\";s:1:\"c\";s:3:\"web\";s:1:\"d\";N;s:1:\"r\";a:1:{i:0;i:1;}}i:45;a:5:{s:1:\"a\";i:46;s:1:\"b\";s:11:\"menu-create\";s:1:\"c\";s:3:\"web\";s:1:\"d\";N;s:1:\"r\";a:1:{i:0;i:1;}}i:46;a:5:{s:1:\"a\";i:47;s:1:\"b\";s:9:\"menu-edit\";s:1:\"c\";s:3:\"web\";s:1:\"d\";N;s:1:\"r\";a:1:{i:0;i:1;}}i:47;a:5:{s:1:\"a\";i:48;s:1:\"b\";s:11:\"menu-delete\";s:1:\"c\";s:3:\"web\";s:1:\"d\";N;s:1:\"r\";a:1:{i:0;i:1;}}i:48;a:5:{s:1:\"a\";i:49;s:1:\"b\";s:8:\"ntd-list\";s:1:\"c\";s:3:\"web\";s:1:\"d\";N;s:1:\"r\";a:1:{i:0;i:1;}}i:49;a:5:{s:1:\"a\";i:50;s:1:\"b\";s:10:\"ntd-create\";s:1:\"c\";s:3:\"web\";s:1:\"d\";N;s:1:\"r\";a:1:{i:0;i:1;}}i:50;a:5:{s:1:\"a\";i:51;s:1:\"b\";s:8:\"ntd-edit\";s:1:\"c\";s:3:\"web\";s:1:\"d\";N;s:1:\"r\";a:1:{i:0;i:1;}}i:51;a:5:{s:1:\"a\";i:52;s:1:\"b\";s:10:\"ntd-delete\";s:1:\"c\";s:3:\"web\";s:1:\"d\";N;s:1:\"r\";a:1:{i:0;i:1;}}i:52;a:5:{s:1:\"a\";i:53;s:1:\"b\";s:12:\"options-list\";s:1:\"c\";s:3:\"web\";s:1:\"d\";N;s:1:\"r\";a:1:{i:0;i:1;}}i:53;a:5:{s:1:\"a\";i:54;s:1:\"b\";s:14:\"options-create\";s:1:\"c\";s:3:\"web\";s:1:\"d\";N;s:1:\"r\";a:1:{i:0;i:1;}}i:54;a:5:{s:1:\"a\";i:55;s:1:\"b\";s:12:\"options-edit\";s:1:\"c\";s:3:\"web\";s:1:\"d\";N;s:1:\"r\";a:1:{i:0;i:1;}}i:55;a:5:{s:1:\"a\";i:56;s:1:\"b\";s:14:\"options-delete\";s:1:\"c\";s:3:\"web\";s:1:\"d\";N;s:1:\"r\";a:1:{i:0;i:1;}}i:56;a:5:{s:1:\"a\";i:57;s:1:\"b\";s:10:\"order-list\";s:1:\"c\";s:3:\"web\";s:1:\"d\";N;s:1:\"r\";a:1:{i:0;i:1;}}i:57;a:5:{s:1:\"a\";i:58;s:1:\"b\";s:12:\"order-create\";s:1:\"c\";s:3:\"web\";s:1:\"d\";N;s:1:\"r\";a:1:{i:0;i:1;}}i:58;a:5:{s:1:\"a\";i:59;s:1:\"b\";s:10:\"order-edit\";s:1:\"c\";s:3:\"web\";s:1:\"d\";N;s:1:\"r\";a:1:{i:0;i:1;}}i:59;a:5:{s:1:\"a\";i:60;s:1:\"b\";s:12:\"order-delete\";s:1:\"c\";s:3:\"web\";s:1:\"d\";N;s:1:\"r\";a:1:{i:0;i:1;}}i:60;a:5:{s:1:\"a\";i:61;s:1:\"b\";s:10:\"posts-list\";s:1:\"c\";s:3:\"web\";s:1:\"d\";N;s:1:\"r\";a:1:{i:0;i:1;}}i:61;a:5:{s:1:\"a\";i:62;s:1:\"b\";s:12:\"posts-create\";s:1:\"c\";s:3:\"web\";s:1:\"d\";N;s:1:\"r\";a:1:{i:0;i:1;}}i:62;a:5:{s:1:\"a\";i:63;s:1:\"b\";s:10:\"posts-edit\";s:1:\"c\";s:3:\"web\";s:1:\"d\";N;s:1:\"r\";a:1:{i:0;i:1;}}i:63;a:5:{s:1:\"a\";i:64;s:1:\"b\";s:12:\"posts-delete\";s:1:\"c\";s:3:\"web\";s:1:\"d\";N;s:1:\"r\";a:1:{i:0;i:1;}}i:64;a:5:{s:1:\"a\";i:65;s:1:\"b\";s:13:\"products-list\";s:1:\"c\";s:3:\"web\";s:1:\"d\";N;s:1:\"r\";a:1:{i:0;i:1;}}i:65;a:5:{s:1:\"a\";i:66;s:1:\"b\";s:15:\"products-create\";s:1:\"c\";s:3:\"web\";s:1:\"d\";N;s:1:\"r\";a:1:{i:0;i:1;}}i:66;a:5:{s:1:\"a\";i:67;s:1:\"b\";s:13:\"products-edit\";s:1:\"c\";s:3:\"web\";s:1:\"d\";N;s:1:\"r\";a:1:{i:0;i:1;}}i:67;a:5:{s:1:\"a\";i:68;s:1:\"b\";s:15:\"products-delete\";s:1:\"c\";s:3:\"web\";s:1:\"d\";N;s:1:\"r\";a:1:{i:0;i:1;}}i:68;a:5:{s:1:\"a\";i:69;s:1:\"b\";s:9:\"qlhs-list\";s:1:\"c\";s:3:\"web\";s:1:\"d\";N;s:1:\"r\";a:1:{i:0;i:1;}}i:69;a:5:{s:1:\"a\";i:70;s:1:\"b\";s:11:\"qlhs-create\";s:1:\"c\";s:3:\"web\";s:1:\"d\";N;s:1:\"r\";a:1:{i:0;i:1;}}i:70;a:5:{s:1:\"a\";i:71;s:1:\"b\";s:9:\"qlhs-edit\";s:1:\"c\";s:3:\"web\";s:1:\"d\";N;s:1:\"r\";a:1:{i:0;i:1;}}i:71;a:5:{s:1:\"a\";i:72;s:1:\"b\";s:11:\"qlhs-delete\";s:1:\"c\";s:3:\"web\";s:1:\"d\";N;s:1:\"r\";a:1:{i:0;i:1;}}i:72;a:5:{s:1:\"a\";i:73;s:1:\"b\";s:9:\"role-list\";s:1:\"c\";s:3:\"web\";s:1:\"d\";N;s:1:\"r\";a:1:{i:0;i:1;}}i:73;a:5:{s:1:\"a\";i:74;s:1:\"b\";s:11:\"role-create\";s:1:\"c\";s:3:\"web\";s:1:\"d\";N;s:1:\"r\";a:1:{i:0;i:1;}}i:74;a:5:{s:1:\"a\";i:75;s:1:\"b\";s:9:\"role-edit\";s:1:\"c\";s:3:\"web\";s:1:\"d\";N;s:1:\"r\";a:1:{i:0;i:1;}}i:75;a:5:{s:1:\"a\";i:76;s:1:\"b\";s:11:\"role-delete\";s:1:\"c\";s:3:\"web\";s:1:\"d\";N;s:1:\"r\";a:1:{i:0;i:1;}}i:76;a:5:{s:1:\"a\";i:77;s:1:\"b\";s:13:\"settings-list\";s:1:\"c\";s:3:\"web\";s:1:\"d\";N;s:1:\"r\";a:1:{i:0;i:1;}}i:77;a:5:{s:1:\"a\";i:78;s:1:\"b\";s:15:\"settings-create\";s:1:\"c\";s:3:\"web\";s:1:\"d\";N;s:1:\"r\";a:1:{i:0;i:1;}}i:78;a:5:{s:1:\"a\";i:79;s:1:\"b\";s:13:\"settings-edit\";s:1:\"c\";s:3:\"web\";s:1:\"d\";N;s:1:\"r\";a:1:{i:0;i:1;}}i:79;a:5:{s:1:\"a\";i:80;s:1:\"b\";s:15:\"settings-delete\";s:1:\"c\";s:3:\"web\";s:1:\"d\";N;s:1:\"r\";a:1:{i:0;i:1;}}i:80;a:5:{s:1:\"a\";i:81;s:1:\"b\";s:9:\"test-list\";s:1:\"c\";s:3:\"web\";s:1:\"d\";N;s:1:\"r\";a:1:{i:0;i:1;}}i:81;a:5:{s:1:\"a\";i:82;s:1:\"b\";s:11:\"test-create\";s:1:\"c\";s:3:\"web\";s:1:\"d\";N;s:1:\"r\";a:1:{i:0;i:1;}}i:82;a:5:{s:1:\"a\";i:83;s:1:\"b\";s:9:\"test-edit\";s:1:\"c\";s:3:\"web\";s:1:\"d\";N;s:1:\"r\";a:1:{i:0;i:1;}}i:83;a:5:{s:1:\"a\";i:84;s:1:\"b\";s:11:\"test-delete\";s:1:\"c\";s:3:\"web\";s:1:\"d\";N;s:1:\"r\";a:1:{i:0;i:1;}}i:84;a:5:{s:1:\"a\";i:85;s:1:\"b\";s:11:\"upload-list\";s:1:\"c\";s:3:\"web\";s:1:\"d\";N;s:1:\"r\";a:1:{i:0;i:1;}}i:85;a:5:{s:1:\"a\";i:86;s:1:\"b\";s:13:\"upload-create\";s:1:\"c\";s:3:\"web\";s:1:\"d\";N;s:1:\"r\";a:1:{i:0;i:1;}}i:86;a:5:{s:1:\"a\";i:87;s:1:\"b\";s:11:\"upload-edit\";s:1:\"c\";s:3:\"web\";s:1:\"d\";N;s:1:\"r\";a:1:{i:0;i:1;}}i:87;a:5:{s:1:\"a\";i:88;s:1:\"b\";s:13:\"upload-delete\";s:1:\"c\";s:3:\"web\";s:1:\"d\";N;s:1:\"r\";a:1:{i:0;i:1;}}i:88;a:5:{s:1:\"a\";i:89;s:1:\"b\";s:9:\"user-list\";s:1:\"c\";s:3:\"web\";s:1:\"d\";N;s:1:\"r\";a:1:{i:0;i:1;}}i:89;a:5:{s:1:\"a\";i:90;s:1:\"b\";s:11:\"user-create\";s:1:\"c\";s:3:\"web\";s:1:\"d\";N;s:1:\"r\";a:1:{i:0;i:1;}}i:90;a:5:{s:1:\"a\";i:91;s:1:\"b\";s:9:\"user-edit\";s:1:\"c\";s:3:\"web\";s:1:\"d\";N;s:1:\"r\";a:1:{i:0;i:1;}}i:91;a:5:{s:1:\"a\";i:92;s:1:\"b\";s:11:\"user-delete\";s:1:\"c\";s:3:\"web\";s:1:\"d\";N;s:1:\"r\";a:1:{i:0;i:1;}}i:92;a:5:{s:1:\"a\";i:93;s:1:\"b\";s:12:\"website-list\";s:1:\"c\";s:3:\"web\";s:1:\"d\";N;s:1:\"r\";a:1:{i:0;i:1;}}i:93;a:5:{s:1:\"a\";i:94;s:1:\"b\";s:14:\"website-create\";s:1:\"c\";s:3:\"web\";s:1:\"d\";N;s:1:\"r\";a:1:{i:0;i:1;}}i:94;a:5:{s:1:\"a\";i:95;s:1:\"b\";s:12:\"website-edit\";s:1:\"c\";s:3:\"web\";s:1:\"d\";N;s:1:\"r\";a:1:{i:0;i:1;}}i:95;a:5:{s:1:\"a\";i:96;s:1:\"b\";s:14:\"website-delete\";s:1:\"c\";s:3:\"web\";s:1:\"d\";N;s:1:\"r\";a:1:{i:0;i:1;}}}s:5:\"roles\";a:2:{i:0;a:3:{s:1:\"a\";i:1;s:1:\"b\";s:5:\"Admin\";s:1:\"c\";s:3:\"web\";}i:1;a:3:{s:1:\"a\";i:2;s:1:\"b\";s:4:\"User\";s:1:\"c\";s:3:\"web\";}}}',1762567485);
/*!40000 ALTER TABLE `cache` ENABLE KEYS */;
UNLOCK TABLES;

--
-- Table structure for table `cache_locks`
--

DROP TABLE IF EXISTS `cache_locks`;
/*!40101 SET @saved_cs_client     = @@character_set_client */;
/*!50503 SET character_set_client = utf8mb4 */;
CREATE TABLE `cache_locks` (
  `key` varchar(255) COLLATE utf8mb4_unicode_ci NOT NULL,
  `owner` varchar(255) COLLATE utf8mb4_unicode_ci NOT NULL,
  `expiration` int NOT NULL,
  PRIMARY KEY (`key`)
) ENGINE=InnoDB DEFAULT CHARSET=utf8mb4 COLLATE=utf8mb4_unicode_ci;
/*!40101 SET character_set_client = @saved_cs_client */;

--
-- Dumping data for table `cache_locks`
--

LOCK TABLES `cache_locks` WRITE;
/*!40000 ALTER TABLE `cache_locks` DISABLE KEYS */;
/*!40000 ALTER TABLE `cache_locks` ENABLE KEYS */;
UNLOCK TABLES;

--
-- Table structure for table `categories`
--

DROP TABLE IF EXISTS `categories`;
/*!40101 SET @saved_cs_client     = @@character_set_client */;
/*!50503 SET character_set_client = utf8mb4 */;
CREATE TABLE `categories` (
  `id` bigint unsigned NOT NULL AUTO_INCREMENT,
  `name` varchar(255) COLLATE utf8mb4_unicode_ci NOT NULL,
  `slug` varchar(255) COLLATE utf8mb4_unicode_ci DEFAULT NULL,
  `url` varchar(255) COLLATE utf8mb4_unicode_ci DEFAULT NULL,
  `icon` varchar(255) COLLATE utf8mb4_unicode_ci DEFAULT NULL,
  `can` varchar(255) COLLATE utf8mb4_unicode_ci DEFAULT NULL,
  `type` varchar(255) COLLATE utf8mb4_unicode_ci DEFAULT NULL,
  `parent_id` bigint unsigned DEFAULT NULL,
  `description` text COLLATE utf8mb4_unicode_ci,
  `image` varchar(255) COLLATE utf8mb4_unicode_ci DEFAULT NULL,
  `is_active` tinyint(1) NOT NULL DEFAULT '1',
  `sort_order` int unsigned NOT NULL DEFAULT '0',
  `meta_title` varchar(255) COLLATE utf8mb4_unicode_ci DEFAULT NULL,
  `meta_description` varchar(255) COLLATE utf8mb4_unicode_ci DEFAULT NULL,
  `created_at` timestamp NULL DEFAULT NULL,
  `updated_at` timestamp NULL DEFAULT NULL,
  PRIMARY KEY (`id`),
  UNIQUE KEY `categories_slug_unique` (`slug`),
  KEY `categories_parent_id_foreign` (`parent_id`),
  KEY `categories_type_index` (`type`),
  KEY `categories_is_active_index` (`is_active`),
  CONSTRAINT `categories_parent_id_foreign` FOREIGN KEY (`parent_id`) REFERENCES `categories` (`id`) ON DELETE SET NULL
) ENGINE=InnoDB AUTO_INCREMENT=17 DEFAULT CHARSET=utf8mb4 COLLATE=utf8mb4_unicode_ci;
/*!40101 SET character_set_client = @saved_cs_client */;

--
-- Dumping data for table `categories`
--

LOCK TABLES `categories` WRITE;
/*!40000 ALTER TABLE `categories` DISABLE KEYS */;
INSERT INTO `categories` VALUES (1,'Nhóm thuốc','nhom-thuoc',NULL,'medkit-outline',NULL,'category',NULL,'Danh mục chứa các nhóm thuốc tân dược',NULL,1,0,NULL,NULL,'2025-11-07 02:03:22','2025-11-07 02:03:22'),(2,'Chăm sóc cá nhân','cham-soc-ca-nhan',NULL,'person-outline',NULL,'category',1,'Sản phẩm hỗ trợ vệ sinh, chăm sóc cơ thể',NULL,1,0,NULL,NULL,'2025-11-07 02:03:22','2025-11-07 02:03:22'),(3,'Cơ, xương, khớp','co-xuong-khop',NULL,'fitness-outline',NULL,'category',1,'Nhóm thuốc điều trị bệnh lý về xương khớp',NULL,1,0,NULL,NULL,'2025-11-07 02:03:22','2025-11-07 02:03:22'),(4,'Da liễu','da-lieu',NULL,'color-palette-outline',NULL,'category',1,'Nhóm thuốc điều trị các bệnh về da',NULL,1,0,NULL,NULL,'2025-11-07 02:03:22','2025-11-07 02:03:22'),(5,'Dụng cụ y tế','dung-cu-y-te',NULL,'bandage-outline',NULL,'category',1,'Các dụng cụ và thiết bị y tế hỗ trợ chăm sóc sức khỏe',NULL,1,0,NULL,NULL,'2025-11-07 02:03:22','2025-11-07 02:03:22'),(6,'Đái tháo đường','dai-thao-duong',NULL,'water-outline',NULL,'category',1,'Thuốc điều trị và hỗ trợ kiểm soát đường huyết',NULL,1,0,NULL,NULL,'2025-11-07 02:03:22','2025-11-07 02:03:22'),(7,'Gan, mật','gan-mat',NULL,'leaf-outline',NULL,'category',1,'Nhóm thuốc hỗ trợ chức năng gan và mật',NULL,1,0,NULL,NULL,'2025-11-07 02:03:22','2025-11-07 02:03:22'),(8,'Giảm đau, hạ sốt, kháng viêm','giam-dau-ha-sot-khang-viem',NULL,'thermometer-outline',NULL,'category',1,'Thuốc giảm đau, hạ sốt và chống viêm',NULL,1,0,NULL,NULL,'2025-11-07 02:03:22','2025-11-07 02:03:22'),(9,'Hormon, sinh lý','hormon-sinh-ly',NULL,'male-female-outline',NULL,'category',1,'Nhóm thuốc nội tiết tố và hỗ trợ sinh lý',NULL,1,0,NULL,NULL,'2025-11-07 02:03:22','2025-11-07 02:03:22'),(10,'Hỗ trợ làm đẹp','ho-tro-lam-dep',NULL,'sparkles-outline',NULL,'category',1,'Sản phẩm hỗ trợ chăm sóc da và vóc dáng',NULL,1,0,NULL,NULL,'2025-11-07 02:03:22','2025-11-07 02:03:22'),(11,'Kháng Histamin (Chống dị ứng)','khang-histamin-chong-di-ung',NULL,'alert-circle-outline',NULL,'category',1,'Thuốc chống dị ứng và kháng histamin',NULL,1,0,NULL,NULL,'2025-11-07 02:03:22','2025-11-07 02:03:22'),(12,'Kháng vi sinh vật','khang-vi-sinh-vat',NULL,'bug-outline',NULL,'category',1,'Nhóm thuốc kháng sinh, kháng nấm, kháng virus',NULL,1,0,NULL,NULL,'2025-11-07 02:03:22','2025-11-07 02:03:22'),(13,'Máu, huyết học','mau-huyet-hoc',NULL,'water-outline',NULL,'category',1,'Nhóm thuốc điều trị các bệnh lý về máu',NULL,1,0,NULL,NULL,'2025-11-07 02:03:22','2025-11-07 02:03:22'),(14,'Mắt','mat',NULL,'eye-outline',NULL,'category',1,'Thuốc điều trị bệnh về mắt và hỗ trợ thị lực',NULL,1,0,NULL,NULL,'2025-11-07 02:03:22','2025-11-07 02:03:22'),(15,'Miếng dán, dầu, cao xoa','mieng-dan-dau-cao-xoa',NULL,'medkit-outline',NULL,'category',1,'Các sản phẩm giảm đau ngoài da, dầu và cao xoa',NULL,1,0,NULL,NULL,'2025-11-07 02:03:22','2025-11-07 02:03:22'),(16,'Não, thần kinh','nao-than-kinh',NULL,'brain-outline',NULL,'category',1,'Nhóm thuốc tác động lên hệ thần kinh và não bộ',NULL,1,0,NULL,NULL,'2025-11-07 02:03:22','2025-11-07 02:03:22');
/*!40000 ALTER TABLE `categories` ENABLE KEYS */;
UNLOCK TABLES;

--
-- Table structure for table `category_medicine`
--

DROP TABLE IF EXISTS `category_medicine`;
/*!40101 SET @saved_cs_client     = @@character_set_client */;
/*!50503 SET character_set_client = utf8mb4 */;
CREATE TABLE `category_medicine` (
  `id` bigint unsigned NOT NULL AUTO_INCREMENT,
  `category_id` bigint unsigned NOT NULL,
  `medicine_id` bigint unsigned NOT NULL,
  `created_at` timestamp NULL DEFAULT NULL,
  `updated_at` timestamp NULL DEFAULT NULL,
  PRIMARY KEY (`id`),
  UNIQUE KEY `category_medicine_category_id_medicine_id_unique` (`category_id`,`medicine_id`),
  KEY `category_medicine_medicine_id_foreign` (`medicine_id`),
  CONSTRAINT `category_medicine_category_id_foreign` FOREIGN KEY (`category_id`) REFERENCES `categories` (`id`) ON DELETE CASCADE,
  CONSTRAINT `category_medicine_medicine_id_foreign` FOREIGN KEY (`medicine_id`) REFERENCES `medicines` (`id`) ON DELETE CASCADE
) ENGINE=InnoDB AUTO_INCREMENT=82 DEFAULT CHARSET=utf8mb4 COLLATE=utf8mb4_unicode_ci;
/*!40101 SET character_set_client = @saved_cs_client */;

--
-- Dumping data for table `category_medicine`
--

LOCK TABLES `category_medicine` WRITE;
/*!40000 ALTER TABLE `category_medicine` DISABLE KEYS */;
INSERT INTO `category_medicine` VALUES (1,1,27,'2025-11-07 02:07:06','2025-11-07 02:07:06'),(2,3,27,'2025-11-07 02:07:07','2025-11-07 02:07:07'),(3,6,27,'2025-11-07 02:07:07','2025-11-07 02:07:07'),(4,1,26,'2025-11-07 02:07:07','2025-11-07 02:07:07'),(5,3,26,'2025-11-07 02:07:07','2025-11-07 02:07:07'),(6,6,26,'2025-11-07 02:07:07','2025-11-07 02:07:07'),(7,1,25,'2025-11-07 02:07:07','2025-11-07 02:07:07'),(8,3,25,'2025-11-07 02:07:07','2025-11-07 02:07:07'),(9,6,25,'2025-11-07 02:07:07','2025-11-07 02:07:07'),(10,1,24,'2025-11-07 02:07:07','2025-11-07 02:07:07'),(11,3,24,'2025-11-07 02:07:07','2025-11-07 02:07:07'),(12,6,24,'2025-11-07 02:07:07','2025-11-07 02:07:07'),(13,1,23,'2025-11-07 02:07:07','2025-11-07 02:07:07'),(14,3,23,'2025-11-07 02:07:07','2025-11-07 02:07:07'),(15,6,23,'2025-11-07 02:07:07','2025-11-07 02:07:07'),(16,1,22,'2025-11-07 02:07:07','2025-11-07 02:07:07'),(17,3,22,'2025-11-07 02:07:07','2025-11-07 02:07:07'),(18,6,22,'2025-11-07 02:07:07','2025-11-07 02:07:07'),(19,1,21,'2025-11-07 02:07:07','2025-11-07 02:07:07'),(20,3,21,'2025-11-07 02:07:07','2025-11-07 02:07:07'),(21,6,21,'2025-11-07 02:07:07','2025-11-07 02:07:07'),(22,1,20,'2025-11-07 02:07:07','2025-11-07 02:07:07'),(23,3,20,'2025-11-07 02:07:07','2025-11-07 02:07:07'),(24,6,20,'2025-11-07 02:07:07','2025-11-07 02:07:07'),(25,1,19,'2025-11-07 02:07:07','2025-11-07 02:07:07'),(26,3,19,'2025-11-07 02:07:07','2025-11-07 02:07:07'),(27,6,19,'2025-11-07 02:07:07','2025-11-07 02:07:07'),(28,1,18,'2025-11-07 02:07:07','2025-11-07 02:07:07'),(29,3,18,'2025-11-07 02:07:07','2025-11-07 02:07:07'),(30,6,18,'2025-11-07 02:07:07','2025-11-07 02:07:07'),(31,1,17,'2025-11-07 02:07:07','2025-11-07 02:07:07'),(32,3,17,'2025-11-07 02:07:07','2025-11-07 02:07:07'),(33,6,17,'2025-11-07 02:07:07','2025-11-07 02:07:07'),(34,1,16,'2025-11-07 02:07:07','2025-11-07 02:07:07'),(35,3,16,'2025-11-07 02:07:07','2025-11-07 02:07:07'),(36,6,16,'2025-11-07 02:07:07','2025-11-07 02:07:07'),(37,1,15,'2025-11-07 02:07:07','2025-11-07 02:07:07'),(38,3,15,'2025-11-07 02:07:07','2025-11-07 02:07:07'),(39,6,15,'2025-11-07 02:07:07','2025-11-07 02:07:07'),(40,1,14,'2025-11-07 02:07:07','2025-11-07 02:07:07'),(41,3,14,'2025-11-07 02:07:07','2025-11-07 02:07:07'),(42,6,14,'2025-11-07 02:07:07','2025-11-07 02:07:07'),(43,1,13,'2025-11-07 02:07:07','2025-11-07 02:07:07'),(44,3,13,'2025-11-07 02:07:08','2025-11-07 02:07:08'),(45,6,13,'2025-11-07 02:07:08','2025-11-07 02:07:08'),(46,1,12,'2025-11-07 02:07:08','2025-11-07 02:07:08'),(47,3,12,'2025-11-07 02:07:08','2025-11-07 02:07:08'),(48,6,12,'2025-11-07 02:07:08','2025-11-07 02:07:08'),(49,1,11,'2025-11-07 02:07:08','2025-11-07 02:07:08'),(50,3,11,'2025-11-07 02:07:08','2025-11-07 02:07:08'),(51,6,11,'2025-11-07 02:07:08','2025-11-07 02:07:08'),(52,1,10,'2025-11-07 02:07:08','2025-11-07 02:07:08'),(53,3,10,'2025-11-07 02:07:08','2025-11-07 02:07:08'),(54,6,10,'2025-11-07 02:07:08','2025-11-07 02:07:08'),(55,1,9,'2025-11-07 02:07:08','2025-11-07 02:07:08'),(56,3,9,'2025-11-07 02:07:08','2025-11-07 02:07:08'),(57,6,9,'2025-11-07 02:07:08','2025-11-07 02:07:08'),(58,1,8,'2025-11-07 02:07:08','2025-11-07 02:07:08'),(59,3,8,'2025-11-07 02:07:08','2025-11-07 02:07:08'),(60,6,8,'2025-11-07 02:07:08','2025-11-07 02:07:08'),(61,1,7,'2025-11-07 02:07:08','2025-11-07 02:07:08'),(62,3,7,'2025-11-07 02:07:08','2025-11-07 02:07:08'),(63,6,7,'2025-11-07 02:07:08','2025-11-07 02:07:08'),(64,1,6,'2025-11-07 02:07:08','2025-11-07 02:07:08'),(65,3,6,'2025-11-07 02:07:08','2025-11-07 02:07:08'),(66,6,6,'2025-11-07 02:07:08','2025-11-07 02:07:08'),(67,1,5,'2025-11-07 02:07:08','2025-11-07 02:07:08'),(68,3,5,'2025-11-07 02:07:08','2025-11-07 02:07:08'),(69,6,5,'2025-11-07 02:07:08','2025-11-07 02:07:08'),(70,1,4,'2025-11-07 02:07:08','2025-11-07 02:07:08'),(71,3,4,'2025-11-07 02:07:08','2025-11-07 02:07:08'),(72,6,4,'2025-11-07 02:07:08','2025-11-07 02:07:08'),(73,1,3,'2025-11-07 02:07:08','2025-11-07 02:07:08'),(74,3,3,'2025-11-07 02:07:08','2025-11-07 02:07:08'),(75,6,3,'2025-11-07 02:07:08','2025-11-07 02:07:08'),(76,1,2,'2025-11-07 02:07:08','2025-11-07 02:07:08'),(77,3,2,'2025-11-07 02:07:08','2025-11-07 02:07:08'),(78,6,2,'2025-11-07 02:07:08','2025-11-07 02:07:08'),(79,1,1,'2025-11-07 02:07:08','2025-11-07 02:07:08'),(80,3,1,'2025-11-07 02:07:08','2025-11-07 02:07:08'),(81,6,1,'2025-11-07 02:07:08','2025-11-07 02:07:08');
/*!40000 ALTER TABLE `category_medicine` ENABLE KEYS */;
UNLOCK TABLES;

--
-- Table structure for table `category_product`
--

DROP TABLE IF EXISTS `category_product`;
/*!40101 SET @saved_cs_client     = @@character_set_client */;
/*!50503 SET character_set_client = utf8mb4 */;
CREATE TABLE `category_product` (
  `category_id` bigint unsigned NOT NULL,
  `product_id` bigint unsigned NOT NULL,
  `created_at` timestamp NULL DEFAULT NULL,
  `updated_at` timestamp NULL DEFAULT NULL,
  PRIMARY KEY (`category_id`,`product_id`),
  KEY `category_product_product_id_foreign` (`product_id`),
  CONSTRAINT `category_product_category_id_foreign` FOREIGN KEY (`category_id`) REFERENCES `categories` (`id`) ON DELETE CASCADE,
  CONSTRAINT `category_product_product_id_foreign` FOREIGN KEY (`product_id`) REFERENCES `wp_products` (`id`) ON DELETE CASCADE
) ENGINE=InnoDB DEFAULT CHARSET=utf8mb4 COLLATE=utf8mb4_unicode_ci;
/*!40101 SET character_set_client = @saved_cs_client */;

--
-- Dumping data for table `category_product`
--

LOCK TABLES `category_product` WRITE;
/*!40000 ALTER TABLE `category_product` DISABLE KEYS */;
/*!40000 ALTER TABLE `category_product` ENABLE KEYS */;
UNLOCK TABLES;

--
-- Table structure for table `clients`
--

DROP TABLE IF EXISTS `clients`;
/*!40101 SET @saved_cs_client     = @@character_set_client */;
/*!50503 SET character_set_client = utf8mb4 */;
CREATE TABLE `clients` (
  `id` bigint unsigned NOT NULL AUTO_INCREMENT,
  `name` varchar(250) COLLATE utf8mb4_unicode_ci NOT NULL,
  `age` int NOT NULL,
  `address` varchar(250) COLLATE utf8mb4_unicode_ci NOT NULL,
  `married` tinyint(1) NOT NULL,
  `country_id` bigint unsigned DEFAULT NULL,
  `created_at` timestamp NULL DEFAULT NULL,
  `updated_at` timestamp NULL DEFAULT NULL,
  PRIMARY KEY (`id`),
  KEY `clients_country_id_foreign` (`country_id`),
  CONSTRAINT `clients_country_id_foreign` FOREIGN KEY (`country_id`) REFERENCES `countries` (`id`) ON DELETE SET NULL
) ENGINE=InnoDB DEFAULT CHARSET=utf8mb4 COLLATE=utf8mb4_unicode_ci;
/*!40101 SET character_set_client = @saved_cs_client */;

--
-- Dumping data for table `clients`
--

LOCK TABLES `clients` WRITE;
/*!40000 ALTER TABLE `clients` DISABLE KEYS */;
/*!40000 ALTER TABLE `clients` ENABLE KEYS */;
UNLOCK TABLES;

--
-- Table structure for table `comments`
--

DROP TABLE IF EXISTS `comments`;
/*!40101 SET @saved_cs_client     = @@character_set_client */;
/*!50503 SET character_set_client = utf8mb4 */;
CREATE TABLE `comments` (
  `id` bigint unsigned NOT NULL AUTO_INCREMENT,
  `post_id` bigint unsigned NOT NULL,
  `comment` varchar(255) COLLATE utf8mb4_unicode_ci NOT NULL,
  `created_at` timestamp NULL DEFAULT NULL,
  `updated_at` timestamp NULL DEFAULT NULL,
  PRIMARY KEY (`id`),
  KEY `comments_post_id_foreign` (`post_id`),
  CONSTRAINT `comments_post_id_foreign` FOREIGN KEY (`post_id`) REFERENCES `posts` (`id`)
) ENGINE=InnoDB DEFAULT CHARSET=utf8mb4 COLLATE=utf8mb4_unicode_ci;
/*!40101 SET character_set_client = @saved_cs_client */;

--
-- Dumping data for table `comments`
--

LOCK TABLES `comments` WRITE;
/*!40000 ALTER TABLE `comments` DISABLE KEYS */;
/*!40000 ALTER TABLE `comments` ENABLE KEYS */;
UNLOCK TABLES;

--
-- Table structure for table `community_messages`
--

DROP TABLE IF EXISTS `community_messages`;
/*!40101 SET @saved_cs_client     = @@character_set_client */;
/*!50503 SET character_set_client = utf8mb4 */;
CREATE TABLE `community_messages` (
  `id` bigint unsigned NOT NULL AUTO_INCREMENT,
  `user_id` bigint unsigned NOT NULL,
  `message` text COLLATE utf8mb4_unicode_ci NOT NULL,
  `created_at` timestamp NULL DEFAULT NULL,
  `updated_at` timestamp NULL DEFAULT NULL,
  PRIMARY KEY (`id`),
  KEY `community_messages_user_id_foreign` (`user_id`),
  CONSTRAINT `community_messages_user_id_foreign` FOREIGN KEY (`user_id`) REFERENCES `users` (`id`) ON DELETE CASCADE
) ENGINE=InnoDB DEFAULT CHARSET=utf8mb4 COLLATE=utf8mb4_unicode_ci;
/*!40101 SET character_set_client = @saved_cs_client */;

--
-- Dumping data for table `community_messages`
--

LOCK TABLES `community_messages` WRITE;
/*!40000 ALTER TABLE `community_messages` DISABLE KEYS */;
/*!40000 ALTER TABLE `community_messages` ENABLE KEYS */;
UNLOCK TABLES;

--
-- Table structure for table `contact_orders`
--

DROP TABLE IF EXISTS `contact_orders`;
/*!40101 SET @saved_cs_client     = @@character_set_client */;
/*!50503 SET character_set_client = utf8mb4 */;
CREATE TABLE `contact_orders` (
  `id` bigint unsigned NOT NULL AUTO_INCREMENT,
  `full_name` varchar(255) COLLATE utf8mb4_unicode_ci NOT NULL,
  `email` varchar(255) COLLATE utf8mb4_unicode_ci NOT NULL,
  `phone` varchar(255) COLLATE utf8mb4_unicode_ci NOT NULL,
  `user_type` varchar(255) COLLATE utf8mb4_unicode_ci NOT NULL,
  `message` text COLLATE utf8mb4_unicode_ci,
  `created_at` timestamp NULL DEFAULT NULL,
  `updated_at` timestamp NULL DEFAULT NULL,
  PRIMARY KEY (`id`)
) ENGINE=InnoDB DEFAULT CHARSET=utf8mb4 COLLATE=utf8mb4_unicode_ci;
/*!40101 SET character_set_client = @saved_cs_client */;

--
-- Dumping data for table `contact_orders`
--

LOCK TABLES `contact_orders` WRITE;
/*!40000 ALTER TABLE `contact_orders` DISABLE KEYS */;
/*!40000 ALTER TABLE `contact_orders` ENABLE KEYS */;
UNLOCK TABLES;

--
-- Table structure for table `contact_sellers`
--

DROP TABLE IF EXISTS `contact_sellers`;
/*!40101 SET @saved_cs_client     = @@character_set_client */;
/*!50503 SET character_set_client = utf8mb4 */;
CREATE TABLE `contact_sellers` (
  `id` bigint unsigned NOT NULL AUTO_INCREMENT,
  `user_type` varchar(255) COLLATE utf8mb4_unicode_ci DEFAULT NULL,
  `name` varchar(255) COLLATE utf8mb4_unicode_ci NOT NULL,
  `email` varchar(255) COLLATE utf8mb4_unicode_ci NOT NULL,
  `subject` varchar(255) COLLATE utf8mb4_unicode_ci NOT NULL,
  `message` text COLLATE utf8mb4_unicode_ci NOT NULL,
  `files` text COLLATE utf8mb4_unicode_ci,
  `created_at` timestamp NULL DEFAULT NULL,
  `updated_at` timestamp NULL DEFAULT NULL,
  PRIMARY KEY (`id`)
) ENGINE=InnoDB DEFAULT CHARSET=utf8mb4 COLLATE=utf8mb4_unicode_ci;
/*!40101 SET character_set_client = @saved_cs_client */;

--
-- Dumping data for table `contact_sellers`
--

LOCK TABLES `contact_sellers` WRITE;
/*!40000 ALTER TABLE `contact_sellers` DISABLE KEYS */;
/*!40000 ALTER TABLE `contact_sellers` ENABLE KEYS */;
UNLOCK TABLES;

--
-- Table structure for table `countries`
--

DROP TABLE IF EXISTS `countries`;
/*!40101 SET @saved_cs_client     = @@character_set_client */;
/*!50503 SET character_set_client = utf8mb4 */;
CREATE TABLE `countries` (
  `id` bigint unsigned NOT NULL AUTO_INCREMENT,
  `name` varchar(250) COLLATE utf8mb4_unicode_ci NOT NULL,
  `created_at` timestamp NULL DEFAULT NULL,
  `updated_at` timestamp NULL DEFAULT NULL,
  PRIMARY KEY (`id`)
) ENGINE=InnoDB DEFAULT CHARSET=utf8mb4 COLLATE=utf8mb4_unicode_ci;
/*!40101 SET character_set_client = @saved_cs_client */;

--
-- Dumping data for table `countries`
--

LOCK TABLES `countries` WRITE;
/*!40000 ALTER TABLE `countries` DISABLE KEYS */;
/*!40000 ALTER TABLE `countries` ENABLE KEYS */;
UNLOCK TABLES;

--
-- Table structure for table `events`
--

DROP TABLE IF EXISTS `events`;
/*!40101 SET @saved_cs_client     = @@character_set_client */;
/*!50503 SET character_set_client = utf8mb4 */;
CREATE TABLE `events` (
  `id` bigint unsigned NOT NULL AUTO_INCREMENT,
  `title` varchar(255) COLLATE utf8mb4_unicode_ci NOT NULL,
  `start` date NOT NULL,
  `end` date NOT NULL,
  `created_at` timestamp NULL DEFAULT NULL,
  `updated_at` timestamp NULL DEFAULT NULL,
  PRIMARY KEY (`id`)
) ENGINE=InnoDB DEFAULT CHARSET=utf8mb4 COLLATE=utf8mb4_unicode_ci;
/*!40101 SET character_set_client = @saved_cs_client */;

--
-- Dumping data for table `events`
--

LOCK TABLES `events` WRITE;
/*!40000 ALTER TABLE `events` DISABLE KEYS */;
/*!40000 ALTER TABLE `events` ENABLE KEYS */;
UNLOCK TABLES;

--
-- Table structure for table `failed_jobs`
--

DROP TABLE IF EXISTS `failed_jobs`;
/*!40101 SET @saved_cs_client     = @@character_set_client */;
/*!50503 SET character_set_client = utf8mb4 */;
CREATE TABLE `failed_jobs` (
  `id` bigint unsigned NOT NULL AUTO_INCREMENT,
  `uuid` varchar(255) COLLATE utf8mb4_unicode_ci NOT NULL,
  `connection` text COLLATE utf8mb4_unicode_ci NOT NULL,
  `queue` text COLLATE utf8mb4_unicode_ci NOT NULL,
  `payload` longtext COLLATE utf8mb4_unicode_ci NOT NULL,
  `exception` longtext COLLATE utf8mb4_unicode_ci NOT NULL,
  `failed_at` timestamp NOT NULL DEFAULT CURRENT_TIMESTAMP,
  PRIMARY KEY (`id`),
  UNIQUE KEY `failed_jobs_uuid_unique` (`uuid`)
) ENGINE=InnoDB DEFAULT CHARSET=utf8mb4 COLLATE=utf8mb4_unicode_ci;
/*!40101 SET character_set_client = @saved_cs_client */;

--
-- Dumping data for table `failed_jobs`
--

LOCK TABLES `failed_jobs` WRITE;
/*!40000 ALTER TABLE `failed_jobs` DISABLE KEYS */;
/*!40000 ALTER TABLE `failed_jobs` ENABLE KEYS */;
UNLOCK TABLES;

--
-- Table structure for table `hocsinhs`
--

DROP TABLE IF EXISTS `hocsinhs`;
/*!40101 SET @saved_cs_client     = @@character_set_client */;
/*!50503 SET character_set_client = utf8mb4 */;
CREATE TABLE `hocsinhs` (
  `id` bigint unsigned NOT NULL AUTO_INCREMENT,
  `stt` int DEFAULT NULL,
  `lop` varchar(255) COLLATE utf8mb4_unicode_ci DEFAULT NULL,
  `ho_va_ten` varchar(255) COLLATE utf8mb4_unicode_ci NOT NULL,
  `ngay_sinh` date DEFAULT NULL,
  `gioi_tinh` varchar(255) COLLATE utf8mb4_unicode_ci DEFAULT NULL,
  `ma_dinh_danh_hoc_sinh` varchar(255) COLLATE utf8mb4_unicode_ci NOT NULL,
  `gvcn` varchar(255) COLLATE utf8mb4_unicode_ci DEFAULT NULL,
  `bao_mau` varchar(255) COLLATE utf8mb4_unicode_ci DEFAULT NULL,
  `created_at` timestamp NULL DEFAULT NULL,
  `updated_at` timestamp NULL DEFAULT NULL,
  PRIMARY KEY (`id`),
  UNIQUE KEY `hocsinhs_ma_dinh_danh_hoc_sinh_unique` (`ma_dinh_danh_hoc_sinh`)
) ENGINE=InnoDB DEFAULT CHARSET=utf8mb4 COLLATE=utf8mb4_unicode_ci;
/*!40101 SET character_set_client = @saved_cs_client */;

--
-- Dumping data for table `hocsinhs`
--

LOCK TABLES `hocsinhs` WRITE;
/*!40000 ALTER TABLE `hocsinhs` DISABLE KEYS */;
/*!40000 ALTER TABLE `hocsinhs` ENABLE KEYS */;
UNLOCK TABLES;

--
-- Table structure for table `image_gallery`
--

DROP TABLE IF EXISTS `image_gallery`;
/*!40101 SET @saved_cs_client     = @@character_set_client */;
/*!50503 SET character_set_client = utf8mb4 */;
CREATE TABLE `image_gallery` (
  `id` int unsigned NOT NULL AUTO_INCREMENT,
  `title` varchar(255) COLLATE utf8mb4_unicode_ci NOT NULL,
  `image` varchar(255) COLLATE utf8mb4_unicode_ci NOT NULL,
  `created_at` timestamp NULL DEFAULT NULL,
  `updated_at` timestamp NULL DEFAULT NULL,
  PRIMARY KEY (`id`)
) ENGINE=InnoDB DEFAULT CHARSET=utf8mb4 COLLATE=utf8mb4_unicode_ci;
/*!40101 SET character_set_client = @saved_cs_client */;

--
-- Dumping data for table `image_gallery`
--

LOCK TABLES `image_gallery` WRITE;
/*!40000 ALTER TABLE `image_gallery` DISABLE KEYS */;
/*!40000 ALTER TABLE `image_gallery` ENABLE KEYS */;
UNLOCK TABLES;

--
-- Table structure for table `images`
--

DROP TABLE IF EXISTS `images`;
/*!40101 SET @saved_cs_client     = @@character_set_client */;
/*!50503 SET character_set_client = utf8mb4 */;
CREATE TABLE `images` (
  `id` bigint unsigned NOT NULL AUTO_INCREMENT,
  `name` varchar(255) COLLATE utf8mb4_unicode_ci NOT NULL,
  `filesize` varchar(255) COLLATE utf8mb4_unicode_ci NOT NULL,
  `path` varchar(255) COLLATE utf8mb4_unicode_ci NOT NULL,
  `created_at` timestamp NULL DEFAULT NULL,
  `updated_at` timestamp NULL DEFAULT NULL,
  PRIMARY KEY (`id`)
) ENGINE=InnoDB DEFAULT CHARSET=utf8mb4 COLLATE=utf8mb4_unicode_ci;
/*!40101 SET character_set_client = @saved_cs_client */;

--
-- Dumping data for table `images`
--

LOCK TABLES `images` WRITE;
/*!40000 ALTER TABLE `images` DISABLE KEYS */;
/*!40000 ALTER TABLE `images` ENABLE KEYS */;
UNLOCK TABLES;

--
-- Table structure for table `job_batches`
--

DROP TABLE IF EXISTS `job_batches`;
/*!40101 SET @saved_cs_client     = @@character_set_client */;
/*!50503 SET character_set_client = utf8mb4 */;
CREATE TABLE `job_batches` (
  `id` varchar(255) COLLATE utf8mb4_unicode_ci NOT NULL,
  `name` varchar(255) COLLATE utf8mb4_unicode_ci NOT NULL,
  `total_jobs` int NOT NULL,
  `pending_jobs` int NOT NULL,
  `failed_jobs` int NOT NULL,
  `failed_job_ids` longtext COLLATE utf8mb4_unicode_ci NOT NULL,
  `options` mediumtext COLLATE utf8mb4_unicode_ci,
  `cancelled_at` int DEFAULT NULL,
  `created_at` int NOT NULL,
  `finished_at` int DEFAULT NULL,
  PRIMARY KEY (`id`)
) ENGINE=InnoDB DEFAULT CHARSET=utf8mb4 COLLATE=utf8mb4_unicode_ci;
/*!40101 SET character_set_client = @saved_cs_client */;

--
-- Dumping data for table `job_batches`
--

LOCK TABLES `job_batches` WRITE;
/*!40000 ALTER TABLE `job_batches` DISABLE KEYS */;
/*!40000 ALTER TABLE `job_batches` ENABLE KEYS */;
UNLOCK TABLES;

--
-- Table structure for table `jobs`
--

DROP TABLE IF EXISTS `jobs`;
/*!40101 SET @saved_cs_client     = @@character_set_client */;
/*!50503 SET character_set_client = utf8mb4 */;
CREATE TABLE `jobs` (
  `id` bigint unsigned NOT NULL AUTO_INCREMENT,
  `queue` varchar(255) COLLATE utf8mb4_unicode_ci NOT NULL,
  `payload` longtext COLLATE utf8mb4_unicode_ci NOT NULL,
  `attempts` tinyint unsigned NOT NULL,
  `reserved_at` int unsigned DEFAULT NULL,
  `available_at` int unsigned NOT NULL,
  `created_at` int unsigned NOT NULL,
  PRIMARY KEY (`id`),
  KEY `jobs_queue_index` (`queue`)
) ENGINE=InnoDB DEFAULT CHARSET=utf8mb4 COLLATE=utf8mb4_unicode_ci;
/*!40101 SET character_set_client = @saved_cs_client */;

--
-- Dumping data for table `jobs`
--

LOCK TABLES `jobs` WRITE;
/*!40000 ALTER TABLE `jobs` DISABLE KEYS */;
/*!40000 ALTER TABLE `jobs` ENABLE KEYS */;
UNLOCK TABLES;

--
-- Table structure for table `medicine_stock_logs`
--

DROP TABLE IF EXISTS `medicine_stock_logs`;
/*!40101 SET @saved_cs_client     = @@character_set_client */;
/*!50503 SET character_set_client = utf8mb4 */;
CREATE TABLE `medicine_stock_logs` (
  `id` bigint unsigned NOT NULL AUTO_INCREMENT,
  `medicine_stock_id` bigint unsigned NOT NULL,
  `type` enum('in','out') COLLATE utf8mb4_unicode_ci NOT NULL,
  `quantity` int NOT NULL,
  `note` text COLLATE utf8mb4_unicode_ci,
  `created_at` timestamp NULL DEFAULT NULL,
  `updated_at` timestamp NULL DEFAULT NULL,
  PRIMARY KEY (`id`),
  KEY `medicine_stock_logs_medicine_stock_id_foreign` (`medicine_stock_id`),
  CONSTRAINT `medicine_stock_logs_medicine_stock_id_foreign` FOREIGN KEY (`medicine_stock_id`) REFERENCES `medicine_stocks` (`id`) ON DELETE CASCADE
) ENGINE=InnoDB DEFAULT CHARSET=utf8mb4 COLLATE=utf8mb4_unicode_ci;
/*!40101 SET character_set_client = @saved_cs_client */;

--
-- Dumping data for table `medicine_stock_logs`
--

LOCK TABLES `medicine_stock_logs` WRITE;
/*!40000 ALTER TABLE `medicine_stock_logs` DISABLE KEYS */;
/*!40000 ALTER TABLE `medicine_stock_logs` ENABLE KEYS */;
UNLOCK TABLES;

--
-- Table structure for table `medicine_stocks`
--

DROP TABLE IF EXISTS `medicine_stocks`;
/*!40101 SET @saved_cs_client     = @@character_set_client */;
/*!50503 SET character_set_client = utf8mb4 */;
CREATE TABLE `medicine_stocks` (
  `id` bigint unsigned NOT NULL AUTO_INCREMENT,
  `medicine_id` bigint unsigned NOT NULL,
  `so_lo` varchar(50) COLLATE utf8mb4_unicode_ci NOT NULL DEFAULT 'số lô chưa có',
  `han_dung` timestamp NOT NULL DEFAULT CURRENT_TIMESTAMP,
  `so_luong` int NOT NULL DEFAULT '0',
  `gia_von` decimal(10,2) DEFAULT NULL,
  `don_gia` decimal(10,2) DEFAULT NULL,
  `status` varchar(255) COLLATE utf8mb4_unicode_ci NOT NULL DEFAULT 'available',
  `location` varchar(100) COLLATE utf8mb4_unicode_ci DEFAULT NULL,
  `notes` text COLLATE utf8mb4_unicode_ci,
  `created_at` timestamp NULL DEFAULT NULL,
  `updated_at` timestamp NULL DEFAULT NULL,
  PRIMARY KEY (`id`),
  UNIQUE KEY `medicine_stocks_medicine_id_so_lo_han_dung_unique` (`medicine_id`,`so_lo`,`han_dung`),
  CONSTRAINT `medicine_stocks_medicine_id_foreign` FOREIGN KEY (`medicine_id`) REFERENCES `medicines` (`id`) ON DELETE CASCADE
) ENGINE=InnoDB AUTO_INCREMENT=28 DEFAULT CHARSET=utf8mb4 COLLATE=utf8mb4_unicode_ci;
/*!40101 SET character_set_client = @saved_cs_client */;

--
-- Dumping data for table `medicine_stocks`
--

LOCK TABLES `medicine_stocks` WRITE;
/*!40000 ALTER TABLE `medicine_stocks` DISABLE KEYS */;
INSERT INTO `medicine_stocks` VALUES (1,1,'071125','2027-11-06 17:00:00',96,2800.00,7690.00,'available','Kho A','Lô nhập tự động','2025-11-07 05:47:00','2025-11-07 05:47:00'),(2,2,'071125','2027-11-06 17:00:00',186,6800.00,15400.00,'available','Kho A','Lô nhập tự động','2025-11-07 05:47:00','2025-11-07 05:47:00'),(3,3,'071125','2027-11-06 17:00:00',158,3750.00,7791.00,'available','Kho A','Lô nhập tự động','2025-11-07 05:47:00','2025-11-07 05:47:00'),(4,4,'071125','2027-11-06 17:00:00',54,3400.00,6800.00,'available','Kho A','Lô nhập tự động','2025-11-07 05:47:00','2025-11-07 05:47:00'),(5,5,'071125','2027-11-06 17:00:00',86,1050.00,4000.00,'available','Kho A','Lô nhập tự động','2025-11-07 05:47:00','2025-11-07 05:47:00'),(6,6,'071125','2027-11-06 17:00:00',67,32000.00,62000.00,'available','Kho A','Lô nhập tự động','2025-11-07 05:47:00','2025-11-07 05:47:00'),(7,7,'071125','2027-11-06 17:00:00',88,36600.00,98000.00,'available','Kho A','Lô nhập tự động','2025-11-07 05:47:00','2025-11-07 05:47:00'),(8,8,'071125','2027-11-06 17:00:00',149,2843.00,4550.00,'available','Kho A','Lô nhập tự động','2025-11-07 05:47:00','2025-11-07 05:47:00'),(9,9,'071125','2027-11-06 17:00:00',90,25000.00,49000.00,'available','Kho A','Lô nhập tự động','2025-11-07 05:47:00','2025-11-07 05:47:00'),(10,10,'071125','2027-11-06 17:00:00',133,13500.00,26000.00,'available','Kho A','Lô nhập tự động','2025-11-07 05:47:00','2025-11-07 05:47:00'),(11,11,'071125','2027-11-06 17:00:00',194,13000.00,30000.00,'available','Kho A','Lô nhập tự động','2025-11-07 05:47:00','2025-11-07 05:47:00'),(12,12,'071125','2027-11-06 17:00:00',60,15000.00,30000.00,'in_stock','Kho A','Lô nhập tự động','2025-11-07 05:47:00','2025-11-07 05:47:09'),(13,13,'071125','2027-11-06 17:00:00',108,24000.00,65000.00,'available','Kho A','Lô nhập tự động','2025-11-07 05:47:00','2025-11-07 05:47:00'),(14,14,'071125','2027-11-06 17:00:00',189,1980.00,4760.00,'available','Kho A','Lô nhập tự động','2025-11-07 05:47:00','2025-11-07 05:47:00'),(15,15,'071125','2027-11-06 17:00:00',143,4218.00,9000.00,'in_stock','Kho A','Lô nhập tự động','2025-11-07 05:47:00','2025-11-07 05:47:09'),(16,16,'071125','2027-11-06 17:00:00',83,13000.00,40000.00,'available','Kho A','Lô nhập tự động','2025-11-07 05:47:00','2025-11-07 05:47:00'),(17,17,'071125','2027-11-06 17:00:00',194,58000.00,98000.00,'available','Kho A','Lô nhập tự động','2025-11-07 05:47:00','2025-11-07 05:47:00'),(18,18,'071125','2027-11-06 17:00:00',195,31000.00,74500.00,'available','Kho A','Lô nhập tự động','2025-11-07 05:47:00','2025-11-07 05:47:00'),(19,19,'071125','2027-11-06 17:00:00',189,23000.00,54500.00,'available','Kho A','Lô nhập tự động','2025-11-07 05:47:00','2025-11-07 05:47:00'),(20,20,'071125','2027-11-06 17:00:00',125,92000.00,135000.00,'available','Kho A','Lô nhập tự động','2025-11-07 05:47:00','2025-11-07 05:47:00'),(21,21,'071125','2027-11-06 17:00:00',61,1909.00,6900.00,'available','Kho A','Lô nhập tự động','2025-11-07 05:47:00','2025-11-07 05:47:00'),(22,22,'071125','2027-11-06 17:00:00',152,43000.00,130000.00,'available','Kho A','Lô nhập tự động','2025-11-07 05:47:00','2025-11-07 05:47:00'),(23,23,'071125','2027-11-06 17:00:00',122,5343.00,10000.00,'available','Kho A','Lô nhập tự động','2025-11-07 05:47:00','2025-11-07 05:47:00'),(24,24,'071125','2027-11-06 17:00:00',122,16000.00,40000.00,'available','Kho A','Lô nhập tự động','2025-11-07 05:47:00','2025-11-07 05:47:00'),(25,25,'071125','2027-11-06 17:00:00',151,2290.00,6000.00,'available','Kho A','Lô nhập tự động','2025-11-07 05:47:01','2025-11-07 05:47:01'),(26,26,'071125','2027-11-06 17:00:00',184,1681.00,52000.00,'available','Kho A','Lô nhập tự động','2025-11-07 05:47:01','2025-11-07 05:47:01'),(27,27,'071125','2027-11-06 17:00:00',196,4000.00,16000.00,'available','Kho A','Lô nhập tự động','2025-11-07 05:47:01','2025-11-07 05:47:01');
/*!40000 ALTER TABLE `medicine_stocks` ENABLE KEYS */;
UNLOCK TABLES;

--
-- Table structure for table `medicines`
--

DROP TABLE IF EXISTS `medicines`;
/*!40101 SET @saved_cs_client     = @@character_set_client */;
/*!50503 SET character_set_client = utf8mb4 */;
CREATE TABLE `medicines` (
  `id` bigint unsigned NOT NULL AUTO_INCREMENT,
  `stt_tt20_2022` int DEFAULT NULL,
  `phan_nhom_tt15` varchar(20) COLLATE utf8mb4_unicode_ci DEFAULT NULL,
  `ten_hoat_chat` varchar(255) COLLATE utf8mb4_unicode_ci DEFAULT NULL,
  `nong_do_ham_luong` varchar(150) COLLATE utf8mb4_unicode_ci DEFAULT NULL,
  `ten_biet_duoc` varchar(255) COLLATE utf8mb4_unicode_ci DEFAULT NULL,
  `dang_bao_che` varchar(150) COLLATE utf8mb4_unicode_ci DEFAULT NULL,
  `duong_dung` varchar(50) COLLATE utf8mb4_unicode_ci DEFAULT NULL,
  `don_vi_tinh` varchar(50) COLLATE utf8mb4_unicode_ci DEFAULT NULL,
  `quy_cach_dong_goi` varchar(255) COLLATE utf8mb4_unicode_ci DEFAULT NULL,
  `giay_phep_luu_hanh` varchar(100) COLLATE utf8mb4_unicode_ci DEFAULT NULL,
  `han_dung` varchar(255) COLLATE utf8mb4_unicode_ci DEFAULT NULL,
  `co_so_san_xuat` varchar(255) COLLATE utf8mb4_unicode_ci DEFAULT NULL,
  `nuoc_san_xuat` varchar(100) COLLATE utf8mb4_unicode_ci DEFAULT NULL,
  `gia_ke_khai` decimal(10,2) DEFAULT NULL,
  `don_gia` decimal(10,2) DEFAULT NULL,
  `gia_von` decimal(10,2) DEFAULT NULL,
  `trang_thai_trung_thau` tinyint(1) NOT NULL DEFAULT '0',
  `nha_phan_phoi` varchar(255) COLLATE utf8mb4_unicode_ci DEFAULT NULL,
  `nhom_thuoc` varchar(255) COLLATE utf8mb4_unicode_ci DEFAULT NULL,
  `link_hinh_anh` varchar(255) COLLATE utf8mb4_unicode_ci DEFAULT NULL,
  `link_hssp` varchar(255) COLLATE utf8mb4_unicode_ci DEFAULT NULL,
  `han_dung_visa` varchar(255) COLLATE utf8mb4_unicode_ci DEFAULT NULL,
  `han_dung_gmp` varchar(255) COLLATE utf8mb4_unicode_ci DEFAULT NULL,
  `created_at` timestamp NULL DEFAULT NULL,
  `updated_at` timestamp NULL DEFAULT NULL,
  PRIMARY KEY (`id`)
) ENGINE=InnoDB AUTO_INCREMENT=28 DEFAULT CHARSET=utf8mb4 COLLATE=utf8mb4_unicode_ci;
/*!40101 SET character_set_client = @saved_cs_client */;

--
-- Dumping data for table `medicines`
--

LOCK TABLES `medicines` WRITE;
/*!40000 ALTER TABLE `medicines` DISABLE KEYS */;
INSERT INTO `medicines` VALUES (1,72,'1','Piroxicam 20mg','20mg','Reumoxican','viên hòa tan nhanh','Uống','Viên','Hộp 6 vỉ x 10 viên','560110011523','36 tháng','Farmalabor – Produtos Farmacêuticos, S.A','Portugal',7690.00,7690.00,2800.00,1,'','','images/thuoc.png','','','','2025-11-07 02:03:25','2025-11-07 02:03:25'),(2,548,'1','Telmisartan + Hydrochlothiazid','80mg + 12.5mg','Anvo-Telmisartan HCTZ 80/12,5mg','Viên nén','Uống','Viên','Hộp 2 vỉ x 7 viên','840110178923','36 tháng','Laboratorios Liconsa, S.A','Spain',15500.00,15400.00,6800.00,1,'','','images/thuoc.png','','','','2025-11-07 02:03:25','2025-11-07 02:03:25'),(3,48,'1','Meloxicam','15mg','Trosicam 15mg','Viên nén phân tán tại miệng','Uống','Viên','Hộp 3 vỉ x 10 viên','VN-20104-16','36 tháng','Alpex Pharma SA.','Thụy Sĩ',8500.00,7791.00,3750.00,1,'','','images/thuoc.png','','','','2025-11-07 02:03:25','2025-11-07 02:03:25'),(4,155,'1','Pregabalin','25mg','Pregabakern 25mg','Viên nang cứng','Uống','Viên','Hộp 4 vỉ x 14 viên','VN-22830-21','36 tháng','Kern Pharma S.L. Tây Ban Nha','Spain',8000.00,6800.00,3400.00,1,'','','images/thuoc.png','','','','2025-11-07 02:03:25','2025-11-07 02:03:25'),(5,427,'2','Alfuzosin HCl','2,5mg','Gourcuff-2,5','Viên nén bao phim','Uống','Viên','Hộp 10 vỉ x 10 viên','893110660724(VD-28911-18)','36 tháng','Công ty cổ phần dược phẩm Đạt Vi Phú, VN','Việt Nam',4200.00,4000.00,1050.00,1,'','','images/thuoc.png','','','','2025-11-07 02:03:25','2025-11-07 02:03:25'),(6,317,'2','Metronidazole 200mg','200mg','Monizol','Hỗn dịch uống','Uống','Chai 60ml','Hộp 1 chai','VN-22077-19','36 tháng','Gracure Pharmaceuticals Ltd India, India','India',62000.00,62000.00,32000.00,1,'','','images/thuoc.png','','','','2025-11-07 02:03:25','2025-11-07 02:03:25'),(7,43,'2','Ibuprofen','20mg/ml','Unafen','Hỗn dịch uống,','Uống','Chai 100ml','Hộp 1 chai','VN-21873-19','36 tháng','Gracure Pharmaceuticals Ltd India, India','India',98000.00,98000.00,36600.00,1,'','','images/thuoc.png','','','','2025-11-07 02:03:25','2025-11-07 02:03:25'),(8,169,'4','Amoxicilin (dưới dạng Amoxicilin trihydrat); Acid Clavulanic (dưới dạng Kali clavulanat + avicel (1:1))','(400mg; 57mg)/2,1g','Midantin 400/57','Bột pha hỗn dịch uống','Uống','Gói 2,1g','Hộp 12 gói','VD-35204-21','36 tháng','Công ty cổ phần dược phẩm Minh Dân','Việt Nam',4550.00,4550.00,2843.00,1,'','','images/thuoc.png','','','','2025-11-07 02:03:25','2025-11-07 02:03:25'),(9,962,'4','Mỗi 5ml chứa: Salbutamol (dưới dạng Salbutamol Sulfat)','2mg/5ml; 150ml','Sallet','Hỗn dịch uống,','Uống','Lọ 150ml','Hộp 1 lọ','VD-34495-20','24 tháng','Công ty cổ phần Dược VTYT Hà Nam','Việt Nam',49000.00,49000.00,25000.00,1,'','','images/thuoc.png','','','','2025-11-07 02:03:25','2025-11-07 02:03:25'),(10,317,'2','Metronidazol + Chloramphenicol + Nystatin + Dexamethasone acetate','225mg + 100mg+75mg+0,5mg','GENTUSI','Đặt âm đạo','Viên đặt âm đạo','Viên','Hộp 2 vỉ x 5 viên','VN-16635-13','24 tháng','Farmaprim Ltd/Moldova','Moldova',26000.00,26000.00,13500.00,1,'','','images/thuoc.png','','','','2025-11-07 02:03:25','2025-11-07 02:03:25'),(11,968,'4','Ambroxol','30mg/5ml, chai 50ml','Justone 30 Mg/5 ml','Dung dịch uống','Uống','Chai 50ml','Hộp 1 chai','893100153400','30 tháng','Công ty Cổ phần Medcen, Việt Nam','Việt Nam',30000.00,30000.00,13000.00,0,'','','images/thuoc.png','','','','2025-11-07 02:03:25','2025-11-07 02:03:25'),(12,968,'4','Ambroxol','30mg/5ml, chai 50ml','AMBROXOL - H','Siro thuốc','Uống','Lọ','Hộp 1 lọ siro thuốc','VD-30742-18','36 tháng','Công ty CP dược TW2, Việt Nam','Việt Nam',30000.00,30000.00,15000.00,1,'','','images/thuoc.png','','','','2025-11-07 02:03:25','2025-11-07 02:03:25'),(13,968,'4','Ambroxol','30mg/5ml, chai 90ml','AMBROXOL - H','Siro thuốc','Uống','Lọ','Hộp 1 lọ siro thuốc','VD-30742-18','36 tháng','Công ty CP dược TW2, Việt Nam','Việt Nam',67000.00,65000.00,24000.00,1,'','','images/thuoc.png','','','','2025-11-07 02:03:25','2025-11-07 02:03:25'),(14,1007,'4','Calci carbonat (tương đương với 500mg Calci)+ Vitamin D3 (Colecalciferol)','Calci carbonat (tương đương với 500mg Calci) + Vitamin D3 (Colecalciferol)','Centocalcium vitamin D','Thuốc bột uống','Uống','Gói 2,5g','Hộp 20 gói','VD-22498-15','36 tháng','Công ty Cổ phần Dược phẩm OPV - Việt Nam','Việt Nam',4760.00,4760.00,1980.00,1,'','','images/thuoc.png','','','','2025-11-07 02:03:25','2025-11-07 02:03:25'),(15,501,'3','Amlodipine 5mg - Atorvastatin 20mg','5mg/20mg','Toduet','Viên nén bao phim','Uống','Viên','Hộp 3 vỉ x 10 viên nén bao phim','893110367524','36 tháng','Công ty CPDP Trường Thọ, Việt Nam','Việt Nam',9000.00,9000.00,4218.00,1,'','','images/thuoc.png','','','','2025-11-07 02:03:25','2025-11-07 02:03:25'),(16,675,'4','Famotidin','20mg/2ml','Famotidin 20mg/2ml','Dung dich tiêm','Tiêm','ống 2ml','Hộp 10 ống','893110150900','36 tháng','Công ty cổ phần Dược vật tư y tế Hải Dương','Việt Nam',40000.00,40000.00,13000.00,1,'','','images/thuoc.png','','','','2025-11-07 02:03:25','2025-11-07 02:03:25'),(17,43,'1','Ibuprofen','20mg/ml','Goldridons','Hỗn dịch uống','Uống','Chai 100ml','Hộp 1 chai','560100424523','36 tháng','Farmalabor-Produtos Farmacêuticos, S.A (Fab.). Portugal','Portugal',103000.00,98000.00,58000.00,1,'','','images/thuoc.png','','','','2025-11-07 02:03:25','2025-11-07 02:03:25'),(18,134,'4','Noradrenalin','8mg/8ml','Noradrenalin 8mg/8ml','dung dịch đậm đặc pha tiêm','Tiêm','ống 8ml','Hộp 2 vỉ x 5 ống','893110251024','36 tháng','Công ty cổ phần dược phẩm Vĩnh Phúc','Việt Nam',125000.00,74500.00,31000.00,1,'','','images/thuoc.png','','','','2025-11-07 02:03:25','2025-11-07 02:03:25'),(19,134,'4','Noradrenalin','5mg/5ml','Noradrenalin 5mg/5ml','dung dịch đậm đặc pha tiêm','Tiêm','ống 5ml','Hộp 2 vỉ x 5 ống','893110250924','36 tháng','Công ty cổ phần dược phẩm Vĩnh Phúc','Việt Nam',85000.00,54500.00,23000.00,1,'','','images/thuoc.png','','','','2025-11-07 02:03:25','2025-11-07 02:03:25'),(20,134,'1','Noradrenaline (dưới dạng Noradrenaline tartrate)','10mg/10ml','Noradrenaline Kalceks 1mg/ml concentrate for solution for infusion','Dung dịch đậm đặc pha tiêm truyền','Tiêm','ống 10ml','Hộp 10 ống','858110353424','24 tháng','Cơ sở sản xuất, đóng gói và kiểm nghiệm: HBM Pharma s.r.o. - Cơ sở xuất xưởng: Joint Stock Company \"Kalceks\", Slovakia','Slovakia',135000.00,135000.00,92000.00,1,'','','images/thuoc.png','','','','2025-11-07 02:03:25','2025-11-07 02:03:25'),(21,949,'4','Piracetam 600mg','600mg','Saihasin','Dung dịch uống','Uống','Ống 5ml','Hộp 4 vỉ x 5 ống','VD-25526-16','36 tháng','Công ty cổ phần dược phẩm Hà Tây','Việt Nam',6950.00,6900.00,NULL,1,'','','images/thuoc.png','','','','2025-11-07 02:03:25','2025-11-07 02:03:25'),(22,NULL,'4','Mỗi 5ml chứa: Ambroxol hydroclorid 7,5mg; Clenbuterol hydroclorid 0,005mg','7,5mg/5ml ; 0,005mg/5ml','Amburol 7.5','Sirô uống','Uống','Chai 70ml','Hộp 01 chai','893110292324','36 tháng','Công ty Liên doanh Meyer-BPC, Việt Nam','Việt Nam',130000.00,130000.00,43000.00,1,'','','images/thuoc.png','','','','2025-11-07 02:03:25','2025-11-07 02:03:25'),(23,529,'2','Irbesartan + hydroclorothiazide','300mg + 25mg','IRBEZYD H 300/25','Viên,','Uống','Viên','Hộp 3 vỉ x 10 viên','VN-15750-12','36 tháng','Zydus Lifesciences Limited, India','India',10920.00,10000.00,5343.00,1,'','','images/thuoc.png','','','','2025-11-07 02:03:25','2025-11-07 02:03:25'),(24,949,'4','Mỗi 60ml chứa: Piracetam 6000mg','6000mg','Ceretrop 10%','Sirô','Uống','Chai 60ml','Hộp 1 chai','VD-26978-17','36 tháng','Công ty Cổ phần Dược phẩm OPV','Việt Nam',40000.00,40000.00,16000.00,1,'','','images/thuoc.png','','','','2025-11-07 02:03:25','2025-11-07 02:03:25'),(25,778,'4','Dapagliflozin (dưới dạng dapagliflozin propanediol monohydrate 12,30mg) 10mg','10 mg','Zandyrine 10 mg','Viên nén bao phim','Uống','Viên','Hộp 3 vỉ x 10 viên','893110223823','36 Tháng','Công ty TNHH DRP Inter / Việt Nam','Việt Nam',12000.00,6000.00,2290.00,1,'','','images/thuoc.png','','','','2025-11-07 02:03:25','2025-11-07 02:03:25'),(26,96,'2','Cetirizine Hydrochlorid','1mg/ml','Alesof','Dung dịch uống','Uống','Chai 60ml','Hộp 1 chai kèm cốc phân liều','890100316125','36 Tháng','XL Laboratories Private Limited','India',52000.00,52000.00,NULL,0,'','','images/thuoc.png','','','','2025-11-07 02:03:25','2025-11-07 02:03:25'),(27,450,'4','Sắt nguyên tố (dưới dạng phức hợp sắt (III) hydroxide polymaltose)','50mg/5ml','Furemin','Sirô','Uống','Gói 10ml','Hộp 20 gói','893100084825','24 tháng','Công ty cổ phần dược phẩm Thành Phát','Việt Nam',16000.00,16000.00,4000.00,0,'','','images/thuoc.png','','','','2025-11-07 02:03:25','2025-11-07 02:03:25');
/*!40000 ALTER TABLE `medicines` ENABLE KEYS */;
UNLOCK TABLES;

--
-- Table structure for table `messages`
--

DROP TABLE IF EXISTS `messages`;
/*!40101 SET @saved_cs_client     = @@character_set_client */;
/*!50503 SET character_set_client = utf8mb4 */;
CREATE TABLE `messages` (
  `id` bigint unsigned NOT NULL AUTO_INCREMENT,
  `from_id` bigint unsigned NOT NULL,
  `to_id` bigint unsigned NOT NULL,
  `message` text COLLATE utf8mb4_unicode_ci NOT NULL,
  `created_at` timestamp NULL DEFAULT NULL,
  `updated_at` timestamp NULL DEFAULT NULL,
  PRIMARY KEY (`id`),
  KEY `messages_from_id_foreign` (`from_id`),
  KEY `messages_to_id_foreign` (`to_id`),
  CONSTRAINT `messages_from_id_foreign` FOREIGN KEY (`from_id`) REFERENCES `users` (`id`) ON DELETE CASCADE,
  CONSTRAINT `messages_to_id_foreign` FOREIGN KEY (`to_id`) REFERENCES `users` (`id`) ON DELETE CASCADE
) ENGINE=InnoDB DEFAULT CHARSET=utf8mb4 COLLATE=utf8mb4_unicode_ci;
/*!40101 SET character_set_client = @saved_cs_client */;

--
-- Dumping data for table `messages`
--

LOCK TABLES `messages` WRITE;
/*!40000 ALTER TABLE `messages` DISABLE KEYS */;
/*!40000 ALTER TABLE `messages` ENABLE KEYS */;
UNLOCK TABLES;

--
-- Table structure for table `migrations`
--

DROP TABLE IF EXISTS `migrations`;
/*!40101 SET @saved_cs_client     = @@character_set_client */;
/*!50503 SET character_set_client = utf8mb4 */;
CREATE TABLE `migrations` (
  `id` int unsigned NOT NULL AUTO_INCREMENT,
  `migration` varchar(255) COLLATE utf8mb4_unicode_ci NOT NULL,
  `batch` int NOT NULL,
  PRIMARY KEY (`id`)
) ENGINE=InnoDB AUTO_INCREMENT=47 DEFAULT CHARSET=utf8mb4 COLLATE=utf8mb4_unicode_ci;
/*!40101 SET character_set_client = @saved_cs_client */;

--
-- Dumping data for table `migrations`
--

LOCK TABLES `migrations` WRITE;
/*!40000 ALTER TABLE `migrations` DISABLE KEYS */;
INSERT INTO `migrations` VALUES (1,'0001_01_01_000000_create_users_table',1),(2,'0001_01_01_000001_create_cache_table',1),(3,'0001_01_01_000002_create_jobs_table',1),(4,'2024_05_10_144003_create_permission_tables',1),(5,'2024_09_20_082435_create_personal_access_tokens_table',1),(6,'2024_09_30_135531_create_questions_table',1),(7,'2024_10_01_061418_create_question_sets_table',1),(8,'2024_10_13_052113_create_wp_options_table',1),(9,'2024_10_13_053346_create_options_table',1),(10,'2025_03_05_133103_create_uploaded_files_table',1),(11,'2025_03_27_063243_create_countries_table',1),(12,'2025_03_27_063336_create_clients_table',1),(13,'2025_07_01_072815_create_terms_tables',1),(14,'2025_07_07_093635_create_products_table',1),(15,'2025_07_08_063635_create_posts_table',1),(16,'2025_07_08_064831_create_notifications_table',1),(17,'2025_07_14_070521_create_images_table',1),(18,'2025_07_17_042819_create_products_table',1),(19,'2025_07_21_044532_create_image_gallery_table',1),(20,'2025_07_21_071317_create_administrative_units_table',1),(21,'2025_07_22_065900_create_provinces_table',1),(22,'2025_07_22_065911_create_wards_table',1),(23,'2025_07_22_071311_create_administrative_regions_table',1),(24,'2025_07_26_144544_create_comments_table',1),(25,'2025_07_26_150712_create_phones_table',1),(26,'2025_07_26_151827_create_role_user_table',1),(27,'2025_08_22_075156_create_messages_table',1),(28,'2025_08_25_033558_create_hocsinhs_table',1),(29,'2025_08_26_091350_create_events_table',1),(30,'2025_08_28_030537_create_community_messages_table',1),(31,'2025_09_14_021027_create_categories_table',1),(32,'2025_09_18_035248_create_wp-products_table',1),(33,'2025_09_18_041803_create_category_product_table',1),(34,'2025_10_02_041326_create_contact_orders_table',1),(35,'2025_10_02_062350_create_contact_sellers_table',1),(36,'2025_10_06_054828_create_temp_tokens_table',1),(37,'2025_10_16_122238_create_orders_table',1),(38,'2025_10_19_053937_create_medicines_table',1),(39,'2025_10_20_104304_create_category_medicine_table',1),(40,'2025_10_28_125833_create_bang_bao_gia_table',1),(41,'2025_11_01_212539_password_reset_tokens',1),(42,'2025_11_01_212629_sessions',1),(43,'2025_11_06_160255_user_options',1),(45,'2025_11_07_055532_medicine_stock_logs',1),(46,'2025_11_07_051345_medicine_stocks',2);
/*!40000 ALTER TABLE `migrations` ENABLE KEYS */;
UNLOCK TABLES;

--
-- Table structure for table `model_has_permissions`
--

DROP TABLE IF EXISTS `model_has_permissions`;
/*!40101 SET @saved_cs_client     = @@character_set_client */;
/*!50503 SET character_set_client = utf8mb4 */;
CREATE TABLE `model_has_permissions` (
  `permission_id` bigint unsigned NOT NULL,
  `model_type` varchar(255) COLLATE utf8mb4_unicode_ci NOT NULL,
  `model_id` bigint unsigned NOT NULL,
  PRIMARY KEY (`permission_id`,`model_id`,`model_type`),
  KEY `model_has_permissions_model_id_model_type_index` (`model_id`,`model_type`),
  CONSTRAINT `model_has_permissions_permission_id_foreign` FOREIGN KEY (`permission_id`) REFERENCES `permissions` (`id`) ON DELETE CASCADE
) ENGINE=InnoDB DEFAULT CHARSET=utf8mb4 COLLATE=utf8mb4_unicode_ci;
/*!40101 SET character_set_client = @saved_cs_client */;

--
-- Dumping data for table `model_has_permissions`
--

LOCK TABLES `model_has_permissions` WRITE;
/*!40000 ALTER TABLE `model_has_permissions` DISABLE KEYS */;
/*!40000 ALTER TABLE `model_has_permissions` ENABLE KEYS */;
UNLOCK TABLES;

--
-- Table structure for table `model_has_roles`
--

DROP TABLE IF EXISTS `model_has_roles`;
/*!40101 SET @saved_cs_client     = @@character_set_client */;
/*!50503 SET character_set_client = utf8mb4 */;
CREATE TABLE `model_has_roles` (
  `role_id` bigint unsigned NOT NULL,
  `model_type` varchar(255) COLLATE utf8mb4_unicode_ci NOT NULL,
  `model_id` bigint unsigned NOT NULL,
  PRIMARY KEY (`role_id`,`model_id`,`model_type`),
  KEY `model_has_roles_model_id_model_type_index` (`model_id`,`model_type`),
  CONSTRAINT `model_has_roles_role_id_foreign` FOREIGN KEY (`role_id`) REFERENCES `roles` (`id`) ON DELETE CASCADE
) ENGINE=InnoDB DEFAULT CHARSET=utf8mb4 COLLATE=utf8mb4_unicode_ci;
/*!40101 SET character_set_client = @saved_cs_client */;

--
-- Dumping data for table `model_has_roles`
--

LOCK TABLES `model_has_roles` WRITE;
/*!40000 ALTER TABLE `model_has_roles` DISABLE KEYS */;
/*!40000 ALTER TABLE `model_has_roles` ENABLE KEYS */;
UNLOCK TABLES;

--
-- Table structure for table `notifications`
--

DROP TABLE IF EXISTS `notifications`;
/*!40101 SET @saved_cs_client     = @@character_set_client */;
/*!50503 SET character_set_client = utf8mb4 */;
CREATE TABLE `notifications` (
  `id` char(36) COLLATE utf8mb4_unicode_ci NOT NULL,
  `type` varchar(255) COLLATE utf8mb4_unicode_ci NOT NULL,
  `notifiable_type` varchar(255) COLLATE utf8mb4_unicode_ci NOT NULL,
  `notifiable_id` bigint unsigned NOT NULL,
  `data` text COLLATE utf8mb4_unicode_ci NOT NULL,
  `read_at` timestamp NULL DEFAULT NULL,
  `created_at` timestamp NULL DEFAULT NULL,
  `updated_at` timestamp NULL DEFAULT NULL,
  PRIMARY KEY (`id`),
  KEY `notifications_notifiable_type_notifiable_id_index` (`notifiable_type`,`notifiable_id`)
) ENGINE=InnoDB DEFAULT CHARSET=utf8mb4 COLLATE=utf8mb4_unicode_ci;
/*!40101 SET character_set_client = @saved_cs_client */;

--
-- Dumping data for table `notifications`
--

LOCK TABLES `notifications` WRITE;
/*!40000 ALTER TABLE `notifications` DISABLE KEYS */;
/*!40000 ALTER TABLE `notifications` ENABLE KEYS */;
UNLOCK TABLES;

--
-- Table structure for table `options`
--

DROP TABLE IF EXISTS `options`;
/*!40101 SET @saved_cs_client     = @@character_set_client */;
/*!50503 SET character_set_client = utf8mb4 */;
CREATE TABLE `options` (
  `id` bigint unsigned NOT NULL AUTO_INCREMENT,
  `optionable_type` varchar(255) COLLATE utf8mb4_unicode_ci NOT NULL,
  `optionable_id` bigint unsigned NOT NULL,
  `option_name` varchar(191) COLLATE utf8mb4_unicode_ci NOT NULL,
  `option_value` json DEFAULT NULL,
  `autoload` varchar(20) COLLATE utf8mb4_unicode_ci NOT NULL DEFAULT 'no',
  `created_at` timestamp NULL DEFAULT NULL,
  `updated_at` timestamp NULL DEFAULT NULL,
  PRIMARY KEY (`id`),
  UNIQUE KEY `options_optionable_id_optionable_type_option_name_unique` (`optionable_id`,`optionable_type`,`option_name`),
  KEY `options_optionable_type_optionable_id_index` (`optionable_type`,`optionable_id`),
  KEY `options_option_name_index` (`option_name`)
) ENGINE=InnoDB AUTO_INCREMENT=3 DEFAULT CHARSET=utf8mb4 COLLATE=utf8mb4_unicode_ci;
/*!40101 SET character_set_client = @saved_cs_client */;

--
-- Dumping data for table `options`
--

LOCK TABLES `options` WRITE;
/*!40000 ALTER TABLE `options` DISABLE KEYS */;
INSERT INTO `options` VALUES (1,'App\\Models\\User',20,'profile','{\"bio\": \"\", \"job\": \"\", \"gender\": \"\", \"birthdate\": \"\", \"full_name\": \"\"}','no','2025-11-07 04:24:55','2025-11-07 04:24:55'),(2,'App\\Models\\User',20,'shipping_info','{\"email\": \"hutrapharma@gmail.com\", \"phone\": \"0876445599\", \"address\": \"36 Nguyễn Minh Hoàng, phường Bảy Hiền, Tp.HCM\", \"tax_code\": \"0317193865\", \"company_name\": \"Công Ty TNNH Dược Phẩm Hutra\"}','no','2025-11-07 04:24:55','2025-11-07 04:24:55');
/*!40000 ALTER TABLE `options` ENABLE KEYS */;
UNLOCK TABLES;

--
-- Table structure for table `orders`
--

DROP TABLE IF EXISTS `orders`;
/*!40101 SET @saved_cs_client     = @@character_set_client */;
/*!50503 SET character_set_client = utf8mb4 */;
CREATE TABLE `orders` (
  `id` bigint unsigned NOT NULL AUTO_INCREMENT,
  `email` varchar(255) COLLATE utf8mb4_unicode_ci NOT NULL,
  `user_id` bigint unsigned NOT NULL,
  `customer_id` bigint unsigned DEFAULT NULL,
  `order_detail` json NOT NULL,
  `total` decimal(12,2) NOT NULL,
  `status` enum('pending','confirmed','cancelled','finished') COLLATE utf8mb4_unicode_ci NOT NULL DEFAULT 'pending',
  `order_note` text COLLATE utf8mb4_unicode_ci,
  `admin_note` text COLLATE utf8mb4_unicode_ci,
  `link_download` varchar(255) COLLATE utf8mb4_unicode_ci DEFAULT NULL,
  `created_at` timestamp NULL DEFAULT NULL,
  `updated_at` timestamp NULL DEFAULT NULL,
  PRIMARY KEY (`id`)
) ENGINE=InnoDB AUTO_INCREMENT=17 DEFAULT CHARSET=utf8mb4 COLLATE=utf8mb4_unicode_ci;
/*!40101 SET character_set_client = @saved_cs_client */;

--
-- Dumping data for table `orders`
--

LOCK TABLES `orders` WRITE;
/*!40000 ALTER TABLE `orders` DISABLE KEYS */;
/*!40000 ALTER TABLE `orders` ENABLE KEYS */;
UNLOCK TABLES;

--
-- Table structure for table `password_reset_tokens`
--

DROP TABLE IF EXISTS `password_reset_tokens`;
/*!40101 SET @saved_cs_client     = @@character_set_client */;
/*!50503 SET character_set_client = utf8mb4 */;
CREATE TABLE `password_reset_tokens` (
  `email` varchar(255) COLLATE utf8mb4_unicode_ci NOT NULL,
  `token` varchar(255) COLLATE utf8mb4_unicode_ci NOT NULL,
  `created_at` timestamp NULL DEFAULT NULL,
  PRIMARY KEY (`email`)
) ENGINE=InnoDB DEFAULT CHARSET=utf8mb4 COLLATE=utf8mb4_unicode_ci;
/*!40101 SET character_set_client = @saved_cs_client */;

--
-- Dumping data for table `password_reset_tokens`
--

LOCK TABLES `password_reset_tokens` WRITE;
/*!40000 ALTER TABLE `password_reset_tokens` DISABLE KEYS */;
/*!40000 ALTER TABLE `password_reset_tokens` ENABLE KEYS */;
UNLOCK TABLES;

--
-- Table structure for table `permissions`
--

DROP TABLE IF EXISTS `permissions`;
/*!40101 SET @saved_cs_client     = @@character_set_client */;
/*!50503 SET character_set_client = utf8mb4 */;
CREATE TABLE `permissions` (
  `id` bigint unsigned NOT NULL AUTO_INCREMENT,
  `name` varchar(255) COLLATE utf8mb4_unicode_ci NOT NULL,
  `guard_name` varchar(255) COLLATE utf8mb4_unicode_ci NOT NULL,
  `module` varchar(255) COLLATE utf8mb4_unicode_ci DEFAULT NULL,
  `created_at` timestamp NULL DEFAULT NULL,
  `updated_at` timestamp NULL DEFAULT NULL,
  PRIMARY KEY (`id`),
  UNIQUE KEY `permissions_name_guard_name_unique` (`name`,`guard_name`)
) ENGINE=InnoDB AUTO_INCREMENT=97 DEFAULT CHARSET=utf8mb4 COLLATE=utf8mb4_unicode_ci;
/*!40101 SET character_set_client = @saved_cs_client */;

--
-- Dumping data for table `permissions`
--

LOCK TABLES `permissions` WRITE;
/*!40000 ALTER TABLE `permissions` DISABLE KEYS */;
INSERT INTO `permissions` VALUES (1,'admin-list','web',NULL,'2025-11-07 02:03:04','2025-11-07 02:03:04'),(2,'admin-create','web',NULL,'2025-11-07 02:03:04','2025-11-07 02:03:04'),(3,'admin-edit','web',NULL,'2025-11-07 02:03:04','2025-11-07 02:03:04'),(4,'admin-delete','web',NULL,'2025-11-07 02:03:04','2025-11-07 02:03:04'),(5,'auth-list','web',NULL,'2025-11-07 02:03:04','2025-11-07 02:03:04'),(6,'auth-create','web',NULL,'2025-11-07 02:03:04','2025-11-07 02:03:04'),(7,'auth-edit','web',NULL,'2025-11-07 02:03:04','2025-11-07 02:03:04'),(8,'auth-delete','web',NULL,'2025-11-07 02:03:04','2025-11-07 02:03:04'),(9,'banggia-list','web',NULL,'2025-11-07 02:03:04','2025-11-07 02:03:04'),(10,'banggia-create','web',NULL,'2025-11-07 02:03:04','2025-11-07 02:03:04'),(11,'banggia-edit','web',NULL,'2025-11-07 02:03:04','2025-11-07 02:03:04'),(12,'banggia-delete','web',NULL,'2025-11-07 02:03:04','2025-11-07 02:03:04'),(13,'categories-list','web',NULL,'2025-11-07 02:03:04','2025-11-07 02:03:04'),(14,'categories-create','web',NULL,'2025-11-07 02:03:04','2025-11-07 02:03:04'),(15,'categories-edit','web',NULL,'2025-11-07 02:03:04','2025-11-07 02:03:04'),(16,'categories-delete','web',NULL,'2025-11-07 02:03:05','2025-11-07 02:03:05'),(17,'chat-list','web',NULL,'2025-11-07 02:03:05','2025-11-07 02:03:05'),(18,'chat-create','web',NULL,'2025-11-07 02:03:05','2025-11-07 02:03:05'),(19,'chat-edit','web',NULL,'2025-11-07 02:03:05','2025-11-07 02:03:05'),(20,'chat-delete','web',NULL,'2025-11-07 02:03:05','2025-11-07 02:03:05'),(21,'components-list','web',NULL,'2025-11-07 02:03:05','2025-11-07 02:03:05'),(22,'components-create','web',NULL,'2025-11-07 02:03:05','2025-11-07 02:03:05'),(23,'components-edit','web',NULL,'2025-11-07 02:03:05','2025-11-07 02:03:05'),(24,'components-delete','web',NULL,'2025-11-07 02:03:05','2025-11-07 02:03:05'),(25,'example-list','web',NULL,'2025-11-07 02:03:05','2025-11-07 02:03:05'),(26,'example-create','web',NULL,'2025-11-07 02:03:05','2025-11-07 02:03:05'),(27,'example-edit','web',NULL,'2025-11-07 02:03:05','2025-11-07 02:03:05'),(28,'example-delete','web',NULL,'2025-11-07 02:03:05','2025-11-07 02:03:05'),(29,'file-list','web',NULL,'2025-11-07 02:03:05','2025-11-07 02:03:05'),(30,'file-create','web',NULL,'2025-11-07 02:03:05','2025-11-07 02:03:05'),(31,'file-edit','web',NULL,'2025-11-07 02:03:05','2025-11-07 02:03:05'),(32,'file-delete','web',NULL,'2025-11-07 02:03:05','2025-11-07 02:03:05'),(33,'help-list','web',NULL,'2025-11-07 02:03:05','2025-11-07 02:03:05'),(34,'help-create','web',NULL,'2025-11-07 02:03:05','2025-11-07 02:03:05'),(35,'help-edit','web',NULL,'2025-11-07 02:03:05','2025-11-07 02:03:05'),(36,'help-delete','web',NULL,'2025-11-07 02:03:05','2025-11-07 02:03:05'),(37,'mail-list','web',NULL,'2025-11-07 02:03:05','2025-11-07 02:03:05'),(38,'mail-create','web',NULL,'2025-11-07 02:03:05','2025-11-07 02:03:05'),(39,'mail-edit','web',NULL,'2025-11-07 02:03:05','2025-11-07 02:03:05'),(40,'mail-delete','web',NULL,'2025-11-07 02:03:06','2025-11-07 02:03:06'),(41,'medicine-list','web',NULL,'2025-11-07 02:03:06','2025-11-07 02:03:06'),(42,'medicine-create','web',NULL,'2025-11-07 02:03:06','2025-11-07 02:03:06'),(43,'medicine-edit','web',NULL,'2025-11-07 02:03:06','2025-11-07 02:03:06'),(44,'medicine-delete','web',NULL,'2025-11-07 02:03:06','2025-11-07 02:03:06'),(45,'menu-list','web',NULL,'2025-11-07 02:03:06','2025-11-07 02:03:06'),(46,'menu-create','web',NULL,'2025-11-07 02:03:06','2025-11-07 02:03:06'),(47,'menu-edit','web',NULL,'2025-11-07 02:03:06','2025-11-07 02:03:06'),(48,'menu-delete','web',NULL,'2025-11-07 02:03:06','2025-11-07 02:03:06'),(49,'ntd-list','web',NULL,'2025-11-07 02:03:06','2025-11-07 02:03:06'),(50,'ntd-create','web',NULL,'2025-11-07 02:03:06','2025-11-07 02:03:06'),(51,'ntd-edit','web',NULL,'2025-11-07 02:03:06','2025-11-07 02:03:06'),(52,'ntd-delete','web',NULL,'2025-11-07 02:03:06','2025-11-07 02:03:06'),(53,'options-list','web',NULL,'2025-11-07 02:03:06','2025-11-07 02:03:06'),(54,'options-create','web',NULL,'2025-11-07 02:03:06','2025-11-07 02:03:06'),(55,'options-edit','web',NULL,'2025-11-07 02:03:06','2025-11-07 02:03:06'),(56,'options-delete','web',NULL,'2025-11-07 02:03:06','2025-11-07 02:03:06'),(57,'order-list','web',NULL,'2025-11-07 02:03:06','2025-11-07 02:03:06'),(58,'order-create','web',NULL,'2025-11-07 02:03:06','2025-11-07 02:03:06'),(59,'order-edit','web',NULL,'2025-11-07 02:03:07','2025-11-07 02:03:07'),(60,'order-delete','web',NULL,'2025-11-07 02:03:07','2025-11-07 02:03:07'),(61,'posts-list','web',NULL,'2025-11-07 02:03:07','2025-11-07 02:03:07'),(62,'posts-create','web',NULL,'2025-11-07 02:03:07','2025-11-07 02:03:07'),(63,'posts-edit','web',NULL,'2025-11-07 02:03:07','2025-11-07 02:03:07'),(64,'posts-delete','web',NULL,'2025-11-07 02:03:07','2025-11-07 02:03:07'),(65,'products-list','web',NULL,'2025-11-07 02:03:07','2025-11-07 02:03:07'),(66,'products-create','web',NULL,'2025-11-07 02:03:07','2025-11-07 02:03:07'),(67,'products-edit','web',NULL,'2025-11-07 02:03:07','2025-11-07 02:03:07'),(68,'products-delete','web',NULL,'2025-11-07 02:03:07','2025-11-07 02:03:07'),(69,'qlhs-list','web',NULL,'2025-11-07 02:03:07','2025-11-07 02:03:07'),(70,'qlhs-create','web',NULL,'2025-11-07 02:03:07','2025-11-07 02:03:07'),(71,'qlhs-edit','web',NULL,'2025-11-07 02:03:07','2025-11-07 02:03:07'),(72,'qlhs-delete','web',NULL,'2025-11-07 02:03:07','2025-11-07 02:03:07'),(73,'role-list','web',NULL,'2025-11-07 02:03:08','2025-11-07 02:03:08'),(74,'role-create','web',NULL,'2025-11-07 02:03:08','2025-11-07 02:03:08'),(75,'role-edit','web',NULL,'2025-11-07 02:03:08','2025-11-07 02:03:08'),(76,'role-delete','web',NULL,'2025-11-07 02:03:08','2025-11-07 02:03:08'),(77,'settings-list','web',NULL,'2025-11-07 02:03:08','2025-11-07 02:03:08'),(78,'settings-create','web',NULL,'2025-11-07 02:03:08','2025-11-07 02:03:08'),(79,'settings-edit','web',NULL,'2025-11-07 02:03:08','2025-11-07 02:03:08'),(80,'settings-delete','web',NULL,'2025-11-07 02:03:08','2025-11-07 02:03:08'),(81,'test-list','web',NULL,'2025-11-07 02:03:08','2025-11-07 02:03:08'),(82,'test-create','web',NULL,'2025-11-07 02:03:08','2025-11-07 02:03:08'),(83,'test-edit','web',NULL,'2025-11-07 02:03:08','2025-11-07 02:03:08'),(84,'test-delete','web',NULL,'2025-11-07 02:03:08','2025-11-07 02:03:08'),(85,'upload-list','web',NULL,'2025-11-07 02:03:08','2025-11-07 02:03:08'),(86,'upload-create','web',NULL,'2025-11-07 02:03:08','2025-11-07 02:03:08'),(87,'upload-edit','web',NULL,'2025-11-07 02:03:09','2025-11-07 02:03:09'),(88,'upload-delete','web',NULL,'2025-11-07 02:03:09','2025-11-07 02:03:09'),(89,'user-list','web',NULL,'2025-11-07 02:03:09','2025-11-07 02:03:09'),(90,'user-create','web',NULL,'2025-11-07 02:03:09','2025-11-07 02:03:09'),(91,'user-edit','web',NULL,'2025-11-07 02:03:09','2025-11-07 02:03:09'),(92,'user-delete','web',NULL,'2025-11-07 02:03:09','2025-11-07 02:03:09'),(93,'website-list','web',NULL,'2025-11-07 02:03:09','2025-11-07 02:03:09'),(94,'website-create','web',NULL,'2025-11-07 02:03:09','2025-11-07 02:03:09'),(95,'website-edit','web',NULL,'2025-11-07 02:03:09','2025-11-07 02:03:09'),(96,'website-delete','web',NULL,'2025-11-07 02:03:09','2025-11-07 02:03:09');
/*!40000 ALTER TABLE `permissions` ENABLE KEYS */;
UNLOCK TABLES;

--
-- Table structure for table `personal_access_tokens`
--

DROP TABLE IF EXISTS `personal_access_tokens`;
/*!40101 SET @saved_cs_client     = @@character_set_client */;
/*!50503 SET character_set_client = utf8mb4 */;
CREATE TABLE `personal_access_tokens` (
  `id` bigint unsigned NOT NULL AUTO_INCREMENT,
  `tokenable_type` varchar(255) COLLATE utf8mb4_unicode_ci NOT NULL,
  `tokenable_id` bigint unsigned NOT NULL,
  `name` varchar(255) COLLATE utf8mb4_unicode_ci NOT NULL,
  `token` varchar(64) COLLATE utf8mb4_unicode_ci NOT NULL,
  `abilities` text COLLATE utf8mb4_unicode_ci,
  `last_used_at` timestamp NULL DEFAULT NULL,
  `expires_at` timestamp NULL DEFAULT NULL,
  `created_at` timestamp NULL DEFAULT NULL,
  `updated_at` timestamp NULL DEFAULT NULL,
  PRIMARY KEY (`id`),
  UNIQUE KEY `personal_access_tokens_token_unique` (`token`),
  KEY `personal_access_tokens_tokenable_type_tokenable_id_index` (`tokenable_type`,`tokenable_id`)
) ENGINE=InnoDB DEFAULT CHARSET=utf8mb4 COLLATE=utf8mb4_unicode_ci;
/*!40101 SET character_set_client = @saved_cs_client */;

--
-- Dumping data for table `personal_access_tokens`
--

LOCK TABLES `personal_access_tokens` WRITE;
/*!40000 ALTER TABLE `personal_access_tokens` DISABLE KEYS */;
/*!40000 ALTER TABLE `personal_access_tokens` ENABLE KEYS */;
UNLOCK TABLES;

--
-- Table structure for table `phones`
--

DROP TABLE IF EXISTS `phones`;
/*!40101 SET @saved_cs_client     = @@character_set_client */;
/*!50503 SET character_set_client = utf8mb4 */;
CREATE TABLE `phones` (
  `id` bigint unsigned NOT NULL AUTO_INCREMENT,
  `user_id` bigint unsigned NOT NULL,
  `phone` varchar(255) COLLATE utf8mb4_unicode_ci NOT NULL,
  `created_at` timestamp NULL DEFAULT NULL,
  `updated_at` timestamp NULL DEFAULT NULL,
  PRIMARY KEY (`id`),
  KEY `phones_user_id_foreign` (`user_id`),
  CONSTRAINT `phones_user_id_foreign` FOREIGN KEY (`user_id`) REFERENCES `users` (`id`)
) ENGINE=InnoDB DEFAULT CHARSET=utf8mb4 COLLATE=utf8mb4_unicode_ci;
/*!40101 SET character_set_client = @saved_cs_client */;

--
-- Dumping data for table `phones`
--

LOCK TABLES `phones` WRITE;
/*!40000 ALTER TABLE `phones` DISABLE KEYS */;
/*!40000 ALTER TABLE `phones` ENABLE KEYS */;
UNLOCK TABLES;

--
-- Table structure for table `posts`
--

DROP TABLE IF EXISTS `posts`;
/*!40101 SET @saved_cs_client     = @@character_set_client */;
/*!50503 SET character_set_client = utf8mb4 */;
CREATE TABLE `posts` (
  `id` bigint unsigned NOT NULL AUTO_INCREMENT,
  `user_id` bigint unsigned NOT NULL,
  `title` varchar(255) COLLATE utf8mb4_unicode_ci NOT NULL,
  `body` text COLLATE utf8mb4_unicode_ci NOT NULL,
  `is_approved` tinyint(1) NOT NULL DEFAULT '0',
  `created_at` timestamp NULL DEFAULT NULL,
  `updated_at` timestamp NULL DEFAULT NULL,
  PRIMARY KEY (`id`),
  KEY `posts_user_id_foreign` (`user_id`),
  CONSTRAINT `posts_user_id_foreign` FOREIGN KEY (`user_id`) REFERENCES `users` (`id`) ON DELETE CASCADE
) ENGINE=InnoDB DEFAULT CHARSET=utf8mb4 COLLATE=utf8mb4_unicode_ci;
/*!40101 SET character_set_client = @saved_cs_client */;

--
-- Dumping data for table `posts`
--

LOCK TABLES `posts` WRITE;
/*!40000 ALTER TABLE `posts` DISABLE KEYS */;
/*!40000 ALTER TABLE `posts` ENABLE KEYS */;
UNLOCK TABLES;

--
-- Table structure for table `product_stocks`
--

DROP TABLE IF EXISTS `product_stocks`;
/*!40101 SET @saved_cs_client     = @@character_set_client */;
/*!50503 SET character_set_client = utf8mb4 */;
CREATE TABLE `product_stocks` (
  `id` bigint unsigned NOT NULL AUTO_INCREMENT,
  `product_id` bigint NOT NULL,
  `quantity` int NOT NULL,
  `price` int NOT NULL,
  `created_at` timestamp NULL DEFAULT NULL,
  `updated_at` timestamp NULL DEFAULT NULL,
  PRIMARY KEY (`id`)
) ENGINE=InnoDB DEFAULT CHARSET=utf8mb4 COLLATE=utf8mb4_unicode_ci;
/*!40101 SET character_set_client = @saved_cs_client */;

--
-- Dumping data for table `product_stocks`
--

LOCK TABLES `product_stocks` WRITE;
/*!40000 ALTER TABLE `product_stocks` DISABLE KEYS */;
/*!40000 ALTER TABLE `product_stocks` ENABLE KEYS */;
UNLOCK TABLES;

--
-- Table structure for table `products`
--

DROP TABLE IF EXISTS `products`;
/*!40101 SET @saved_cs_client     = @@character_set_client */;
/*!50503 SET character_set_client = utf8mb4 */;
CREATE TABLE `products` (
  `id` bigint unsigned NOT NULL AUTO_INCREMENT,
  `name` varchar(255) COLLATE utf8mb4_unicode_ci DEFAULT NULL,
  `details` json DEFAULT NULL,
  `description` text COLLATE utf8mb4_unicode_ci,
  `image` varchar(255) COLLATE utf8mb4_unicode_ci DEFAULT NULL,
  `price` decimal(10,2) NOT NULL,
  `created_at` timestamp NULL DEFAULT NULL,
  `updated_at` timestamp NULL DEFAULT NULL,
  PRIMARY KEY (`id`)
) ENGINE=InnoDB DEFAULT CHARSET=utf8mb4 COLLATE=utf8mb4_unicode_ci;
/*!40101 SET character_set_client = @saved_cs_client */;

--
-- Dumping data for table `products`
--

LOCK TABLES `products` WRITE;
/*!40000 ALTER TABLE `products` DISABLE KEYS */;
/*!40000 ALTER TABLE `products` ENABLE KEYS */;
UNLOCK TABLES;

--
-- Table structure for table `provinces`
--

DROP TABLE IF EXISTS `provinces`;
/*!40101 SET @saved_cs_client     = @@character_set_client */;
/*!50503 SET character_set_client = utf8mb4 */;
CREATE TABLE `provinces` (
  `id` bigint unsigned NOT NULL AUTO_INCREMENT,
  `code` varchar(255) COLLATE utf8mb4_unicode_ci NOT NULL,
  `name` varchar(255) COLLATE utf8mb4_unicode_ci NOT NULL,
  `name_en` varchar(255) COLLATE utf8mb4_unicode_ci DEFAULT NULL,
  `full_name` varchar(255) COLLATE utf8mb4_unicode_ci DEFAULT NULL,
  `full_name_en` varchar(255) COLLATE utf8mb4_unicode_ci DEFAULT NULL,
  `code_name` varchar(255) COLLATE utf8mb4_unicode_ci DEFAULT NULL,
  `administrative_unit_id` bigint unsigned DEFAULT NULL,
  `created_at` timestamp NULL DEFAULT NULL,
  `updated_at` timestamp NULL DEFAULT NULL,
  PRIMARY KEY (`id`),
  UNIQUE KEY `provinces_code_unique` (`code`)
) ENGINE=InnoDB AUTO_INCREMENT=35 DEFAULT CHARSET=utf8mb4 COLLATE=utf8mb4_unicode_ci;
/*!40101 SET character_set_client = @saved_cs_client */;

--
-- Dumping data for table `provinces`
--

LOCK TABLES `provinces` WRITE;
/*!40000 ALTER TABLE `provinces` DISABLE KEYS */;
INSERT INTO `provinces` VALUES (1,'01','Hà Nội','Ha Noi','Thành phố Hà Nội','Ha Noi City','ha_noi',1,NULL,NULL),(2,'04','Cao Bằng','Cao Bang','Tỉnh Cao Bằng','Cao Bang Province','cao_bang',2,NULL,NULL),(3,'08','Tuyên Quang','Tuyen Quang','Tỉnh Tuyên Quang','Tuyen Quang Province','tuyen_quang',2,NULL,NULL),(4,'11','Điện Biên','Dien Bien','Tỉnh Điện Biên','Dien Bien Province','dien_bien',2,NULL,NULL),(5,'12','Lai Châu','Lai Chau','Tỉnh Lai Châu','Lai Chau Province','lai_chau',2,NULL,NULL),(6,'14','Sơn La','Son La','Tỉnh Sơn La','Son La Province','son_la',2,NULL,NULL),(7,'15','Lào Cai','Lao Cai','Tỉnh Lào Cai','Lao Cai Province','lao_cai',2,NULL,NULL),(8,'19','Thái Nguyên','Thai Nguyen','Tỉnh Thái Nguyên','Thai Nguyen Province','thai_nguyen',2,NULL,NULL),(9,'20','Lạng Sơn','Lang Son','Tỉnh Lạng Sơn','Lang Son Province','lang_son',2,NULL,NULL),(10,'22','Quảng Ninh','Quang Ninh','Tỉnh Quảng Ninh','Quang Ninh Province','quang_ninh',2,NULL,NULL),(11,'24','Bắc Ninh','Bac Ninh','Tỉnh Bắc Ninh','Bac Ninh Province','bac_ninh',2,NULL,NULL),(12,'25','Phú Thọ','Phu Tho','Tỉnh Phú Thọ','Phu Tho Province','phu_tho',2,NULL,NULL),(13,'31','Hải Phòng','Hai Phong','Thành phố Hải Phòng','Hai Phong City','hai_phong',1,NULL,NULL),(14,'33','Hưng Yên','Hung Yen','Tỉnh Hưng Yên','Hung Yen Province','hung_yen',2,NULL,NULL),(15,'37','Ninh Bình','Ninh Binh','Tỉnh Ninh Bình','Ninh Binh Province','ninh_binh',2,NULL,NULL),(16,'38','Thanh Hóa','Thanh Hoa','Tỉnh Thanh Hóa','Thanh Hoa Province','thanh_hoa',2,NULL,NULL),(17,'40','Nghệ An','Nghe An','Tỉnh Nghệ An','Nghe An Province','nghe_an',2,NULL,NULL),(18,'42','Hà Tĩnh','Ha Tinh','Tỉnh Hà Tĩnh','Ha Tinh Province','ha_tinh',2,NULL,NULL),(19,'44','Quảng Trị','Quang Tri','Tỉnh Quảng Trị','Quang Tri Province','quang_tri',2,NULL,NULL),(20,'46','Huế','Hue','Thành phố Huế','Hue City','hue',1,NULL,NULL),(21,'48','Đà Nẵng','Da Nang','Thành phố Đà Nẵng','Da Nang City','da_nang',1,NULL,NULL),(22,'51','Quảng Ngãi','Quang Ngai','Tỉnh Quảng Ngãi','Quang Ngai Province','quang_ngai',2,NULL,NULL),(23,'52','Gia Lai','Gia Lai','Tỉnh Gia Lai','Gia Lai Province','gia_lai',2,NULL,NULL),(24,'56','Khánh Hòa','Khanh Hoa','Tỉnh Khánh Hòa','Khanh Hoa Province','khanh_hoa',2,NULL,NULL),(25,'66','Đắk Lắk','Dak Lak','Tỉnh Đắk Lắk','Dak Lak Province','dak_lak',2,NULL,NULL),(26,'68','Lâm Đồng','Lam Dong','Tỉnh Lâm Đồng','Lam Dong Province','lam_dong',2,NULL,NULL),(27,'75','Đồng Nai','Dong Nai','Tỉnh Đồng Nai','Dong Nai Province','dong_nai',2,NULL,NULL),(28,'79','Hồ Chí Minh','Ho Chi Minh','Thành phố Hồ Chí Minh','Ho Chi Minh City','ho_chi_minh',1,NULL,NULL),(29,'80','Tây Ninh','Tay Ninh','Tỉnh Tây Ninh','Tay Ninh Province','tay_ninh',2,NULL,NULL),(30,'82','Đồng Tháp','Dong Thap','Tỉnh Đồng Tháp','Dong Thap Province','dong_thap',2,NULL,NULL),(31,'86','Vĩnh Long','Vinh Long','Tỉnh Vĩnh Long','Vinh Long Province','vinh_long',2,NULL,NULL),(32,'91','An Giang','An Giang','Tỉnh An Giang','An Giang Province','an_giang',2,NULL,NULL),(33,'92','Cần Thơ','Can Tho','Thành phố Cần Thơ','Can Tho City','can_tho',1,NULL,NULL),(34,'96','Cà Mau','Ca Mau','Tỉnh Cà Mau','Ca Mau Province','ca_mau',2,NULL,NULL);
/*!40000 ALTER TABLE `provinces` ENABLE KEYS */;
UNLOCK TABLES;

--
-- Table structure for table `question_sets`
--

DROP TABLE IF EXISTS `question_sets`;
/*!40101 SET @saved_cs_client     = @@character_set_client */;
/*!50503 SET character_set_client = utf8mb4 */;
CREATE TABLE `question_sets` (
  `id` bigint unsigned NOT NULL AUTO_INCREMENT,
  `user_id` bigint unsigned NOT NULL,
  `name` varchar(255) COLLATE utf8mb4_unicode_ci NOT NULL,
  `category_topic_id` varchar(255) COLLATE utf8mb4_unicode_ci NOT NULL,
  `category_class_id` varchar(255) COLLATE utf8mb4_unicode_ci NOT NULL,
  `question_type` enum('Đúng/Sai','Một đáp án','Nhiều đáp án','Tự luận') COLLATE utf8mb4_unicode_ci NOT NULL,
  `questions` text COLLATE utf8mb4_unicode_ci NOT NULL,
  `total_questions` int unsigned NOT NULL,
  `timeRemaining` int unsigned NOT NULL,
  `created_at` timestamp NULL DEFAULT NULL,
  `updated_at` timestamp NULL DEFAULT NULL,
  PRIMARY KEY (`id`)
) ENGINE=InnoDB DEFAULT CHARSET=utf8mb4 COLLATE=utf8mb4_unicode_ci;
/*!40101 SET character_set_client = @saved_cs_client */;

--
-- Dumping data for table `question_sets`
--

LOCK TABLES `question_sets` WRITE;
/*!40000 ALTER TABLE `question_sets` DISABLE KEYS */;
/*!40000 ALTER TABLE `question_sets` ENABLE KEYS */;
UNLOCK TABLES;

--
-- Table structure for table `questions`
--

DROP TABLE IF EXISTS `questions`;
/*!40101 SET @saved_cs_client     = @@character_set_client */;
/*!50503 SET character_set_client = utf8mb4 */;
CREATE TABLE `questions` (
  `id` bigint unsigned NOT NULL AUTO_INCREMENT,
  `user_id` bigint unsigned NOT NULL,
  `category_topic_id` varchar(255) COLLATE utf8mb4_unicode_ci NOT NULL,
  `category_class_id` varchar(255) COLLATE utf8mb4_unicode_ci NOT NULL,
  `question_details` text COLLATE utf8mb4_unicode_ci NOT NULL,
  `question_type` enum('Một đáp án','Đúng/Sai','Nhiều đáp án','Tự luận') COLLATE utf8mb4_unicode_ci NOT NULL,
  `question_level` enum('Biết','Hiểu','Vận dụng','Tổng hợp') COLLATE utf8mb4_unicode_ci NOT NULL,
  `created_at` timestamp NULL DEFAULT NULL,
  `updated_at` timestamp NULL DEFAULT NULL,
  PRIMARY KEY (`id`)
) ENGINE=InnoDB DEFAULT CHARSET=utf8mb4 COLLATE=utf8mb4_unicode_ci;
/*!40101 SET character_set_client = @saved_cs_client */;

--
-- Dumping data for table `questions`
--

LOCK TABLES `questions` WRITE;
/*!40000 ALTER TABLE `questions` DISABLE KEYS */;
/*!40000 ALTER TABLE `questions` ENABLE KEYS */;
UNLOCK TABLES;

--
-- Table structure for table `role_has_permissions`
--

DROP TABLE IF EXISTS `role_has_permissions`;
/*!40101 SET @saved_cs_client     = @@character_set_client */;
/*!50503 SET character_set_client = utf8mb4 */;
CREATE TABLE `role_has_permissions` (
  `permission_id` bigint unsigned NOT NULL,
  `role_id` bigint unsigned NOT NULL,
  PRIMARY KEY (`permission_id`,`role_id`),
  KEY `role_has_permissions_role_id_foreign` (`role_id`),
  CONSTRAINT `role_has_permissions_permission_id_foreign` FOREIGN KEY (`permission_id`) REFERENCES `permissions` (`id`) ON DELETE CASCADE,
  CONSTRAINT `role_has_permissions_role_id_foreign` FOREIGN KEY (`role_id`) REFERENCES `roles` (`id`) ON DELETE CASCADE
) ENGINE=InnoDB DEFAULT CHARSET=utf8mb4 COLLATE=utf8mb4_unicode_ci;
/*!40101 SET character_set_client = @saved_cs_client */;

--
-- Dumping data for table `role_has_permissions`
--

LOCK TABLES `role_has_permissions` WRITE;
/*!40000 ALTER TABLE `role_has_permissions` DISABLE KEYS */;
INSERT INTO `role_has_permissions` VALUES (1,1),(2,1),(3,1),(4,1),(5,1),(6,1),(7,1),(8,1),(9,1),(10,1),(11,1),(12,1),(13,1),(14,1),(15,1),(16,1),(17,1),(18,1),(19,1),(20,1),(21,1),(22,1),(23,1),(24,1),(25,1),(26,1),(27,1),(28,1),(29,1),(30,1),(31,1),(32,1),(33,1),(34,1),(35,1),(36,1),(37,1),(38,1),(39,1),(40,1),(41,1),(42,1),(43,1),(44,1),(45,1),(46,1),(47,1),(48,1),(49,1),(50,1),(51,1),(52,1),(53,1),(54,1),(55,1),(56,1),(57,1),(58,1),(59,1),(60,1),(61,1),(62,1),(63,1),(64,1),(65,1),(66,1),(67,1),(68,1),(69,1),(70,1),(71,1),(72,1),(73,1),(74,1),(75,1),(76,1),(77,1),(78,1),(79,1),(80,1),(81,1),(82,1),(83,1),(84,1),(85,1),(86,1),(87,1),(88,1),(89,1),(90,1),(91,1),(92,1),(93,1),(94,1),(95,1),(96,1),(1,2);
/*!40000 ALTER TABLE `role_has_permissions` ENABLE KEYS */;
UNLOCK TABLES;

--
-- Table structure for table `role_user`
--

DROP TABLE IF EXISTS `role_user`;
/*!40101 SET @saved_cs_client     = @@character_set_client */;
/*!50503 SET character_set_client = utf8mb4 */;
CREATE TABLE `role_user` (
  `user_id` bigint unsigned NOT NULL,
  `role_id` bigint unsigned NOT NULL,
  KEY `role_user_user_id_foreign` (`user_id`),
  KEY `role_user_role_id_foreign` (`role_id`),
  CONSTRAINT `role_user_role_id_foreign` FOREIGN KEY (`role_id`) REFERENCES `roles` (`id`),
  CONSTRAINT `role_user_user_id_foreign` FOREIGN KEY (`user_id`) REFERENCES `users` (`id`)
) ENGINE=InnoDB DEFAULT CHARSET=utf8mb4 COLLATE=utf8mb4_unicode_ci;
/*!40101 SET character_set_client = @saved_cs_client */;

--
-- Dumping data for table `role_user`
--

LOCK TABLES `role_user` WRITE;
/*!40000 ALTER TABLE `role_user` DISABLE KEYS */;
INSERT INTO `role_user` VALUES (1,1),(2,2),(20,1);
/*!40000 ALTER TABLE `role_user` ENABLE KEYS */;
UNLOCK TABLES;

--
-- Table structure for table `roles`
--

DROP TABLE IF EXISTS `roles`;
/*!40101 SET @saved_cs_client     = @@character_set_client */;
/*!50503 SET character_set_client = utf8mb4 */;
CREATE TABLE `roles` (
  `id` bigint unsigned NOT NULL AUTO_INCREMENT,
  `name` varchar(255) COLLATE utf8mb4_unicode_ci NOT NULL,
  `guard_name` varchar(255) COLLATE utf8mb4_unicode_ci NOT NULL,
  `created_at` timestamp NULL DEFAULT NULL,
  `updated_at` timestamp NULL DEFAULT NULL,
  PRIMARY KEY (`id`),
  UNIQUE KEY `roles_name_guard_name_unique` (`name`,`guard_name`)
) ENGINE=InnoDB AUTO_INCREMENT=3 DEFAULT CHARSET=utf8mb4 COLLATE=utf8mb4_unicode_ci;
/*!40101 SET character_set_client = @saved_cs_client */;

--
-- Dumping data for table `roles`
--

LOCK TABLES `roles` WRITE;
/*!40000 ALTER TABLE `roles` DISABLE KEYS */;
INSERT INTO `roles` VALUES (1,'Admin','web','2025-11-07 02:03:10','2025-11-07 02:03:10'),(2,'User','web','2025-11-07 02:03:12','2025-11-07 02:03:12');
/*!40000 ALTER TABLE `roles` ENABLE KEYS */;
UNLOCK TABLES;

--
-- Table structure for table `sessions`
--

DROP TABLE IF EXISTS `sessions`;
/*!40101 SET @saved_cs_client     = @@character_set_client */;
/*!50503 SET character_set_client = utf8mb4 */;
CREATE TABLE `sessions` (
  `id` varchar(255) COLLATE utf8mb4_unicode_ci NOT NULL,
  `user_id` bigint unsigned DEFAULT NULL,
  `ip_address` varchar(45) COLLATE utf8mb4_unicode_ci DEFAULT NULL,
  `user_agent` text COLLATE utf8mb4_unicode_ci,
  `payload` longtext COLLATE utf8mb4_unicode_ci NOT NULL,
  `last_activity` int NOT NULL,
  PRIMARY KEY (`id`),
  KEY `sessions_user_id_index` (`user_id`),
  KEY `sessions_last_activity_index` (`last_activity`)
) ENGINE=InnoDB DEFAULT CHARSET=utf8mb4 COLLATE=utf8mb4_unicode_ci;
/*!40101 SET character_set_client = @saved_cs_client */;

--
-- Dumping data for table `sessions`
--

LOCK TABLES `sessions` WRITE;
/*!40000 ALTER TABLE `sessions` DISABLE KEYS */;
INSERT INTO `sessions` VALUES ('EXsQSWIdFfNrCBqE8ZHG7eJnxD2Oy73oUrnw2vpa',1,'127.0.0.1','Mozilla/5.0 (Windows NT 10.0; Win64; x64) AppleWebKit/537.36 (KHTML, like Gecko) Chrome/141.0.0.0 Safari/537.36','YTo2OntzOjY6Il90b2tlbiI7czo0MDoiVnBOR0FMblBjaEp0TXJBc3p6b3hnTElwaGlyNmtITFVqNWRmTmhqOCI7czozOiJ1cmwiO2E6MDp7fXM6OToiX3ByZXZpb3VzIjthOjE6e3M6MzoidXJsIjtzOjQyOiJodHRwczovL2FkbWlubHQubGFyYXZlbC50ay9maWxlL21pZ3JhdGlvbnMiO31zOjY6Il9mbGFzaCI7YToyOntzOjM6Im9sZCI7YTowOnt9czozOiJuZXciO2E6MDp7fX1zOjUwOiJsb2dpbl93ZWJfNTliYTM2YWRkYzJiMmY5NDAxNTgwZjAxNGM3ZjU4ZWE0ZTMwOTg5ZCI7aToxO3M6MTg6Im1lZGljaW5lc19wZXJfcGFnZSI7czozOiJhbGwiO30=',1762500540);
/*!40000 ALTER TABLE `sessions` ENABLE KEYS */;
UNLOCK TABLES;

--
-- Table structure for table `temp_tokens`
--

DROP TABLE IF EXISTS `temp_tokens`;
/*!40101 SET @saved_cs_client     = @@character_set_client */;
/*!50503 SET character_set_client = utf8mb4 */;
CREATE TABLE `temp_tokens` (
  `id` bigint unsigned NOT NULL AUTO_INCREMENT,
  `token` varchar(255) COLLATE utf8mb4_unicode_ci NOT NULL,
  `expires_at` timestamp NOT NULL,
  `ip_address` varchar(45) COLLATE utf8mb4_unicode_ci DEFAULT NULL,
  `created_at` timestamp NULL DEFAULT NULL,
  `updated_at` timestamp NULL DEFAULT NULL,
  PRIMARY KEY (`id`),
  UNIQUE KEY `temp_tokens_token_unique` (`token`)
) ENGINE=InnoDB DEFAULT CHARSET=utf8mb4 COLLATE=utf8mb4_unicode_ci;
/*!40101 SET character_set_client = @saved_cs_client */;

--
-- Dumping data for table `temp_tokens`
--

LOCK TABLES `temp_tokens` WRITE;
/*!40000 ALTER TABLE `temp_tokens` DISABLE KEYS */;
/*!40000 ALTER TABLE `temp_tokens` ENABLE KEYS */;
UNLOCK TABLES;

--
-- Table structure for table `term_taxonomy`
--

DROP TABLE IF EXISTS `term_taxonomy`;
/*!40101 SET @saved_cs_client     = @@character_set_client */;
/*!50503 SET character_set_client = utf8mb4 */;
CREATE TABLE `term_taxonomy` (
  `id` bigint unsigned NOT NULL AUTO_INCREMENT,
  `term_id` bigint unsigned NOT NULL,
  `taxonomy` varchar(255) COLLATE utf8mb4_unicode_ci NOT NULL,
  `parent_id` bigint unsigned DEFAULT NULL,
  `description` text COLLATE utf8mb4_unicode_ci,
  `count` bigint unsigned NOT NULL DEFAULT '0',
  `position` bigint unsigned NOT NULL DEFAULT '0',
  `created_at` timestamp NULL DEFAULT NULL,
  `updated_at` timestamp NULL DEFAULT NULL,
  PRIMARY KEY (`id`),
  KEY `term_taxonomy_term_id_foreign` (`term_id`),
  CONSTRAINT `term_taxonomy_term_id_foreign` FOREIGN KEY (`term_id`) REFERENCES `terms` (`id`) ON DELETE CASCADE
) ENGINE=InnoDB DEFAULT CHARSET=utf8mb4 COLLATE=utf8mb4_unicode_ci;
/*!40101 SET character_set_client = @saved_cs_client */;

--
-- Dumping data for table `term_taxonomy`
--

LOCK TABLES `term_taxonomy` WRITE;
/*!40000 ALTER TABLE `term_taxonomy` DISABLE KEYS */;
/*!40000 ALTER TABLE `term_taxonomy` ENABLE KEYS */;
UNLOCK TABLES;

--
-- Table structure for table `terms`
--

DROP TABLE IF EXISTS `terms`;
/*!40101 SET @saved_cs_client     = @@character_set_client */;
/*!50503 SET character_set_client = utf8mb4 */;
CREATE TABLE `terms` (
  `id` bigint unsigned NOT NULL AUTO_INCREMENT,
  `name` varchar(255) COLLATE utf8mb4_unicode_ci NOT NULL,
  `slug` varchar(255) COLLATE utf8mb4_unicode_ci NOT NULL,
  `description` text COLLATE utf8mb4_unicode_ci,
  `created_at` timestamp NULL DEFAULT NULL,
  `updated_at` timestamp NULL DEFAULT NULL,
  PRIMARY KEY (`id`),
  UNIQUE KEY `terms_slug_unique` (`slug`)
) ENGINE=InnoDB DEFAULT CHARSET=utf8mb4 COLLATE=utf8mb4_unicode_ci;
/*!40101 SET character_set_client = @saved_cs_client */;

--
-- Dumping data for table `terms`
--

LOCK TABLES `terms` WRITE;
/*!40000 ALTER TABLE `terms` DISABLE KEYS */;
/*!40000 ALTER TABLE `terms` ENABLE KEYS */;
UNLOCK TABLES;

--
-- Table structure for table `uploaded_files`
--

DROP TABLE IF EXISTS `uploaded_files`;
/*!40101 SET @saved_cs_client     = @@character_set_client */;
/*!50503 SET character_set_client = utf8mb4 */;
CREATE TABLE `uploaded_files` (
  `id` bigint unsigned NOT NULL AUTO_INCREMENT,
  `file_path` varchar(255) COLLATE utf8mb4_unicode_ci NOT NULL,
  `created_at` timestamp NULL DEFAULT NULL,
  `updated_at` timestamp NULL DEFAULT NULL,
  PRIMARY KEY (`id`)
) ENGINE=InnoDB DEFAULT CHARSET=utf8mb4 COLLATE=utf8mb4_unicode_ci;
/*!40101 SET character_set_client = @saved_cs_client */;

--
-- Dumping data for table `uploaded_files`
--

LOCK TABLES `uploaded_files` WRITE;
/*!40000 ALTER TABLE `uploaded_files` DISABLE KEYS */;
/*!40000 ALTER TABLE `uploaded_files` ENABLE KEYS */;
UNLOCK TABLES;

--
-- Table structure for table `user_options`
--

DROP TABLE IF EXISTS `user_options`;
/*!40101 SET @saved_cs_client     = @@character_set_client */;
/*!50503 SET character_set_client = utf8mb4 */;
CREATE TABLE `user_options` (
  `option_id` bigint unsigned NOT NULL AUTO_INCREMENT,
  `user_id` bigint unsigned NOT NULL,
  `option_name` varchar(191) COLLATE utf8mb4_unicode_ci NOT NULL,
  `option_value` longtext COLLATE utf8mb4_unicode_ci,
  `autoload` varchar(20) COLLATE utf8mb4_unicode_ci NOT NULL DEFAULT 'yes',
  `created_at` timestamp NULL DEFAULT NULL,
  `updated_at` timestamp NULL DEFAULT NULL,
  PRIMARY KEY (`option_id`),
  UNIQUE KEY `user_options_user_id_option_name_unique` (`user_id`,`option_name`),
  KEY `user_options_autoload_index` (`autoload`),
  CONSTRAINT `user_options_user_id_foreign` FOREIGN KEY (`user_id`) REFERENCES `users` (`id`) ON DELETE CASCADE
) ENGINE=InnoDB DEFAULT CHARSET=utf8mb4 COLLATE=utf8mb4_unicode_ci;
/*!40101 SET character_set_client = @saved_cs_client */;

--
-- Dumping data for table `user_options`
--

LOCK TABLES `user_options` WRITE;
/*!40000 ALTER TABLE `user_options` DISABLE KEYS */;
/*!40000 ALTER TABLE `user_options` ENABLE KEYS */;
UNLOCK TABLES;

--
-- Table structure for table `users`
--

DROP TABLE IF EXISTS `users`;
/*!40101 SET @saved_cs_client     = @@character_set_client */;
/*!50503 SET character_set_client = utf8mb4 */;
CREATE TABLE `users` (
  `id` bigint unsigned NOT NULL AUTO_INCREMENT COMMENT 'Khóa chính',
  `name` varchar(255) COLLATE utf8mb4_unicode_ci DEFAULT NULL COMMENT 'Tên hiển thị của người dùng',
  `email` varchar(255) COLLATE utf8mb4_unicode_ci NOT NULL COMMENT 'Địa chỉ email duy nhất',
  `email_verified_at` timestamp NULL DEFAULT NULL COMMENT 'Thời điểm xác minh email',
  `username` varchar(255) COLLATE utf8mb4_unicode_ci DEFAULT NULL COMMENT 'Tên đăng nhập (tự động sinh từ email nếu bỏ trống)',
  `password` varchar(255) COLLATE utf8mb4_unicode_ci NOT NULL COMMENT 'Mật khẩu được mã hóa',
  `is_admin` tinyint NOT NULL DEFAULT '0' COMMENT '0 = user thường, 1 = admin',
  `birthdate` date DEFAULT NULL COMMENT 'Ngày sinh của người dùng',
  `google_id` varchar(255) COLLATE utf8mb4_unicode_ci DEFAULT NULL COMMENT 'ID tài khoản Google (nếu đăng nhập bằng Google)',
  `device_token` varchar(255) COLLATE utf8mb4_unicode_ci DEFAULT NULL COMMENT 'Token của thiết bị để gửi thông báo đẩy',
  `referral_code` varchar(255) COLLATE utf8mb4_unicode_ci DEFAULT NULL COMMENT 'Mã giới thiệu duy nhất cho người dùng',
  `remember_token` varchar(100) COLLATE utf8mb4_unicode_ci DEFAULT NULL COMMENT 'Token ghi nhớ đăng nhập',
  `created_at` timestamp NULL DEFAULT NULL,
  `updated_at` timestamp NULL DEFAULT NULL,
  PRIMARY KEY (`id`),
  UNIQUE KEY `users_email_unique` (`email`),
  UNIQUE KEY `users_username_unique` (`username`)
) ENGINE=InnoDB AUTO_INCREMENT=21 DEFAULT CHARSET=utf8mb4 COLLATE=utf8mb4_unicode_ci;
/*!40101 SET character_set_client = @saved_cs_client */;

--
-- Dumping data for table `users`
--

LOCK TABLES `users` WRITE;
/*!40000 ALTER TABLE `users` DISABLE KEYS */;
INSERT INTO `users` VALUES (1,'Từ Ngọc Vân','tungocvan@gmail.com','2025-11-04 07:58:55','tungocvan','$2y$12$pcOBc4zQwFvFX8BEk2.H5O3CJc9GOMSxs92x.c6aEH82jvpl02Em.',1,'1978-09-25',NULL,NULL,NULL,NULL,'2025-11-04 05:54:15','2025-11-04 07:58:55'),(2,'Demo User 1','demo3@example.com','2025-11-06 05:37:58','demo1','$2y$12$JHr9jAPhc.vfjb.6jQrIfuNDhlEAD7btaSdhSFMFKULd8FtZTcBqq',0,'2000-05-12',NULL,NULL,'tungocvan@gmail.com',NULL,'2025-11-04 06:08:11','2025-11-07 02:08:46'),(3,'Demo User 2','demo2@example.com',NULL,'demo2','$2y$12$pUqeLWlID568m4hAB/rYbON0kTxS8hSuHyHHedZ9jYAOzHIYdFFhC',0,NULL,NULL,NULL,'tungocvan@gmail.com',NULL,'2025-11-04 06:08:51','2025-11-07 02:08:46'),(9,'Ms. Addison Keeling','jarod41@example.com',NULL,'jarod41','$2y$12$TFryMBro.wyrdhuOXs0yquILb0wdBFngfwJRHR9TcqEP3IFZUFwrG',0,NULL,NULL,NULL,'tungocvan@gmail.com',NULL,'2025-11-04 06:26:30','2025-11-07 02:08:46'),(12,'Annalise Altenwerth DVM','magnus88@example.com',NULL,'magnus88','$2y$12$MV7OmKc4lt6YATyrGrTxKOVwcRGIBvMe3vbb6nXyT6d5ZFzp7lakm',0,NULL,NULL,NULL,'tungocvan@gmail.com',NULL,'2025-11-04 06:26:32','2025-11-07 02:08:46'),(13,'Vladimir Hegmann','destini49@example.com',NULL,'destini49','$2y$12$t6eU9Az7HtP8dIteSZ0SzOWL2ts9ergO2Le0nHgg5COicKc88hsnq',0,NULL,NULL,NULL,'tungocvan@gmail.com',NULL,'2025-11-04 06:26:33','2025-11-07 02:08:46'),(14,'Antwan Lind V','vincenzo69@example.com',NULL,'vincenzo69','$2y$12$DSvioqT0chtZCEu0Y8s1JO35L.lQ0SM/6h/dZf8RpdN//SF.ZLCSy',0,NULL,NULL,NULL,'tungocvan@gmail.com',NULL,'2025-11-04 06:26:34','2025-11-07 02:08:46'),(15,'Juanita Predovic','christa29@example.com',NULL,'christa29','$2y$12$B.WFjPn/KablmzTYI1fbwOlOWyXccSu1qUR1/FI4MnzZu2JjxA/A6',0,NULL,NULL,NULL,'tungocvan@gmail.com',NULL,'2025-11-04 06:26:35','2025-11-07 02:08:46'),(17,'Prof. Garett Greenholt DDS','monty92@example.com',NULL,'monty92','$2y$12$WAzV74BTS3yPJdH9ZpGUUeCjdvzx/ZMkxGYtQHTXD7mxZVa5HQRQC',0,NULL,NULL,NULL,'tungocvan@gmail.com',NULL,'2025-11-04 06:26:36','2025-11-07 02:08:46'),(18,'Cole Runolfsdottir Sr.','bianka23@example.com',NULL,'bianka23','$2y$12$RaqiOwIncdgeWQDQ1pfY0u8RD7N13bHWR.3UUssshiEe2dNeLMT5S',0,NULL,NULL,NULL,'tungocvan@gmail.com',NULL,'2025-11-04 06:26:37','2025-11-07 02:08:46'),(19,'User10','user10@gmail.com',NULL,'user10','$2y$12$I9suczBsEu/vYls3kE6PWuyTVoWdH1V9vmeXdK8CkArULCqRqaCJe',0,NULL,NULL,NULL,'tungocvan@gmail.com',NULL,'2025-11-05 08:43:09','2025-11-07 02:08:46'),(20,'Từ Ngọc Vân','tungocvan2@gmail.com',NULL,'tungocvan2','$2y$12$EUONlh5thICDMjQebsqTI.pB1kBSdfqLIMHvgN65Fo4wr8jwsUmNK',0,NULL,NULL,NULL,'tungocvan@gmail.com',NULL,'2025-11-05 08:57:28','2025-11-07 04:24:54');
/*!40000 ALTER TABLE `users` ENABLE KEYS */;
UNLOCK TABLES;

--
-- Table structure for table `wards`
--

DROP TABLE IF EXISTS `wards`;
/*!40101 SET @saved_cs_client     = @@character_set_client */;
/*!50503 SET character_set_client = utf8mb4 */;
CREATE TABLE `wards` (
  `id` bigint unsigned NOT NULL AUTO_INCREMENT,
  `code` varchar(255) COLLATE utf8mb4_unicode_ci NOT NULL,
  `name` varchar(255) COLLATE utf8mb4_unicode_ci NOT NULL,
  `name_en` varchar(255) COLLATE utf8mb4_unicode_ci DEFAULT NULL,
  `full_name` varchar(255) COLLATE utf8mb4_unicode_ci DEFAULT NULL,
  `full_name_en` varchar(255) COLLATE utf8mb4_unicode_ci DEFAULT NULL,
  `code_name` varchar(255) COLLATE utf8mb4_unicode_ci DEFAULT NULL,
  `province_code` varchar(255) COLLATE utf8mb4_unicode_ci NOT NULL,
  `administrative_unit_id` bigint unsigned DEFAULT NULL,
  `created_at` timestamp NULL DEFAULT NULL,
  `updated_at` timestamp NULL DEFAULT NULL,
  PRIMARY KEY (`id`),
  UNIQUE KEY `wards_code_unique` (`code`)
) ENGINE=InnoDB AUTO_INCREMENT=3322 DEFAULT CHARSET=utf8mb4 COLLATE=utf8mb4_unicode_ci;
/*!40101 SET character_set_client = @saved_cs_client */;

--
-- Dumping data for table `wards`
--

LOCK TABLES `wards` WRITE;
/*!40000 ALTER TABLE `wards` DISABLE KEYS */;
INSERT INTO `wards` VALUES (1,'00004','Ba Đình','Ba Dinh','Phường Ba Đình','Ba Dinh Ward','ba_dinh','01',3,NULL,NULL),(2,'00008','Ngọc Hà','Ngoc Ha','Phường Ngọc Hà','Ngoc Ha Ward','ngoc_ha','01',3,NULL,NULL),(3,'00025','Giảng Võ','Giang Vo','Phường Giảng Võ','Giang Vo Ward','giang_vo','01',3,NULL,NULL),(4,'00070','Hoàn Kiếm','Hoan Kiem','Phường Hoàn Kiếm','Hoan Kiem Ward','hoan_kiem','01',3,NULL,NULL),(5,'00082','Cửa Nam','Cua Nam','Phường Cửa Nam','Cua Nam Ward','cua_nam','01',3,NULL,NULL),(6,'00091','Phú Thượng','Phu Thuong','Phường Phú Thượng','Phu Thuong Ward','phu_thuong','01',3,NULL,NULL),(7,'00097','Hồng Hà','Hong Ha','Phường Hồng Hà','Hong Ha Ward','hong_ha','01',3,NULL,NULL),(8,'00103','Tây Hồ','Tay Ho','Phường Tây Hồ','Tay Ho Ward','tay_ho','01',3,NULL,NULL),(9,'00118','Bồ Đề','Bo De','Phường Bồ Đề','Bo De Ward','bo_de','01',3,NULL,NULL),(10,'00127','Việt Hưng','Viet Hung','Phường Việt Hưng','Viet Hung Ward','viet_hung','01',3,NULL,NULL),(11,'00136','Phúc Lợi','Phuc Loi','Phường Phúc Lợi','Phuc Loi Ward','phuc_loi','01',3,NULL,NULL),(12,'00145','Long Biên','Long Bien','Phường Long Biên','Long Bien Ward','long_bien','01',3,NULL,NULL),(13,'00160','Nghĩa Đô','Nghia Do','Phường Nghĩa Đô','Nghia Do Ward','nghia_do','01',3,NULL,NULL),(14,'00166','Cầu Giấy','Cau Giay','Phường Cầu Giấy','Cau Giay Ward','cau_giay','01',3,NULL,NULL),(15,'00175','Yên Hòa','Yen Hoa','Phường Yên Hòa','Yen Hoa Ward','yen_hoa','01',3,NULL,NULL),(16,'00190','Ô Chợ Dừa','O Cho Dua','Phường Ô Chợ Dừa','O Cho Dua Ward','o_cho_dua','01',3,NULL,NULL),(17,'00199','Láng','Lang','Phường Láng','Lang Ward','lang','01',3,NULL,NULL),(18,'00226','Văn Miếu - Quốc Tử Giám','Van Mieu - Quoc Tu Giam','Phường Văn Miếu - Quốc Tử Giám','Van Mieu - Quoc Tu Giam Ward','van_mieu_quoc_tu_giam','01',3,NULL,NULL),(19,'00229','Kim Liên','Kim Lien','Phường Kim Liên','Kim Lien Ward','kim_lien','01',3,NULL,NULL),(20,'00235','Đống Đa','Dong Da','Phường Đống Đa','Dong Da Ward','dong_da','01',3,NULL,NULL),(21,'00256','Hai Bà Trưng','Hai Ba Trung','Phường Hai Bà Trưng','Hai Ba Trung Ward','hai_ba_trung','01',3,NULL,NULL),(22,'00283','Vĩnh Tuy','Vinh Tuy','Phường Vĩnh Tuy','Vinh Tuy Ward','vinh_tuy','01',3,NULL,NULL),(23,'00292','Bạch Mai','Bach Mai','Phường Bạch Mai','Bach Mai Ward','bach_mai','01',3,NULL,NULL),(24,'00301','Vĩnh Hưng','Vinh Hung','Phường Vĩnh Hưng','Vinh Hung Ward','vinh_hung','01',3,NULL,NULL),(25,'00316','Định Công','Dinh Cong','Phường Định Công','Dinh Cong Ward','dinh_cong','01',3,NULL,NULL),(26,'00322','Tương Mai','Tuong Mai','Phường Tương Mai','Tuong Mai Ward','tuong_mai','01',3,NULL,NULL),(27,'00328','Lĩnh Nam','Linh Nam','Phường Lĩnh Nam','Linh Nam Ward','linh_nam','01',3,NULL,NULL),(28,'00331','Hoàng Mai','Hoang Mai','Phường Hoàng Mai','Hoang Mai Ward','hoang_mai','01',3,NULL,NULL),(29,'00337','Hoàng Liệt','Hoang Liet','Phường Hoàng Liệt','Hoang Liet Ward','hoang_liet','01',3,NULL,NULL),(30,'00340','Yên Sở','Yen So','Phường Yên Sở','Yen So Ward','yen_so','01',3,NULL,NULL),(31,'00352','Phương Liệt','Phuong Liet','Phường Phương Liệt','Phuong Liet Ward','phuong_liet','01',3,NULL,NULL),(32,'00364','Khương Đình','Khuong Dinh','Phường Khương Đình','Khuong Dinh Ward','khuong_dinh','01',3,NULL,NULL),(33,'00367','Thanh Xuân','Thanh Xuan','Phường Thanh Xuân','Thanh Xuan Ward','thanh_xuan','01',3,NULL,NULL),(34,'00592','Từ Liêm','Tu Liem','Phường Từ Liêm','Tu Liem Ward','tu_liem','01',3,NULL,NULL),(35,'00598','Thượng Cát','Thuong Cat','Phường Thượng Cát','Thuong Cat Ward','thuong_cat','01',3,NULL,NULL),(36,'00602','Đông Ngạc','Dong Ngac','Phường Đông Ngạc','Dong Ngac Ward','dong_ngac','01',3,NULL,NULL),(37,'00611','Xuân Đỉnh','Xuan Dinh','Phường Xuân Đỉnh','Xuan Dinh Ward','xuan_dinh','01',3,NULL,NULL),(38,'00613','Tây Tựu','Tay Tuu','Phường Tây Tựu','Tay Tuu Ward','tay_tuu','01',3,NULL,NULL),(39,'00619','Phú Diễn','Phu Dien','Phường Phú Diễn','Phu Dien Ward','phu_dien','01',3,NULL,NULL),(40,'00622','Xuân Phương','Xuan Phuong','Phường Xuân Phương','Xuan Phuong Ward','xuan_phuong','01',3,NULL,NULL),(41,'00634','Tây Mỗ','Tay Mo','Phường Tây Mỗ','Tay Mo Ward','tay_mo','01',3,NULL,NULL),(42,'00637','Đại Mỗ','Dai Mo','Phường Đại Mỗ','Dai Mo Ward','dai_mo','01',3,NULL,NULL),(43,'00643','Thanh Liệt','Thanh Liet','Phường Thanh Liệt','Thanh Liet Ward','thanh_liet','01',3,NULL,NULL),(44,'09552','Kiến Hưng','Kien Hung','Phường Kiến Hưng','Kien Hung Ward','kien_hung','01',3,NULL,NULL),(45,'09556','Hà Đông','Ha Dong','Phường Hà Đông','Ha Dong Ward','ha_dong','01',3,NULL,NULL),(46,'09562','Yên Nghĩa','Yen Nghia','Phường Yên Nghĩa','Yen Nghia Ward','yen_nghia','01',3,NULL,NULL),(47,'09568','Phú Lương','Phu Luong','Phường Phú Lương','Phu Luong Ward','phu_luong','01',3,NULL,NULL),(48,'09574','Sơn Tây','Son Tay','Phường Sơn Tây','Son Tay Ward','son_tay','01',3,NULL,NULL),(49,'09604','Tùng Thiện','Tung Thien','Phường Tùng Thiện','Tung Thien Ward','tung_thien','01',3,NULL,NULL),(50,'09886','Dương Nội','Duong Noi','Phường Dương Nội','Duong Noi Ward','duong_noi','01',3,NULL,NULL),(51,'10015','Chương Mỹ','Chuong My','Phường Chương Mỹ','Chuong My Ward','chuong_my','01',3,NULL,NULL),(52,'00376','Sóc Sơn','Soc Son','Xã Sóc Sơn','Soc Son Commune','soc_son','01',4,NULL,NULL),(53,'00382','Kim Anh','Kim Anh','Xã Kim Anh','Kim Anh Commune','kim_anh','01',4,NULL,NULL),(54,'00385','Trung Giã','Trung Gia','Xã Trung Giã','Trung Gia Commune','trung_gia','01',4,NULL,NULL),(55,'00430','Đa Phúc','Da Phuc','Xã Đa Phúc','Da Phuc Commune','da_phuc','01',4,NULL,NULL),(56,'00433','Nội Bài','Noi Bai','Xã Nội Bài','Noi Bai Commune','noi_bai','01',4,NULL,NULL),(57,'00454','Đông Anh','Dong Anh','Xã Đông Anh','Dong Anh Commune','dong_anh','01',4,NULL,NULL),(58,'00466','Phúc Thịnh','Phuc Thinh','Xã Phúc Thịnh','Phuc Thinh Commune','phuc_thinh','01',4,NULL,NULL),(59,'00475','Thư Lâm','Thu Lam','Xã Thư Lâm','Thu Lam Commune','thu_lam','01',4,NULL,NULL),(60,'00493','Thiên Lộc','Thien Loc','Xã Thiên Lộc','Thien Loc Commune','thien_loc','01',4,NULL,NULL),(61,'00508','Vĩnh Thanh','Vinh Thanh','Xã Vĩnh Thanh','Vinh Thanh Commune','vinh_thanh','01',4,NULL,NULL),(62,'00541','Phù Đổng','Phu Dong','Xã Phù Đổng','Phu Dong Commune','phu_dong','01',4,NULL,NULL),(63,'00562','Thuận An','Thuan An','Xã Thuận An','Thuan An Commune','thuan_an','01',4,NULL,NULL),(64,'00565','Gia Lâm','Gia Lam','Xã Gia Lâm','Gia Lam Commune','gia_lam','01',4,NULL,NULL),(65,'00577','Bát Tràng','Bat Trang','Xã Bát Tràng','Bat Trang Commune','bat_trang','01',4,NULL,NULL),(66,'00640','Thanh Trì','Thanh Tri','Xã Thanh Trì','Thanh Tri Commune','thanh_tri','01',4,NULL,NULL),(67,'00664','Đại Thanh','Dai Thanh','Xã Đại Thanh','Dai Thanh Commune','dai_thanh','01',4,NULL,NULL),(68,'00679','Ngọc Hồi','Ngoc Hoi','Xã Ngọc Hồi','Ngoc Hoi Commune','ngoc_hoi','01',4,NULL,NULL),(69,'00685','Nam Phù','Nam Phu','Xã Nam Phù','Nam Phu Commune','nam_phu','01',4,NULL,NULL),(70,'04930','Yên Xuân','Yen Xuan','Xã Yên Xuân','Yen Xuan Commune','yen_xuan','01',4,NULL,NULL),(71,'08974','Quang Minh','Quang Minh','Xã Quang Minh','Quang Minh Commune','quang_minh','01',4,NULL,NULL),(72,'08980','Yên Lãng','Yen Lang','Xã Yên Lãng','Yen Lang Commune','yen_lang','01',4,NULL,NULL),(73,'08995','Tiến Thắng','Tien Thang','Xã Tiến Thắng','Tien Thang Commune','tien_thang','01',4,NULL,NULL),(74,'09022','Mê Linh','Me Linh','Xã Mê Linh','Me Linh Commune','me_linh','01',4,NULL,NULL),(75,'09616','Đoài Phương','Doai Phuong','Xã Đoài Phương','Doai Phuong Commune','doai_phuong','01',4,NULL,NULL),(76,'09619','Quảng Oai','Quang Oai','Xã Quảng Oai','Quang Oai Commune','quang_oai','01',4,NULL,NULL),(77,'09634','Cổ Đô','Co Do','Xã Cổ Đô','Co Do Commune','co_do','01',4,NULL,NULL),(78,'09661','Minh Châu','Minh Chau','Xã Minh Châu','Minh Chau Commune','minh_chau','01',4,NULL,NULL),(79,'09664','Vật Lại','Vat Lai','Xã Vật Lại','Vat Lai Commune','vat_lai','01',4,NULL,NULL),(80,'09676','Bất Bạt','Bat Bat','Xã Bất Bạt','Bat Bat Commune','bat_bat','01',4,NULL,NULL),(81,'09694','Suối Hai','Suoi Hai','Xã Suối Hai','Suoi Hai Commune','suoi_hai','01',4,NULL,NULL),(82,'09700','Ba Vì','Ba Vi','Xã Ba Vì','Ba Vi Commune','ba_vi','01',4,NULL,NULL),(83,'09706','Yên Bài','Yen Bai','Xã Yên Bài','Yen Bai Commune','yen_bai','01',4,NULL,NULL),(84,'09715','Phúc Thọ','Phuc Tho','Xã Phúc Thọ','Phuc Tho Commune','phuc_tho','01',4,NULL,NULL),(85,'09739','Phúc Lộc','Phuc Loc','Xã Phúc Lộc','Phuc Loc Commune','phuc_loc','01',4,NULL,NULL),(86,'09772','Hát Môn','Hat Mon','Xã Hát Môn','Hat Mon Commune','hat_mon','01',4,NULL,NULL),(87,'09784','Đan Phượng','Dan Phuong','Xã Đan Phượng','Dan Phuong Commune','dan_phuong','01',4,NULL,NULL),(88,'09787','Liên Minh','Lien Minh','Xã Liên Minh','Lien Minh Commune','lien_minh','01',4,NULL,NULL),(89,'09817','Ô Diên','O Dien','Xã Ô Diên','O Dien Commune','o_dien','01',4,NULL,NULL),(90,'09832','Hoài Đức','Hoai Duc','Xã Hoài Đức','Hoai Duc Commune','hoai_duc','01',4,NULL,NULL),(91,'09856','Dương Hòa','Duong Hoa','Xã Dương Hòa','Duong Hoa Commune','duong_hoa','01',4,NULL,NULL),(92,'09871','Sơn Đồng','Son Dong','Xã Sơn Đồng','Son Dong Commune','son_dong','01',4,NULL,NULL),(93,'09877','An Khánh','An Khanh','Xã An Khánh','An Khanh Commune','an_khanh','01',4,NULL,NULL),(94,'09895','Quốc Oai','Quoc Oai','Xã Quốc Oai','Quoc Oai Commune','quoc_oai','01',4,NULL,NULL),(95,'09910','Kiều Phú','Kieu Phu','Xã Kiều Phú','Kieu Phu Commune','kieu_phu','01',4,NULL,NULL),(96,'09931','Hưng Đạo','Hung Dao','Xã Hưng Đạo','Hung Dao Commune','hung_dao','01',4,NULL,NULL),(97,'09952','Phú Cát','Phu Cat','Xã Phú Cát','Phu Cat Commune','phu_cat','01',4,NULL,NULL),(98,'09955','Thạch Thất','Thach That','Xã Thạch Thất','Thach That Commune','thach_that','01',4,NULL,NULL),(99,'09982','Hạ Bằng','Ha Bang','Xã Hạ Bằng','Ha Bang Commune','ha_bang','01',4,NULL,NULL),(100,'09988','Hòa Lạc','Hoa Lac','Xã Hòa Lạc','Hoa Lac Commune','hoa_lac','01',4,NULL,NULL),(101,'10003','Tây Phương','Tay Phuong','Xã Tây Phương','Tay Phuong Commune','tay_phuong','01',4,NULL,NULL),(102,'10030','Phú Nghĩa','Phu Nghia','Xã Phú Nghĩa','Phu Nghia Commune','phu_nghia','01',4,NULL,NULL),(103,'10045','Xuân Mai','Xuan Mai','Xã Xuân Mai','Xuan Mai Commune','xuan_mai','01',4,NULL,NULL),(104,'10072','Quảng Bị','Quang Bi','Xã Quảng Bị','Quang Bi Commune','quang_bi','01',4,NULL,NULL),(105,'10081','Trần Phú','Tran Phu','Xã Trần Phú','Tran Phu Commune','tran_phu','01',4,NULL,NULL),(106,'10096','Hòa Phú','Hoa Phu','Xã Hòa Phú','Hoa Phu Commune','hoa_phu','01',4,NULL,NULL),(107,'10114','Thanh Oai','Thanh Oai','Xã Thanh Oai','Thanh Oai Commune','thanh_oai','01',4,NULL,NULL),(108,'10126','Bình Minh','Binh Minh','Xã Bình Minh','Binh Minh Commune','binh_minh','01',4,NULL,NULL),(109,'10144','Tam Hưng','Tam Hung','Xã Tam Hưng','Tam Hung Commune','tam_hung','01',4,NULL,NULL),(110,'10180','Dân Hòa','Dan Hoa','Xã Dân Hòa','Dan Hoa Commune','dan_hoa','01',4,NULL,NULL),(111,'10183','Thường Tín','Thuong Tin','Xã Thường Tín','Thuong Tin Commune','thuong_tin','01',4,NULL,NULL),(112,'10210','Hồng Vân','Hong Van','Xã Hồng Vân','Hong Van Commune','hong_van','01',4,NULL,NULL),(113,'10231','Thượng Phúc','Thuong Phuc','Xã Thượng Phúc','Thuong Phuc Commune','thuong_phuc','01',4,NULL,NULL),(114,'10237','Chương Dương','Chuong Duong','Xã Chương Dương','Chuong Duong Commune','chuong_duong','01',4,NULL,NULL),(115,'10273','Phú Xuyên','Phu Xuyen','Xã Phú Xuyên','Phu Xuyen Commune','phu_xuyen','01',4,NULL,NULL),(116,'10279','Phượng Dực','Phuong Duc','Xã Phượng Dực','Phuong Duc Commune','phuong_duc','01',4,NULL,NULL),(117,'10330','Chuyên Mỹ','Chuyen My','Xã Chuyên Mỹ','Chuyen My Commune','chuyen_my','01',4,NULL,NULL),(118,'10342','Đại Xuyên','Dai Xuyen','Xã Đại Xuyên','Dai Xuyen Commune','dai_xuyen','01',4,NULL,NULL),(119,'10354','Vân Đình','Van Dinh','Xã Vân Đình','Van Dinh Commune','van_dinh','01',4,NULL,NULL),(120,'10369','Ứng Thiên','Ung Thien','Xã Ứng Thiên','Ung Thien Commune','ung_thien','01',4,NULL,NULL),(121,'10402','Ứng Hòa','Ung Hoa','Xã Ứng Hòa','Ung Hoa Commune','ung_hoa','01',4,NULL,NULL),(122,'10417','Hòa Xá','Hoa Xa','Xã Hòa Xá','Hoa Xa Commune','hoa_xa','01',4,NULL,NULL),(123,'10441','Mỹ Đức','My Duc','Xã Mỹ Đức','My Duc Commune','my_duc','01',4,NULL,NULL),(124,'10459','Phúc Sơn','Phuc Son','Xã Phúc Sơn','Phuc Son Commune','phuc_son','01',4,NULL,NULL),(125,'10465','Hồng Sơn','Hong Son','Xã Hồng Sơn','Hong Son Commune','hong_son','01',4,NULL,NULL),(126,'10489','Hương Sơn','Huong Son','Xã Hương Sơn','Huong Son Commune','huong_son','01',4,NULL,NULL),(127,'01273','Thục Phán','Thuc Phan','Phường Thục Phán','Thuc Phan Ward','thuc_phan','04',3,NULL,NULL),(128,'01279','Nùng Trí Cao','Nung Tri Cao','Phường Nùng Trí Cao','Nung Tri Cao Ward','nung_tri_cao','04',3,NULL,NULL),(129,'01288','Tân Giang','Tan Giang','Phường Tân Giang','Tan Giang Ward','tan_giang','04',3,NULL,NULL),(130,'01290','Bảo Lâm','Bao Lam','Xã Bảo Lâm','Bao Lam Commune','bao_lam','04',4,NULL,NULL),(131,'01294','Lý Bôn','Ly Bon','Xã Lý Bôn','Ly Bon Commune','ly_bon','04',4,NULL,NULL),(132,'01297','Nam Quang','Nam Quang','Xã Nam Quang','Nam Quang Commune','nam_quang','04',4,NULL,NULL),(133,'01304','Quảng Lâm','Quang Lam','Xã Quảng Lâm','Quang Lam Commune','quang_lam','04',4,NULL,NULL),(134,'01318','Yên Thổ','Yen Tho','Xã Yên Thổ','Yen Tho Commune','yen_tho','04',4,NULL,NULL),(135,'01321','Bảo Lạc','Bao Lac','Xã Bảo Lạc','Bao Lac Commune','bao_lac','04',4,NULL,NULL),(136,'01324','Cốc Pàng','Coc Pang','Xã Cốc Pàng','Coc Pang Commune','coc_pang','04',4,NULL,NULL),(137,'01327','Cô Ba','Co Ba','Xã Cô Ba','Co Ba Commune','co_ba','04',4,NULL,NULL),(138,'01336','Khánh Xuân','Khanh Xuan','Xã Khánh Xuân','Khanh Xuan Commune','khanh_xuan','04',4,NULL,NULL),(139,'01339','Xuân Trường','Xuan Truong','Xã Xuân Trường','Xuan Truong Commune','xuan_truong','04',4,NULL,NULL),(140,'01351','Hưng Đạo','Hung Dao','Xã Hưng Đạo','Hung Dao Commune','hung_dao','04',4,NULL,NULL),(141,'01354','Huy Giáp','Huy Giap','Xã Huy Giáp','Huy Giap Commune','huy_giap','04',4,NULL,NULL),(142,'01360','Sơn Lộ','Son Lo','Xã Sơn Lộ','Son Lo Commune','son_lo','04',4,NULL,NULL),(143,'01363','Thông Nông','Thong Nong','Xã Thông Nông','Thong Nong Commune','thong_nong','04',4,NULL,NULL),(144,'01366','Cần Yên','Can Yen','Xã Cần Yên','Can Yen Commune','can_yen','04',4,NULL,NULL),(145,'01387','Thanh Long','Thanh Long','Xã Thanh Long','Thanh Long Commune','thanh_long','04',4,NULL,NULL),(146,'01392','Trường Hà','Truong Ha','Xã Trường Hà','Truong Ha Commune','truong_ha','04',4,NULL,NULL),(147,'01393','Lũng Nặm','Lung Nam','Xã Lũng Nặm','Lung Nam Commune','lung_nam','04',4,NULL,NULL),(148,'01414','Tổng Cọt','Tong Cot','Xã Tổng Cọt','Tong Cot Commune','tong_cot','04',4,NULL,NULL),(149,'01438','Hà Quảng','Ha Quang','Xã Hà Quảng','Ha Quang Commune','ha_quang','04',4,NULL,NULL),(150,'01447','Trà Lĩnh','Tra Linh','Xã Trà Lĩnh','Tra Linh Commune','tra_linh','04',4,NULL,NULL),(151,'01456','Quang Hán','Quang Han','Xã Quang Hán','Quang Han Commune','quang_han','04',4,NULL,NULL),(152,'01465','Quang Trung','Quang Trung','Xã Quang Trung','Quang Trung Commune','quang_trung','04',4,NULL,NULL),(153,'01477','Trùng Khánh','Trung Khanh','Xã Trùng Khánh','Trung Khanh Commune','trung_khanh','04',4,NULL,NULL),(154,'01489','Đình Phong','Dinh Phong','Xã Đình Phong','Dinh Phong Commune','dinh_phong','04',4,NULL,NULL),(155,'01501','Đàm Thủy','Dam Thuy','Xã Đàm Thủy','Dam Thuy Commune','dam_thuy','04',4,NULL,NULL),(156,'01525','Đoài Dương','Doai Duong','Xã Đoài Dương','Doai Duong Commune','doai_duong','04',4,NULL,NULL),(157,'01537','Lý Quốc','Ly Quoc','Xã Lý Quốc','Ly Quoc Commune','ly_quoc','04',4,NULL,NULL),(158,'01552','Quang Long','Quang Long','Xã Quang Long','Quang Long Commune','quang_long','04',4,NULL,NULL),(159,'01558','Hạ Lang','Ha Lang','Xã Hạ Lang','Ha Lang Commune','ha_lang','04',4,NULL,NULL),(160,'01561','Vinh Quý','Vinh Quy','Xã Vinh Quý','Vinh Quy Commune','vinh_quy','04',4,NULL,NULL),(161,'01576','Quảng Uyên','Quang Uyen','Xã Quảng Uyên','Quang Uyen Commune','quang_uyen','04',4,NULL,NULL),(162,'01594','Độc Lập','Doc Lap','Xã Độc Lập','Doc Lap Commune','doc_lap','04',4,NULL,NULL),(163,'01618','Hạnh Phúc','Hanh Phuc','Xã Hạnh Phúc','Hanh Phuc Commune','hanh_phuc','04',4,NULL,NULL),(164,'01636','Bế Văn Đàn','Be Van Dan','Xã Bế Văn Đàn','Be Van Dan Commune','be_van_dan','04',4,NULL,NULL),(165,'01648','Phục Hòa','Phuc Hoa','Xã Phục Hòa','Phuc Hoa Commune','phuc_hoa','04',4,NULL,NULL),(166,'01654','Hòa An','Hoa An','Xã Hòa An','Hoa An Commune','hoa_an','04',4,NULL,NULL),(167,'01660','Nam Tuấn','Nam Tuan','Xã Nam Tuấn','Nam Tuan Commune','nam_tuan','04',4,NULL,NULL),(168,'01699','Nguyễn Huệ','Nguyen Hue','Xã Nguyễn Huệ','Nguyen Hue Commune','nguyen_hue','04',4,NULL,NULL),(169,'01708','Bạch Đằng','Bach Dang','Xã Bạch Đằng','Bach Dang Commune','bach_dang','04',4,NULL,NULL),(170,'01726','Nguyên Bình','Nguyen Binh','Xã Nguyên Bình','Nguyen Binh Commune','nguyen_binh','04',4,NULL,NULL),(171,'01729','Tĩnh Túc','Tinh Tuc','Xã Tĩnh Túc','Tinh Tuc Commune','tinh_tuc','04',4,NULL,NULL),(172,'01738','Ca Thành','Ca Thanh','Xã Ca Thành','Ca Thanh Commune','ca_thanh','04',4,NULL,NULL),(173,'01747','Minh Tâm','Minh Tam','Xã Minh Tâm','Minh Tam Commune','minh_tam','04',4,NULL,NULL),(174,'01768','Phan Thanh','Phan Thanh','Xã Phan Thanh','Phan Thanh Commune','phan_thanh','04',4,NULL,NULL),(175,'01774','Tam Kim','Tam Kim','Xã Tam Kim','Tam Kim Commune','tam_kim','04',4,NULL,NULL),(176,'01777','Thành Công','Thanh Cong','Xã Thành Công','Thanh Cong Commune','thanh_cong','04',4,NULL,NULL),(177,'01786','Đông Khê','Dong Khe','Xã Đông Khê','Dong Khe Commune','dong_khe','04',4,NULL,NULL),(178,'01789','Canh Tân','Canh Tan','Xã Canh Tân','Canh Tan Commune','canh_tan','04',4,NULL,NULL),(179,'01792','Kim Đồng','Kim Dong','Xã Kim Đồng','Kim Dong Commune','kim_dong','04',4,NULL,NULL),(180,'01795','Minh Khai','Minh Khai','Xã Minh Khai','Minh Khai Commune','minh_khai','04',4,NULL,NULL),(181,'01807','Thạch An','Thach An','Xã Thạch An','Thach An Commune','thach_an','04',4,NULL,NULL),(182,'01822','Đức Long','Duc Long','Xã Đức Long','Duc Long Commune','duc_long','04',4,NULL,NULL),(183,'00691','Hà Giang 2','Ha Giang 2','Phường Hà Giang 2','Ha Giang 2 Ward','ha_giang_2','08',3,NULL,NULL),(184,'00694','Hà Giang 1','Ha Giang 1','Phường Hà Giang 1','Ha Giang 1 Ward','ha_giang_1','08',3,NULL,NULL),(185,'02212','Nông Tiến','Nong Tien','Phường Nông Tiến','Nong Tien Ward','nong_tien','08',3,NULL,NULL),(186,'02215','Minh Xuân','Minh Xuan','Phường Minh Xuân','Minh Xuan Ward','minh_xuan','08',3,NULL,NULL),(187,'02509','Mỹ Lâm','My Lam','Phường Mỹ Lâm','My Lam Ward','my_lam','08',3,NULL,NULL),(188,'02512','An Tường','An Tuong','Phường An Tường','An Tuong Ward','an_tuong','08',3,NULL,NULL),(189,'02524','Bình Thuận','Binh Thuan','Phường Bình Thuận','Binh Thuan Ward','binh_thuan','08',3,NULL,NULL),(190,'00700','Ngọc Đường','Ngoc Duong','Xã Ngọc Đường','Ngoc Duong Commune','ngoc_duong','08',4,NULL,NULL),(191,'00706','Phú Linh','Phu Linh','Xã Phú Linh','Phu Linh Commune','phu_linh','08',4,NULL,NULL),(192,'00715','Lũng Cú','Lung Cu','Xã Lũng Cú','Lung Cu Commune','lung_cu','08',4,NULL,NULL),(193,'00721','Đồng Văn','Dong Van','Xã Đồng Văn','Dong Van Commune','dong_van','08',4,NULL,NULL),(194,'00733','Sà Phìn','Sa Phin','Xã Sà Phìn','Sa Phin Commune','sa_phin','08',4,NULL,NULL),(195,'00745','Phó Bảng','Pho Bang','Xã Phó Bảng','Pho Bang Commune','pho_bang','08',4,NULL,NULL),(196,'00763','Lũng Phìn','Lung Phin','Xã Lũng Phìn','Lung Phin Commune','lung_phin','08',4,NULL,NULL),(197,'00769','Mèo Vạc','Meo Vac','Xã Mèo Vạc','Meo Vac Commune','meo_vac','08',4,NULL,NULL),(198,'00778','Sơn Vĩ','Son Vi','Xã Sơn Vĩ','Son Vi Commune','son_vi','08',4,NULL,NULL),(199,'00787','Sủng Máng','Sung Mang','Xã Sủng Máng','Sung Mang Commune','sung_mang','08',4,NULL,NULL),(200,'00802','Khâu Vai','Khau Vai','Xã Khâu Vai','Khau Vai Commune','khau_vai','08',4,NULL,NULL),(201,'00808','Tát Ngà','Tat Nga','Xã Tát Ngà','Tat Nga Commune','tat_nga','08',4,NULL,NULL),(202,'00817','Niêm Sơn','Niem Son','Xã Niêm Sơn','Niem Son Commune','niem_son','08',4,NULL,NULL),(203,'00820','Yên Minh','Yen Minh','Xã Yên Minh','Yen Minh Commune','yen_minh','08',4,NULL,NULL),(204,'00829','Thắng Mố','Thang Mo','Xã Thắng Mố','Thang Mo Commune','thang_mo','08',4,NULL,NULL),(205,'00832','Bạch Đích','Bach Dich','Xã Bạch Đích','Bach Dich Commune','bach_dich','08',4,NULL,NULL),(206,'00847','Mậu Duệ','Mau Due','Xã Mậu Duệ','Mau Due Commune','mau_due','08',4,NULL,NULL),(207,'00859','Ngọc Long','Ngoc Long','Xã Ngọc Long','Ngoc Long Commune','ngoc_long','08',4,NULL,NULL),(208,'00865','Đường Thượng','Duong Thuong','Xã Đường Thượng','Duong Thuong Commune','duong_thuong','08',4,NULL,NULL),(209,'00871','Du Già','Du Gia','Xã Du Già','Du Gia Commune','du_gia','08',4,NULL,NULL),(210,'00874','Quản Bạ','Quan Ba','Xã Quản Bạ','Quan Ba Commune','quan_ba','08',4,NULL,NULL),(211,'00883','Cán Tỷ','Can Ty','Xã Cán Tỷ','Can Ty Commune','can_ty','08',4,NULL,NULL),(212,'00889','Nghĩa Thuận','Nghia Thuan','Xã Nghĩa Thuận','Nghia Thuan Commune','nghia_thuan','08',4,NULL,NULL),(213,'00892','Tùng Vài','Tung Vai','Xã Tùng Vài','Tung Vai Commune','tung_vai','08',4,NULL,NULL),(214,'00901','Lùng Tám','Lung Tam','Xã Lùng Tám','Lung Tam Commune','lung_tam','08',4,NULL,NULL),(215,'00913','Vị Xuyên','Vi Xuyen','Xã Vị Xuyên','Vi Xuyen Commune','vi_xuyen','08',4,NULL,NULL),(216,'00919','Minh Tân','Minh Tan','Xã Minh Tân','Minh Tan Commune','minh_tan','08',4,NULL,NULL),(217,'00922','Thuận Hòa','Thuan Hoa','Xã Thuận Hòa','Thuan Hoa Commune','thuan_hoa','08',4,NULL,NULL),(218,'00925','Tùng Bá','Tung Ba','Xã Tùng Bá','Tung Ba Commune','tung_ba','08',4,NULL,NULL),(219,'00928','Thanh Thủy','Thanh Thuy','Xã Thanh Thủy','Thanh Thuy Commune','thanh_thuy','08',4,NULL,NULL),(220,'00937','Lao Chải','Lao Chai','Xã Lao Chải','Lao Chai Commune','lao_chai','08',4,NULL,NULL),(221,'00952','Cao Bồ','Cao Bo','Xã Cao Bồ','Cao Bo Commune','cao_bo','08',4,NULL,NULL),(222,'00958','Thượng Sơn','Thuong Son','Xã Thượng Sơn','Thuong Son Commune','thuong_son','08',4,NULL,NULL),(223,'00967','Việt Lâm','Viet Lam','Xã Việt Lâm','Viet Lam Commune','viet_lam','08',4,NULL,NULL),(224,'00970','Linh Hồ','Linh Ho','Xã Linh Hồ','Linh Ho Commune','linh_ho','08',4,NULL,NULL),(225,'00976','Bạch Ngọc','Bach Ngoc','Xã Bạch Ngọc','Bach Ngoc Commune','bach_ngoc','08',4,NULL,NULL),(226,'00982','Minh Sơn','Minh Son','Xã Minh Sơn','Minh Son Commune','minh_son','08',4,NULL,NULL),(227,'00985','Giáp Trung','Giap Trung','Xã Giáp Trung','Giap Trung Commune','giap_trung','08',4,NULL,NULL),(228,'00991','Bắc Mê','Bac Me','Xã Bắc Mê','Bac Me Commune','bac_me','08',4,NULL,NULL),(229,'00994','Minh Ngọc','Minh Ngoc','Xã Minh Ngọc','Minh Ngoc Commune','minh_ngoc','08',4,NULL,NULL),(230,'01006','Yên Cường','Yen Cuong','Xã Yên Cường','Yen Cuong Commune','yen_cuong','08',4,NULL,NULL),(231,'01012','Đường Hồng','Duong Hong','Xã Đường Hồng','Duong Hong Commune','duong_hong','08',4,NULL,NULL),(232,'01021','Hoàng Su Phì','Hoang Su Phi','Xã Hoàng Su Phì','Hoang Su Phi Commune','hoang_su_phi','08',4,NULL,NULL),(233,'01024','Bản Máy','Ban May','Xã Bản Máy','Ban May Commune','ban_may','08',4,NULL,NULL),(234,'01033','Thàng Tín','Thang Tin','Xã Thàng Tín','Thang Tin Commune','thang_tin','08',4,NULL,NULL),(235,'01051','Tân Tiến','Tan Tien','Xã Tân Tiến','Tan Tien Commune','tan_tien','08',4,NULL,NULL),(236,'01057','Pờ Ly Ngài','Po Ly Ngai','Xã Pờ Ly Ngài','Po Ly Ngai Commune','po_ly_ngai','08',4,NULL,NULL),(237,'01075','Nậm Dịch','Nam Dich','Xã Nậm Dịch','Nam Dich Commune','nam_dich','08',4,NULL,NULL),(238,'01084','Hồ Thầu','Ho Thau','Xã Hồ Thầu','Ho Thau Commune','ho_thau','08',4,NULL,NULL),(239,'01090','Thông Nguyên','Thong Nguyen','Xã Thông Nguyên','Thong Nguyen Commune','thong_nguyen','08',4,NULL,NULL),(240,'01096','Pà Vầy Sủ','Pa Vay Su','Xã Pà Vầy Sủ','Pa Vay Su Commune','pa_vay_su','08',4,NULL,NULL),(241,'01108','Xín Mần','Xin Man','Xã Xín Mần','Xin Man Commune','xin_man','08',4,NULL,NULL),(242,'01117','Trung Thịnh','Trung Thinh','Xã Trung Thịnh','Trung Thinh Commune','trung_thinh','08',4,NULL,NULL),(243,'01141','Nấm Dẩn','Nam Dan','Xã Nấm Dẩn','Nam Dan Commune','nam_dan','08',4,NULL,NULL),(244,'01144','Quảng Nguyên','Quang Nguyen','Xã Quảng Nguyên','Quang Nguyen Commune','quang_nguyen','08',4,NULL,NULL),(245,'01147','Khuôn Lùng','Khuon Lung','Xã Khuôn Lùng','Khuon Lung Commune','khuon_lung','08',4,NULL,NULL),(246,'01153','Bắc Quang','Bac Quang','Xã Bắc Quang','Bac Quang Commune','bac_quang','08',4,NULL,NULL),(247,'01156','Vĩnh Tuy','Vinh Tuy','Xã Vĩnh Tuy','Vinh Tuy Commune','vinh_tuy','08',4,NULL,NULL),(248,'01165','Đồng Tâm','Dong Tam','Xã Đồng Tâm','Dong Tam Commune','dong_tam','08',4,NULL,NULL),(249,'01171','Tân Quang','Tan Quang','Xã Tân Quang','Tan Quang Commune','tan_quang','08',4,NULL,NULL),(250,'01180','Bằng Hành','Bang Hanh','Xã Bằng Hành','Bang Hanh Commune','bang_hanh','08',4,NULL,NULL),(251,'01192','Liên Hiệp','Lien Hiep','Xã Liên Hiệp','Lien Hiep Commune','lien_hiep','08',4,NULL,NULL),(252,'01201','Hùng An','Hung An','Xã Hùng An','Hung An Commune','hung_an','08',4,NULL,NULL),(253,'01216','Đồng Yên','Dong Yen','Xã Đồng Yên','Dong Yen Commune','dong_yen','08',4,NULL,NULL),(254,'01225','Tiên Nguyên','Tien Nguyen','Xã Tiên Nguyên','Tien Nguyen Commune','tien_nguyen','08',4,NULL,NULL),(255,'01234','Yên Thành','Yen Thanh','Xã Yên Thành','Yen Thanh Commune','yen_thanh','08',4,NULL,NULL),(256,'01237','Quang Bình','Quang Binh','Xã Quang Bình','Quang Binh Commune','quang_binh','08',4,NULL,NULL),(257,'01243','Tân Trịnh','Tan Trinh','Xã Tân Trịnh','Tan Trinh Commune','tan_trinh','08',4,NULL,NULL),(258,'01246','Bằng Lang','Bang Lang','Xã Bằng Lang','Bang Lang Commune','bang_lang','08',4,NULL,NULL),(259,'01255','Xuân Giang','Xuan Giang','Xã Xuân Giang','Xuan Giang Commune','xuan_giang','08',4,NULL,NULL),(260,'01261','Tiên Yên','Tien Yen','Xã Tiên Yên','Tien Yen Commune','tien_yen','08',4,NULL,NULL),(261,'02221','Nà Hang','Na Hang','Xã Nà Hang','Na Hang Commune','na_hang','08',4,NULL,NULL),(262,'02239','Thượng Nông','Thuong Nong','Xã Thượng Nông','Thuong Nong Commune','thuong_nong','08',4,NULL,NULL),(263,'02245','Côn Lôn','Con Lon','Xã Côn Lôn','Con Lon Commune','con_lon','08',4,NULL,NULL),(264,'02248','Yên Hoa','Yen Hoa','Xã Yên Hoa','Yen Hoa Commune','yen_hoa','08',4,NULL,NULL),(265,'02260','Hồng Thái','Hong Thai','Xã Hồng Thái','Hong Thai Commune','hong_thai','08',4,NULL,NULL),(266,'02266','Lâm Bình','Lam Binh','Xã Lâm Bình','Lam Binh Commune','lam_binh','08',4,NULL,NULL),(267,'02269','Thượng Lâm','Thuong Lam','Xã Thượng Lâm','Thuong Lam Commune','thuong_lam','08',4,NULL,NULL),(268,'02287','Chiêm Hóa','Chiem Hoa','Xã Chiêm Hóa','Chiem Hoa Commune','chiem_hoa','08',4,NULL,NULL),(269,'02296','Bình An','Binh An','Xã Bình An','Binh An Commune','binh_an','08',4,NULL,NULL),(270,'02302','Minh Quang','Minh Quang','Xã Minh Quang','Minh Quang Commune','minh_quang','08',4,NULL,NULL),(271,'02305','Trung Hà','Trung Ha','Xã Trung Hà','Trung Ha Commune','trung_ha','08',4,NULL,NULL),(272,'02308','Tân Mỹ','Tan My','Xã Tân Mỹ','Tan My Commune','tan_my','08',4,NULL,NULL),(273,'02317','Yên Lập','Yen Lap','Xã Yên Lập','Yen Lap Commune','yen_lap','08',4,NULL,NULL),(274,'02320','Tân An','Tan An','Xã Tân An','Tan An Commune','tan_an','08',4,NULL,NULL),(275,'02332','Kiên Đài','Kien Dai','Xã Kiên Đài','Kien Dai Commune','kien_dai','08',4,NULL,NULL),(276,'02350','Kim Bình','Kim Binh','Xã Kim Bình','Kim Binh Commune','kim_binh','08',4,NULL,NULL),(277,'02353','Hòa An','Hoa An','Xã Hòa An','Hoa An Commune','hoa_an','08',4,NULL,NULL),(278,'02359','Tri Phú','Tri Phu','Xã Tri Phú','Tri Phu Commune','tri_phu','08',4,NULL,NULL),(279,'02365','Yên Nguyên','Yen Nguyen','Xã Yên Nguyên','Yen Nguyen Commune','yen_nguyen','08',4,NULL,NULL),(280,'02374','Hàm Yên','Ham Yen','Xã Hàm Yên','Ham Yen Commune','ham_yen','08',4,NULL,NULL),(281,'02380','Bạch Xa','Bach Xa','Xã Bạch Xa','Bach Xa Commune','bach_xa','08',4,NULL,NULL),(282,'02392','Phù Lưu','Phu Luu','Xã Phù Lưu','Phu Luu Commune','phu_luu','08',4,NULL,NULL),(283,'02398','Yên Phú','Yen Phu','Xã Yên Phú','Yen Phu Commune','yen_phu','08',4,NULL,NULL),(284,'02404','Bình Xa','Binh Xa','Xã Bình Xa','Binh Xa Commune','binh_xa','08',4,NULL,NULL),(285,'02407','Thái Sơn','Thai Son','Xã Thái Sơn','Thai Son Commune','thai_son','08',4,NULL,NULL),(286,'02419','Thái Hòa','Thai Hoa','Xã Thái Hòa','Thai Hoa Commune','thai_hoa','08',4,NULL,NULL),(287,'02425','Hùng Đức','Hung Duc','Xã Hùng Đức','Hung Duc Commune','hung_duc','08',4,NULL,NULL),(288,'02434','Lực Hành','Luc Hanh','Xã Lực Hành','Luc Hanh Commune','luc_hanh','08',4,NULL,NULL),(289,'02437','Kiến Thiết','Kien Thiet','Xã Kiến Thiết','Kien Thiet Commune','kien_thiet','08',4,NULL,NULL),(290,'02449','Xuân Vân','Xuan Van','Xã Xuân Vân','Xuan Van Commune','xuan_van','08',4,NULL,NULL),(291,'02455','Hùng Lợi','Hung Loi','Xã Hùng Lợi','Hung Loi Commune','hung_loi','08',4,NULL,NULL),(292,'02458','Trung Sơn','Trung Son','Xã Trung Sơn','Trung Son Commune','trung_son','08',4,NULL,NULL),(293,'02470','Tân Long','Tan Long','Xã Tân Long','Tan Long Commune','tan_long','08',4,NULL,NULL),(294,'02473','Yên Sơn','Yen Son','Xã Yên Sơn','Yen Son Commune','yen_son','08',4,NULL,NULL),(295,'02494','Thái Bình','Thai Binh','Xã Thái Bình','Thai Binh Commune','thai_binh','08',4,NULL,NULL),(296,'02530','Nhữ Khê','Nhu Khe','Xã Nhữ Khê','Nhu Khe Commune','nhu_khe','08',4,NULL,NULL),(297,'02536','Sơn Dương','Son Duong','Xã Sơn Dương','Son Duong Commune','son_duong','08',4,NULL,NULL),(298,'02545','Tân Trào','Tan Trao','Xã Tân Trào','Tan Trao Commune','tan_trao','08',4,NULL,NULL),(299,'02548','Bình Ca','Binh Ca','Xã Bình Ca','Binh Ca Commune','binh_ca','08',4,NULL,NULL),(300,'02554','Minh Thanh','Minh Thanh','Xã Minh Thanh','Minh Thanh Commune','minh_thanh','08',4,NULL,NULL),(301,'02572','Đông Thọ','Dong Tho','Xã Đông Thọ','Dong Tho Commune','dong_tho','08',4,NULL,NULL),(302,'02578','Tân Thanh','Tan Thanh','Xã Tân Thanh','Tan Thanh Commune','tan_thanh','08',4,NULL,NULL),(303,'02608','Hồng Sơn','Hong Son','Xã Hồng Sơn','Hong Son Commune','hong_son','08',4,NULL,NULL),(304,'02611','Phú Lương','Phu Luong','Xã Phú Lương','Phu Luong Commune','phu_luong','08',4,NULL,NULL),(305,'02620','Sơn Thủy','Son Thuy','Xã Sơn Thủy','Son Thuy Commune','son_thuy','08',4,NULL,NULL),(306,'02623','Trường Sinh','Truong Sinh','Xã Trường Sinh','Truong Sinh Commune','truong_sinh','08',4,NULL,NULL),(307,'03127','Điện Biên Phủ','Dien Bien Phu','Phường Điện Biên Phủ','Dien Bien Phu Ward','dien_bien_phu','11',3,NULL,NULL),(308,'03151','Mường Lay','Muong Lay','Phường Mường Lay','Muong Lay Ward','muong_lay','11',3,NULL,NULL),(309,'03334','Mường Thanh','Muong Thanh','Phường Mường Thanh','Muong Thanh Ward','muong_thanh','11',3,NULL,NULL),(310,'03158','Sín Thầu','Sin Thau','Xã Sín Thầu','Sin Thau Commune','sin_thau','11',4,NULL,NULL),(311,'03160','Mường Nhé','Muong Nhe','Xã Mường Nhé','Muong Nhe Commune','muong_nhe','11',4,NULL,NULL),(312,'03162','Nậm Kè','Nam Ke','Xã Nậm Kè','Nam Ke Commune','nam_ke','11',4,NULL,NULL),(313,'03163','Mường Toong','Muong Toong','Xã Mường Toong','Muong Toong Commune','muong_toong','11',4,NULL,NULL),(314,'03164','Quảng Lâm','Quang Lam','Xã Quảng Lâm','Quang Lam Commune','quang_lam','11',4,NULL,NULL),(315,'03166','Mường Chà','Muong Cha','Xã Mường Chà','Muong Cha Commune','muong_cha','11',4,NULL,NULL),(316,'03169','Nà Hỳ','Na Hy','Xã Nà Hỳ','Na Hy Commune','na_hy','11',4,NULL,NULL),(317,'03172','Na Sang','Na Sang','Xã Na Sang','Na Sang Commune','na_sang','11',4,NULL,NULL),(318,'03175','Chà Tở','Cha To','Xã Chà Tở','Cha To Commune','cha_to','11',4,NULL,NULL),(319,'03176','Nà Bủng','Na Bung','Xã Nà Bủng','Na Bung Commune','na_bung','11',4,NULL,NULL),(320,'03181','Mường Tùng','Muong Tung','Xã Mường Tùng','Muong Tung Commune','muong_tung','11',4,NULL,NULL),(321,'03193','Pa Ham','Pa Ham','Xã Pa Ham','Pa Ham Commune','pa_ham','11',4,NULL,NULL),(322,'03194','Nậm Nèn','Nam Nen','Xã Nậm Nèn','Nam Nen Commune','nam_nen','11',4,NULL,NULL),(323,'03199','Si Pa Phìn','Si Pa Phin','Xã Si Pa Phìn','Si Pa Phin Commune','si_pa_phin','11',4,NULL,NULL),(324,'03202','Mường Pồn','Muong Pon','Xã Mường Pồn','Muong Pon Commune','muong_pon','11',4,NULL,NULL),(325,'03203','Na Son','Na Son','Xã Na Son','Na Son Commune','na_son','11',4,NULL,NULL),(326,'03208','Xa Dung','Xa Dung','Xã Xa Dung','Xa Dung Commune','xa_dung','11',4,NULL,NULL),(327,'03214','Mường Luân','Muong Luan','Xã Mường Luân','Muong Luan Commune','muong_luan','11',4,NULL,NULL),(328,'03217','Tủa Chùa','Tua Chua','Xã Tủa Chùa','Tua Chua Commune','tua_chua','11',4,NULL,NULL),(329,'03220','Tủa Thàng','Tua Thang','Xã Tủa Thàng','Tua Thang Commune','tua_thang','11',4,NULL,NULL),(330,'03226','Sín Chải','Sin Chai','Xã Sín Chải','Sin Chai Commune','sin_chai','11',4,NULL,NULL),(331,'03241','Sính Phình','Sinh Phinh','Xã Sính Phình','Sinh Phinh Commune','sinh_phinh','11',4,NULL,NULL),(332,'03244','Sáng Nhè','Sang Nhe','Xã Sáng Nhè','Sang Nhe Commune','sang_nhe','11',4,NULL,NULL),(333,'03253','Tuần Giáo','Tuan Giao','Xã Tuần Giáo','Tuan Giao Commune','tuan_giao','11',4,NULL,NULL),(334,'03256','Mường Ảng','Muong Ang','Xã Mường Ảng','Muong Ang Commune','muong_ang','11',4,NULL,NULL),(335,'03260','Pú Nhung','Pu Nhung','Xã Pú Nhung','Pu Nhung Commune','pu_nhung','11',4,NULL,NULL),(336,'03268','Mường Mùn','Muong Mun','Xã Mường Mùn','Muong Mun Commune','muong_mun','11',4,NULL,NULL),(337,'03283','Chiềng Sinh','Chieng Sinh','Xã Chiềng Sinh','Chieng Sinh Commune','chieng_sinh','11',4,NULL,NULL),(338,'03295','Quài Tở','Quai To','Xã Quài Tở','Quai To Commune','quai_to','11',4,NULL,NULL),(339,'03301','Búng Lao','Bung Lao','Xã Búng Lao','Bung Lao Commune','bung_lao','11',4,NULL,NULL),(340,'03313','Mường Lạn','Muong Lan','Xã Mường Lạn','Muong Lan Commune','muong_lan','11',4,NULL,NULL),(341,'03316','Nà Tấu','Na Tau','Xã Nà Tấu','Na Tau Commune','na_tau','11',4,NULL,NULL),(342,'03325','Mường Phăng','Muong Phang','Xã Mường Phăng','Muong Phang Commune','muong_phang','11',4,NULL,NULL),(343,'03328','Thanh Nưa','Thanh Nua','Xã Thanh Nưa','Thanh Nua Commune','thanh_nua','11',4,NULL,NULL),(344,'03349','Thanh Yên','Thanh Yen','Xã Thanh Yên','Thanh Yen Commune','thanh_yen','11',4,NULL,NULL),(345,'03352','Thanh An','Thanh An','Xã Thanh An','Thanh An Commune','thanh_an','11',4,NULL,NULL),(346,'03356','Sam Mứn','Sam Mun','Xã Sam Mứn','Sam Mun Commune','sam_mun','11',4,NULL,NULL),(347,'03358','Núa Ngam','Nua Ngam','Xã Núa Ngam','Nua Ngam Commune','nua_ngam','11',4,NULL,NULL),(348,'03368','Mường Nhà','Muong Nha','Xã Mường Nhà','Muong Nha Commune','muong_nha','11',4,NULL,NULL),(349,'03370','Pu Nhi','Pu Nhi','Xã Pu Nhi','Pu Nhi Commune','pu_nhi','11',4,NULL,NULL),(350,'03382','Phình Giàng','Phinh Giang','Xã Phình Giàng','Phinh Giang Commune','phinh_giang','11',4,NULL,NULL),(351,'03385','Tìa Dình','Tia Dinh','Xã Tìa Dình','Tia Dinh Commune','tia_dinh','11',4,NULL,NULL),(352,'03388','Đoàn Kết','Doan Ket','Phường Đoàn Kết','Doan Ket Ward','doan_ket','12',3,NULL,NULL),(353,'03408','Tân Phong','Tan Phong','Phường Tân Phong','Tan Phong Ward','tan_phong','12',3,NULL,NULL),(354,'03390','Bình Lư','Binh Lu','Xã Bình Lư','Binh Lu Commune','binh_lu','12',4,NULL,NULL),(355,'03394','Sin Suối Hồ','Sin Suoi Ho','Xã Sin Suối Hồ','Sin Suoi Ho Commune','sin_suoi_ho','12',4,NULL,NULL),(356,'03405','Tả Lèng','Ta Leng','Xã Tả Lèng','Ta Leng Commune','ta_leng','12',4,NULL,NULL),(357,'03424','Bản Bo','Ban Bo','Xã Bản Bo','Ban Bo Commune','ban_bo','12',4,NULL,NULL),(358,'03430','Khun Há','Khun Ha','Xã Khun Há','Khun Ha Commune','khun_ha','12',4,NULL,NULL),(359,'03433','Bum Tở','Bum To','Xã Bum Tở','Bum To Commune','bum_to','12',4,NULL,NULL),(360,'03434','Nậm Hàng','Nam Hang','Xã Nậm Hàng','Nam Hang Commune','nam_hang','12',4,NULL,NULL),(361,'03439','Thu Lũm','Thu Lum','Xã Thu Lũm','Thu Lum Commune','thu_lum','12',4,NULL,NULL),(362,'03442','Pa Ủ','Pa U','Xã Pa Ủ','Pa U Commune','pa_u','12',4,NULL,NULL),(363,'03445','Mường Tè','Muong Te','Xã Mường Tè','Muong Te Commune','muong_te','12',4,NULL,NULL),(364,'03451','Mù Cả','Mu Ca','Xã Mù Cả','Mu Ca Commune','mu_ca','12',4,NULL,NULL),(365,'03460','Hua Bum','Hua Bum','Xã Hua Bum','Hua Bum Commune','hua_bum','12',4,NULL,NULL),(366,'03463','Tà Tổng','Ta Tong','Xã Tà Tổng','Ta Tong Commune','ta_tong','12',4,NULL,NULL),(367,'03466','Bum Nưa','Bum Nua','Xã Bum Nưa','Bum Nua Commune','bum_nua','12',4,NULL,NULL),(368,'03472','Mường Mô','Muong Mo','Xã Mường Mô','Muong Mo Commune','muong_mo','12',4,NULL,NULL),(369,'03478','Sìn Hồ','Sin Ho','Xã Sìn Hồ','Sin Ho Commune','sin_ho','12',4,NULL,NULL),(370,'03487','Lê Lợi','Le Loi','Xã Lê Lợi','Le Loi Commune','le_loi','12',4,NULL,NULL),(371,'03503','Pa Tần','Pa Tan','Xã Pa Tần','Pa Tan Commune','pa_tan','12',4,NULL,NULL),(372,'03508','Hồng Thu','Hong Thu','Xã Hồng Thu','Hong Thu Commune','hong_thu','12',4,NULL,NULL),(373,'03517','Nậm Tăm','Nam Tam','Xã Nậm Tăm','Nam Tam Commune','nam_tam','12',4,NULL,NULL),(374,'03529','Tủa Sín Chải','Tua Sin Chai','Xã Tủa Sín Chải','Tua Sin Chai Commune','tua_sin_chai','12',4,NULL,NULL),(375,'03532','Pu Sam Cáp','Pu Sam Cap','Xã Pu Sam Cáp','Pu Sam Cap Commune','pu_sam_cap','12',4,NULL,NULL),(376,'03538','Nậm Mạ','Nam Ma','Xã Nậm Mạ','Nam Ma Commune','nam_ma','12',4,NULL,NULL),(377,'03544','Nậm Cuổi','Nam Cuoi','Xã Nậm Cuổi','Nam Cuoi Commune','nam_cuoi','12',4,NULL,NULL),(378,'03549','Phong Thổ','Phong Tho','Xã Phong Thổ','Phong Tho Commune','phong_tho','12',4,NULL,NULL),(379,'03562','Sì Lở Lầu','Si Lo Lau','Xã Sì Lở Lầu','Si Lo Lau Commune','si_lo_lau','12',4,NULL,NULL),(380,'03571','Dào San','Dao San','Xã Dào San','Dao San Commune','dao_san','12',4,NULL,NULL),(381,'03583','Khổng Lào','Khong Lao','Xã Khổng Lào','Khong Lao Commune','khong_lao','12',4,NULL,NULL),(382,'03595','Than Uyên','Than Uyen','Xã Than Uyên','Than Uyen Commune','than_uyen','12',4,NULL,NULL),(383,'03598','Tân Uyên','Tan Uyen','Xã Tân Uyên','Tan Uyen Commune','tan_uyen','12',4,NULL,NULL),(384,'03601','Mường Khoa','Muong Khoa','Xã Mường Khoa','Muong Khoa Commune','muong_khoa','12',4,NULL,NULL),(385,'03613','Nậm Sỏ','Nam So','Xã Nậm Sỏ','Nam So Commune','nam_so','12',4,NULL,NULL),(386,'03616','Pắc Ta','Pac Ta','Xã Pắc Ta','Pac Ta Commune','pac_ta','12',4,NULL,NULL),(387,'03618','Mường Than','Muong Than','Xã Mường Than','Muong Than Commune','muong_than','12',4,NULL,NULL),(388,'03637','Mường Kim','Muong Kim','Xã Mường Kim','Muong Kim Commune','muong_kim','12',4,NULL,NULL),(389,'03640','Khoen On','Khoen On','Xã Khoen On','Khoen On Commune','khoen_on','12',4,NULL,NULL),(390,'03646','Tô Hiệu','To Hieu','Phường Tô Hiệu','To Hieu Ward','to_hieu','14',3,NULL,NULL),(391,'03664','Chiềng An','Chieng An','Phường Chiềng An','Chieng An Ward','chieng_an','14',3,NULL,NULL),(392,'03670','Chiềng Cơi','Chieng Coi','Phường Chiềng Cơi','Chieng Coi Ward','chieng_coi','14',3,NULL,NULL),(393,'03679','Chiềng Sinh','Chieng Sinh','Phường Chiềng Sinh','Chieng Sinh Ward','chieng_sinh','14',3,NULL,NULL),(394,'03979','Mộc Sơn','Moc Son','Phường Mộc Sơn','Moc Son Ward','moc_son','14',3,NULL,NULL),(395,'03980','Mộc Châu','Moc Chau','Phường Mộc Châu','Moc Chau Ward','moc_chau','14',3,NULL,NULL),(396,'03982','Thảo Nguyên','Thao Nguyen','Phường Thảo Nguyên','Thao Nguyen Ward','thao_nguyen','14',3,NULL,NULL),(397,'04033','Vân Sơn','Van Son','Phường Vân Sơn','Van Son Ward','van_son','14',3,NULL,NULL),(398,'03688','Mường Chiên','Muong Chien','Xã Mường Chiên','Muong Chien Commune','muong_chien','14',4,NULL,NULL),(399,'03694','Mường Giôn','Muong Gion','Xã Mường Giôn','Muong Gion Commune','muong_gion','14',4,NULL,NULL),(400,'03703','Quỳnh Nhai','Quynh Nhai','Xã Quỳnh Nhai','Quynh Nhai Commune','quynh_nhai','14',4,NULL,NULL),(401,'03712','Mường Sại','Muong Sai','Xã Mường Sại','Muong Sai Commune','muong_sai','14',4,NULL,NULL),(402,'03721','Thuận Châu','Thuan Chau','Xã Thuận Châu','Thuan Chau Commune','thuan_chau','14',4,NULL,NULL),(403,'03724','Bình Thuận','Binh Thuan','Xã Bình Thuận','Binh Thuan Commune','binh_thuan','14',4,NULL,NULL),(404,'03727','Mường É','Muong E','Xã Mường É','Muong E Commune','muong_e','14',4,NULL,NULL),(405,'03754','Chiềng La','Chieng La','Xã Chiềng La','Chieng La Commune','chieng_la','14',4,NULL,NULL),(406,'03757','Mường Khiêng','Muong Khieng','Xã Mường Khiêng','Muong Khieng Commune','muong_khieng','14',4,NULL,NULL),(407,'03760','Mường Bám','Muong Bam','Xã Mường Bám','Muong Bam Commune','muong_bam','14',4,NULL,NULL),(408,'03763','Long Hẹ','Long He','Xã Long Hẹ','Long He Commune','long_he','14',4,NULL,NULL),(409,'03781','Co Mạ','Co Ma','Xã Co Mạ','Co Ma Commune','co_ma','14',4,NULL,NULL),(410,'03784','Nậm Lầu','Nam Lau','Xã Nậm Lầu','Nam Lau Commune','nam_lau','14',4,NULL,NULL),(411,'03799','Muổi Nọi','Muoi Noi','Xã Muổi Nọi','Muoi Noi Commune','muoi_noi','14',4,NULL,NULL),(412,'03808','Mường La','Muong La','Xã Mường La','Muong La Commune','muong_la','14',4,NULL,NULL),(413,'03814','Chiềng Lao','Chieng Lao','Xã Chiềng Lao','Chieng Lao Commune','chieng_lao','14',4,NULL,NULL),(414,'03820','Ngọc Chiến','Ngoc Chien','Xã Ngọc Chiến','Ngoc Chien Commune','ngoc_chien','14',4,NULL,NULL),(415,'03847','Mường Bú','Muong Bu','Xã Mường Bú','Muong Bu Commune','muong_bu','14',4,NULL,NULL),(416,'03850','Chiềng Hoa','Chieng Hoa','Xã Chiềng Hoa','Chieng Hoa Commune','chieng_hoa','14',4,NULL,NULL),(417,'03856','Bắc Yên','Bac Yen','Xã Bắc Yên','Bac Yen Commune','bac_yen','14',4,NULL,NULL),(418,'03862','Xím Vàng','Xim Vang','Xã Xím Vàng','Xim Vang Commune','xim_vang','14',4,NULL,NULL),(419,'03868','Tà Xùa','Ta Xua','Xã Tà Xùa','Ta Xua Commune','ta_xua','14',4,NULL,NULL),(420,'03871','Pắc Ngà','Pac Nga','Xã Pắc Ngà','Pac Nga Commune','pac_nga','14',4,NULL,NULL),(421,'03880','Tạ Khoa','Ta Khoa','Xã Tạ Khoa','Ta Khoa Commune','ta_khoa','14',4,NULL,NULL),(422,'03892','Chiềng Sại','Chieng Sai','Xã Chiềng Sại','Chieng Sai Commune','chieng_sai','14',4,NULL,NULL),(423,'03901','Suối Tọ','Suoi To','Xã Suối Tọ','Suoi To Commune','suoi_to','14',4,NULL,NULL),(424,'03907','Mường Cơi','Muong Coi','Xã Mường Cơi','Muong Coi Commune','muong_coi','14',4,NULL,NULL),(425,'03910','Phù Yên','Phu Yen','Xã Phù Yên','Phu Yen Commune','phu_yen','14',4,NULL,NULL),(426,'03922','Gia Phù','Gia Phu','Xã Gia Phù','Gia Phu Commune','gia_phu','14',4,NULL,NULL),(427,'03943','Mường Bang','Muong Bang','Xã Mường Bang','Muong Bang Commune','muong_bang','14',4,NULL,NULL),(428,'03958','Tường Hạ','Tuong Ha','Xã Tường Hạ','Tuong Ha Commune','tuong_ha','14',4,NULL,NULL),(429,'03961','Kim Bon','Kim Bon','Xã Kim Bon','Kim Bon Commune','kim_bon','14',4,NULL,NULL),(430,'03970','Tân Phong','Tan Phong','Xã Tân Phong','Tan Phong Commune','tan_phong','14',4,NULL,NULL),(431,'03985','Chiềng Sơn','Chieng Son','Xã Chiềng Sơn','Chieng Son Commune','chieng_son','14',4,NULL,NULL),(432,'03997','Tân Yên','Tan Yen','Xã Tân Yên','Tan Yen Commune','tan_yen','14',4,NULL,NULL),(433,'04000','Đoàn Kết','Doan Ket','Xã Đoàn Kết','Doan Ket Commune','doan_ket','14',4,NULL,NULL),(434,'04006','Song Khủa','Song Khua','Xã Song Khủa','Song Khua Commune','song_khua','14',4,NULL,NULL),(435,'04018','Tô Múa','To Mua','Xã Tô Múa','To Mua Commune','to_mua','14',4,NULL,NULL),(436,'04045','Lóng Sập','Long Sap','Xã Lóng Sập','Long Sap Commune','long_sap','14',4,NULL,NULL),(437,'04048','Vân Hồ','Van Ho','Xã Vân Hồ','Van Ho Commune','van_ho','14',4,NULL,NULL),(438,'04057','Xuân Nha','Xuan Nha','Xã Xuân Nha','Xuan Nha Commune','xuan_nha','14',4,NULL,NULL),(439,'04075','Yên Châu','Yen Chau','Xã Yên Châu','Yen Chau Commune','yen_chau','14',4,NULL,NULL),(440,'04078','Chiềng Hặc','Chieng Hac','Xã Chiềng Hặc','Chieng Hac Commune','chieng_hac','14',4,NULL,NULL),(441,'04087','Yên Sơn','Yen Son','Xã Yên Sơn','Yen Son Commune','yen_son','14',4,NULL,NULL),(442,'04096','Lóng Phiêng','Long Phieng','Xã Lóng Phiêng','Long Phieng Commune','long_phieng','14',4,NULL,NULL),(443,'04099','Phiêng Khoài','Phieng Khoai','Xã Phiêng Khoài','Phieng Khoai Commune','phieng_khoai','14',4,NULL,NULL),(444,'04105','Mai Sơn','Mai Son','Xã Mai Sơn','Mai Son Commune','mai_son','14',4,NULL,NULL),(445,'04108','Chiềng Sung','Chieng Sung','Xã Chiềng Sung','Chieng Sung Commune','chieng_sung','14',4,NULL,NULL),(446,'04117','Mường Chanh','Muong Chanh','Xã Mường Chanh','Muong Chanh Commune','muong_chanh','14',4,NULL,NULL),(447,'04123','Chiềng Mung','Chieng Mung','Xã Chiềng Mung','Chieng Mung Commune','chieng_mung','14',4,NULL,NULL),(448,'04132','Chiềng Mai','Chieng Mai','Xã Chiềng Mai','Chieng Mai Commune','chieng_mai','14',4,NULL,NULL),(449,'04136','Tà Hộc','Ta Hoc','Xã Tà Hộc','Ta Hoc Commune','ta_hoc','14',4,NULL,NULL),(450,'04144','Phiêng Cằm','Phieng Cam','Xã Phiêng Cằm','Phieng Cam Commune','phieng_cam','14',4,NULL,NULL),(451,'04159','Phiêng Pằn','Phieng Pan','Xã Phiêng Pằn','Phieng Pan Commune','phieng_pan','14',4,NULL,NULL),(452,'04168','Sông Mã','Song Ma','Xã Sông Mã','Song Ma Commune','song_ma','14',4,NULL,NULL),(453,'04171','Bó Sinh','Bo Sinh','Xã Bó Sinh','Bo Sinh Commune','bo_sinh','14',4,NULL,NULL),(454,'04183','Mường Lầm','Muong Lam','Xã Mường Lầm','Muong Lam Commune','muong_lam','14',4,NULL,NULL),(455,'04186','Nậm Ty','Nam Ty','Xã Nậm Ty','Nam Ty Commune','nam_ty','14',4,NULL,NULL),(456,'04195','Chiềng Sơ','Chieng So','Xã Chiềng Sơ','Chieng So Commune','chieng_so','14',4,NULL,NULL),(457,'04204','Chiềng Khoong','Chieng Khoong','Xã Chiềng Khoong','Chieng Khoong Commune','chieng_khoong','14',4,NULL,NULL),(458,'04210','Huổi Một','Huoi Mot','Xã Huổi Một','Huoi Mot Commune','huoi_mot','14',4,NULL,NULL),(459,'04219','Mường Hung','Muong Hung','Xã Mường Hung','Muong Hung Commune','muong_hung','14',4,NULL,NULL),(460,'04222','Chiềng Khương','Chieng Khuong','Xã Chiềng Khương','Chieng Khuong Commune','chieng_khuong','14',4,NULL,NULL),(461,'04228','Púng Bánh','Pung Banh','Xã Púng Bánh','Pung Banh Commune','pung_banh','14',4,NULL,NULL),(462,'04231','Sốp Cộp','Sop Cop','Xã Sốp Cộp','Sop Cop Commune','sop_cop','14',4,NULL,NULL),(463,'04240','Mường Lèo','Muong Leo','Xã Mường Lèo','Muong Leo Commune','muong_leo','14',4,NULL,NULL),(464,'04246','Mường Lạn','Muong Lan','Xã Mường Lạn','Muong Lan Commune','muong_lan','14',4,NULL,NULL),(465,'02647','Lào Cai','Lao Cai','Phường Lào Cai','Lao Cai Ward','lao_cai','15',3,NULL,NULL),(466,'02671','Cam Đường','Cam Duong','Phường Cam Đường','Cam Duong Ward','cam_duong','15',3,NULL,NULL),(467,'03006','Sa Pa','Sa Pa','Phường Sa Pa','Sa Pa Ward','sa_pa','15',3,NULL,NULL),(468,'04252','Yên Bái','Yen Bai','Phường Yên Bái','Yen Bai Ward','yen_bai','15',3,NULL,NULL),(469,'04273','Nam Cường','Nam Cuong','Phường Nam Cường','Nam Cuong Ward','nam_cuong','15',3,NULL,NULL),(470,'04279','Văn Phú','Van Phu','Phường Văn Phú','Van Phu Ward','van_phu','15',3,NULL,NULL),(471,'04288','Nghĩa Lộ','Nghia Lo','Phường Nghĩa Lộ','Nghia Lo Ward','nghia_lo','15',3,NULL,NULL),(472,'04543','Âu Lâu','Au Lau','Phường Âu Lâu','Au Lau Ward','au_lau','15',3,NULL,NULL),(473,'04663','Trung Tâm','Trung Tam','Phường Trung Tâm','Trung Tam Ward','trung_tam','15',3,NULL,NULL),(474,'04681','Cầu Thia','Cau Thia','Phường Cầu Thia','Cau Thia Ward','cau_thia','15',3,NULL,NULL),(475,'02680','Hợp Thành','Hop Thanh','Xã Hợp Thành','Hop Thanh Commune','hop_thanh','15',4,NULL,NULL),(476,'02683','Bát Xát','Bat Xat','Xã Bát Xát','Bat Xat Commune','bat_xat','15',4,NULL,NULL),(477,'02686','A Mú Sung','A Mu Sung','Xã A Mú Sung','A Mu Sung Commune','a_mu_sung','15',4,NULL,NULL),(478,'02695','Trịnh Tường','Trinh Tuong','Xã Trịnh Tường','Trinh Tuong Commune','trinh_tuong','15',4,NULL,NULL),(479,'02701','Y Tý','Y Ty','Xã Y Tý','Y Ty Commune','y_ty','15',4,NULL,NULL),(480,'02707','Dền Sáng','Den Sang','Xã Dền Sáng','Den Sang Commune','den_sang','15',4,NULL,NULL),(481,'02725','Bản Xèo','Ban Xeo','Xã Bản Xèo','Ban Xeo Commune','ban_xeo','15',4,NULL,NULL),(482,'02728','Mường Hum','Muong Hum','Xã Mường Hum','Muong Hum Commune','muong_hum','15',4,NULL,NULL),(483,'02746','Cốc San','Coc San','Xã Cốc San','Coc San Commune','coc_san','15',4,NULL,NULL),(484,'02752','Pha Long','Pha Long','Xã Pha Long','Pha Long Commune','pha_long','15',4,NULL,NULL),(485,'02761','Mường Khương','Muong Khuong','Xã Mường Khương','Muong Khuong Commune','muong_khuong','15',4,NULL,NULL),(486,'02782','Cao Sơn','Cao Son','Xã Cao Sơn','Cao Son Commune','cao_son','15',4,NULL,NULL),(487,'02788','Bản Lầu','Ban Lau','Xã Bản Lầu','Ban Lau Commune','ban_lau','15',4,NULL,NULL),(488,'02809','Si Ma Cai','Si Ma Cai','Xã Si Ma Cai','Si Ma Cai Commune','si_ma_cai','15',4,NULL,NULL),(489,'02824','Sín Chéng','Sin Cheng','Xã Sín Chéng','Sin Cheng Commune','sin_cheng','15',4,NULL,NULL),(490,'02839','Bắc Hà','Bac Ha','Xã Bắc Hà','Bac Ha Commune','bac_ha','15',4,NULL,NULL),(491,'02842','Tả Củ Tỷ','Ta Cu Ty','Xã Tả Củ Tỷ','Ta Cu Ty Commune','ta_cu_ty','15',4,NULL,NULL),(492,'02848','Lùng Phình','Lung Phinh','Xã Lùng Phình','Lung Phinh Commune','lung_phinh','15',4,NULL,NULL),(493,'02869','Bản Liền','Ban Lien','Xã Bản Liền','Ban Lien Commune','ban_lien','15',4,NULL,NULL),(494,'02890','Bảo Nhai','Bao Nhai','Xã Bảo Nhai','Bao Nhai Commune','bao_nhai','15',4,NULL,NULL),(495,'02896','Cốc Lầu','Coc Lau','Xã Cốc Lầu','Coc Lau Commune','coc_lau','15',4,NULL,NULL),(496,'02902','Phong Hải','Phong Hai','Xã Phong Hải','Phong Hai Commune','phong_hai','15',4,NULL,NULL),(497,'02905','Bảo Thắng','Bao Thang','Xã Bảo Thắng','Bao Thang Commune','bao_thang','15',4,NULL,NULL),(498,'02908','Tằng Loỏng','Tang Loong','Xã Tằng Loỏng','Tang Loong Commune','tang_loong','15',4,NULL,NULL),(499,'02923','Gia Phú','Gia Phu','Xã Gia Phú','Gia Phu Commune','gia_phu','15',4,NULL,NULL),(500,'02926','Xuân Quang','Xuan Quang','Xã Xuân Quang','Xuan Quang Commune','xuan_quang','15',4,NULL,NULL),(501,'02947','Bảo Yên','Bao Yen','Xã Bảo Yên','Bao Yen Commune','bao_yen','15',4,NULL,NULL),(502,'02953','Nghĩa Đô','Nghia Do','Xã Nghĩa Đô','Nghia Do Commune','nghia_do','15',4,NULL,NULL),(503,'02962','Xuân Hòa','Xuan Hoa','Xã Xuân Hòa','Xuan Hoa Commune','xuan_hoa','15',4,NULL,NULL),(504,'02968','Thượng Hà','Thuong Ha','Xã Thượng Hà','Thuong Ha Commune','thuong_ha','15',4,NULL,NULL),(505,'02989','Bảo Hà','Bao Ha','Xã Bảo Hà','Bao Ha Commune','bao_ha','15',4,NULL,NULL),(506,'02998','Phúc Khánh','Phuc Khanh','Xã Phúc Khánh','Phuc Khanh Commune','phuc_khanh','15',4,NULL,NULL),(507,'03004','Ngũ Chỉ Sơn','Ngu Chi Son','Xã Ngũ Chỉ Sơn','Ngu Chi Son Commune','ngu_chi_son','15',4,NULL,NULL),(508,'03013','Tả Phìn','Ta Phin','Xã Tả Phìn','Ta Phin Commune','ta_phin','15',4,NULL,NULL),(509,'03037','Tả Van','Ta Van','Xã Tả Van','Ta Van Commune','ta_van','15',4,NULL,NULL),(510,'03043','Mường Bo','Muong Bo','Xã Mường Bo','Muong Bo Commune','muong_bo','15',4,NULL,NULL),(511,'03046','Bản Hồ','Ban Ho','Xã Bản Hồ','Ban Ho Commune','ban_ho','15',4,NULL,NULL),(512,'03061','Võ Lao','Vo Lao','Xã Võ Lao','Vo Lao Commune','vo_lao','15',4,NULL,NULL),(513,'03076','Nậm Chày','Nam Chay','Xã Nậm Chày','Nam Chay Commune','nam_chay','15',4,NULL,NULL),(514,'03082','Văn Bàn','Van Ban','Xã Văn Bàn','Van Ban Commune','van_ban','15',4,NULL,NULL),(515,'03085','Nậm Xé','Nam Xe','Xã Nậm Xé','Nam Xe Commune','nam_xe','15',4,NULL,NULL),(516,'03091','Chiềng Ken','Chieng Ken','Xã Chiềng Ken','Chieng Ken Commune','chieng_ken','15',4,NULL,NULL),(517,'03103','Khánh Yên','Khanh Yen','Xã Khánh Yên','Khanh Yen Commune','khanh_yen','15',4,NULL,NULL),(518,'03106','Dương Quỳ','Duong Quy','Xã Dương Quỳ','Duong Quy Commune','duong_quy','15',4,NULL,NULL),(519,'03121','Minh Lương','Minh Luong','Xã Minh Lương','Minh Luong Commune','minh_luong','15',4,NULL,NULL),(520,'04303','Lục Yên','Luc Yen','Xã Lục Yên','Luc Yen Commune','luc_yen','15',4,NULL,NULL),(521,'04309','Lâm Thượng','Lam Thuong','Xã Lâm Thượng','Lam Thuong Commune','lam_thuong','15',4,NULL,NULL),(522,'04336','Tân Lĩnh','Tan Linh','Xã Tân Lĩnh','Tan Linh Commune','tan_linh','15',4,NULL,NULL),(523,'04342','Khánh Hòa','Khanh Hoa','Xã Khánh Hòa','Khanh Hoa Commune','khanh_hoa','15',4,NULL,NULL),(524,'04345','Mường Lai','Muong Lai','Xã Mường Lai','Muong Lai Commune','muong_lai','15',4,NULL,NULL),(525,'04363','Phúc Lợi','Phuc Loi','Xã Phúc Lợi','Phuc Loi Commune','phuc_loi','15',4,NULL,NULL),(526,'04375','Mậu A','Mau A','Xã Mậu A','Mau A Commune','mau_a','15',4,NULL,NULL),(527,'04381','Lâm Giang','Lam Giang','Xã Lâm Giang','Lam Giang Commune','lam_giang','15',4,NULL,NULL),(528,'04387','Châu Quế','Chau Que','Xã Châu Quế','Chau Que Commune','chau_que','15',4,NULL,NULL),(529,'04399','Đông Cuông','Dong Cuong','Xã Đông Cuông','Dong Cuong Commune','dong_cuong','15',4,NULL,NULL),(530,'04402','Phong Dụ Hạ','Phong Du Ha','Xã Phong Dụ Hạ','Phong Du Ha Commune','phong_du_ha','15',4,NULL,NULL),(531,'04423','Phong Dụ Thượng','Phong Du Thuong','Xã Phong Dụ Thượng','Phong Du Thuong Commune','phong_du_thuong','15',4,NULL,NULL),(532,'04429','Tân Hợp','Tan Hop','Xã Tân Hợp','Tan Hop Commune','tan_hop','15',4,NULL,NULL),(533,'04441','Xuân Ái','Xuan Ai','Xã Xuân Ái','Xuan Ai Commune','xuan_ai','15',4,NULL,NULL),(534,'04450','Mỏ Vàng','Mo Vang','Xã Mỏ Vàng','Mo Vang Commune','mo_vang','15',4,NULL,NULL),(535,'04456','Mù Cang Chải','Mu Cang Chai','Xã Mù Cang Chải','Mu Cang Chai Commune','mu_cang_chai','15',4,NULL,NULL),(536,'04462','Nậm Có','Nam Co','Xã Nậm Có','Nam Co Commune','nam_co','15',4,NULL,NULL),(537,'04465','Khao Mang','Khao Mang','Xã Khao Mang','Khao Mang Commune','khao_mang','15',4,NULL,NULL),(538,'04474','Lao Chải','Lao Chai','Xã Lao Chải','Lao Chai Commune','lao_chai','15',4,NULL,NULL),(539,'04489','Chế Tạo','Che Tao','Xã Chế Tạo','Che Tao Commune','che_tao','15',4,NULL,NULL),(540,'04492','Púng Luông','Pung Luong','Xã Púng Luông','Pung Luong Commune','pung_luong','15',4,NULL,NULL),(541,'04498','Trấn Yên','Tran Yen','Xã Trấn Yên','Tran Yen Commune','tran_yen','15',4,NULL,NULL),(542,'04531','Quy Mông','Quy Mong','Xã Quy Mông','Quy Mong Commune','quy_mong','15',4,NULL,NULL),(543,'04537','Lương Thịnh','Luong Thinh','Xã Lương Thịnh','Luong Thinh Commune','luong_thinh','15',4,NULL,NULL),(544,'04564','Việt Hồng','Viet Hong','Xã Việt Hồng','Viet Hong Commune','viet_hong','15',4,NULL,NULL),(545,'04576','Hưng Khánh','Hung Khanh','Xã Hưng Khánh','Hung Khanh Commune','hung_khanh','15',4,NULL,NULL),(546,'04585','Hạnh Phúc','Hanh Phuc','Xã Hạnh Phúc','Hanh Phuc Commune','hanh_phuc','15',4,NULL,NULL),(547,'04603','Tà Xi Láng','Ta Xi Lang','Xã Tà Xi Láng','Ta Xi Lang Commune','ta_xi_lang','15',4,NULL,NULL),(548,'04606','Trạm Tấu','Tram Tau','Xã Trạm Tấu','Tram Tau Commune','tram_tau','15',4,NULL,NULL),(549,'04609','Phình Hồ','Phinh Ho','Xã Phình Hồ','Phinh Ho Commune','phinh_ho','15',4,NULL,NULL),(550,'04630','Tú Lệ','Tu Le','Xã Tú Lệ','Tu Le Commune','tu_le','15',4,NULL,NULL),(551,'04636','Gia Hội','Gia Hoi','Xã Gia Hội','Gia Hoi Commune','gia_hoi','15',4,NULL,NULL),(552,'04651','Sơn Lương','Son Luong','Xã Sơn Lương','Son Luong Commune','son_luong','15',4,NULL,NULL),(553,'04660','Liên Sơn','Lien Son','Xã Liên Sơn','Lien Son Commune','lien_son','15',4,NULL,NULL),(554,'04672','Văn Chấn','Van Chan','Xã Văn Chấn','Van Chan Commune','van_chan','15',4,NULL,NULL),(555,'04693','Cát Thịnh','Cat Thinh','Xã Cát Thịnh','Cat Thinh Commune','cat_thinh','15',4,NULL,NULL),(556,'04699','Chấn Thịnh','Chan Thinh','Xã Chấn Thịnh','Chan Thinh Commune','chan_thinh','15',4,NULL,NULL),(557,'04705','Thượng Bằng La','Thuong Bang La','Xã Thượng Bằng La','Thuong Bang La Commune','thuong_bang_la','15',4,NULL,NULL),(558,'04711','Nghĩa Tâm','Nghia Tam','Xã Nghĩa Tâm','Nghia Tam Commune','nghia_tam','15',4,NULL,NULL),(559,'04714','Yên Bình','Yen Binh','Xã Yên Bình','Yen Binh Commune','yen_binh','15',4,NULL,NULL),(560,'04717','Thác Bà','Thac Ba','Xã Thác Bà','Thac Ba Commune','thac_ba','15',4,NULL,NULL),(561,'04726','Cảm Nhân','Cam Nhan','Xã Cảm Nhân','Cam Nhan Commune','cam_nhan','15',4,NULL,NULL),(562,'04744','Yên Thành','Yen Thanh','Xã Yên Thành','Yen Thanh Commune','yen_thanh','15',4,NULL,NULL),(563,'04750','Bảo Ái','Bao Ai','Xã Bảo Ái','Bao Ai Commune','bao_ai','15',4,NULL,NULL),(564,'01840','Đức Xuân','Duc Xuan','Phường Đức Xuân','Duc Xuan Ward','duc_xuan','19',3,NULL,NULL),(565,'01843','Bắc Kạn','Bac Kan','Phường Bắc Kạn','Bac Kan Ward','bac_kan','19',3,NULL,NULL),(566,'05443','Phan Đình Phùng','Phan Dinh Phung','Phường Phan Đình Phùng','Phan Dinh Phung Ward','phan_dinh_phung','19',3,NULL,NULL),(567,'05455','Quyết Thắng','Quyet Thang','Phường Quyết Thắng','Quyet Thang Ward','quyet_thang','19',3,NULL,NULL),(568,'05467','Gia Sàng','Gia Sang','Phường Gia Sàng','Gia Sang Ward','gia_sang','19',3,NULL,NULL),(569,'05482','Quan Triều','Quan Trieu','Phường Quan Triều','Quan Trieu Ward','quan_trieu','19',3,NULL,NULL),(570,'05500','Tích Lương','Tich Luong','Phường Tích Lương','Tich Luong Ward','tich_luong','19',3,NULL,NULL),(571,'05518','Sông Công','Song Cong','Phường Sông Công','Song Cong Ward','song_cong','19',3,NULL,NULL),(572,'05528','Bách Quang','Bach Quang','Phường Bách Quang','Bach Quang Ward','bach_quang','19',3,NULL,NULL),(573,'05533','Bá Xuyên','Ba Xuyen','Phường Bá Xuyên','Ba Xuyen Ward','ba_xuyen','19',3,NULL,NULL),(574,'05710','Linh Sơn','Linh Son','Phường Linh Sơn','Linh Son Ward','linh_son','19',3,NULL,NULL),(575,'05857','Phúc Thuận','Phuc Thuan','Phường Phúc Thuận','Phuc Thuan Ward','phuc_thuan','19',3,NULL,NULL),(576,'05860','Phổ Yên','Pho Yen','Phường Phổ Yên','Pho Yen Ward','pho_yen','19',3,NULL,NULL),(577,'05890','Vạn Xuân','Van Xuan','Phường Vạn Xuân','Van Xuan Ward','van_xuan','19',3,NULL,NULL),(578,'05899','Trung Thành','Trung Thanh','Phường Trung Thành','Trung Thanh Ward','trung_thanh','19',3,NULL,NULL),(579,'01849','Phong Quang','Phong Quang','Xã Phong Quang','Phong Quang Commune','phong_quang','19',4,NULL,NULL),(580,'01864','Bằng Thành','Bang Thanh','Xã Bằng Thành','Bang Thanh Commune','bang_thanh','19',4,NULL,NULL),(581,'01879','Cao Minh','Cao Minh','Xã Cao Minh','Cao Minh Commune','cao_minh','19',4,NULL,NULL),(582,'01882','Nghiên Loan','Nghien Loan','Xã Nghiên Loan','Nghien Loan Commune','nghien_loan','19',4,NULL,NULL),(583,'01894','Phúc Lộc','Phuc Loc','Xã Phúc Lộc','Phuc Loc Commune','phuc_loc','19',4,NULL,NULL),(584,'01906','Ba Bể','Ba Be','Xã Ba Bể','Ba Be Commune','ba_be','19',4,NULL,NULL),(585,'01912','Chợ Rã','Cho Ra','Xã Chợ Rã','Cho Ra Commune','cho_ra','19',4,NULL,NULL),(586,'01921','Thượng Minh','Thuong Minh','Xã Thượng Minh','Thuong Minh Commune','thuong_minh','19',4,NULL,NULL),(587,'01933','Đồng Phúc','Dong Phuc','Xã Đồng Phúc','Dong Phuc Commune','dong_phuc','19',4,NULL,NULL),(588,'01936','Nà Phặc','Na Phac','Xã Nà Phặc','Na Phac Commune','na_phac','19',4,NULL,NULL),(589,'01942','Bằng Vân','Bang Van','Xã Bằng Vân','Bang Van Commune','bang_van','19',4,NULL,NULL),(590,'01954','Ngân Sơn','Ngan Son','Xã Ngân Sơn','Ngan Son Commune','ngan_son','19',4,NULL,NULL),(591,'01957','Thượng Quan','Thuong Quan','Xã Thượng Quan','Thuong Quan Commune','thuong_quan','19',4,NULL,NULL),(592,'01960','Hiệp Lực','Hiep Luc','Xã Hiệp Lực','Hiep Luc Commune','hiep_luc','19',4,NULL,NULL),(593,'01969','Phủ Thông','Phu Thong','Xã Phủ Thông','Phu Thong Commune','phu_thong','19',4,NULL,NULL),(594,'01981','Vĩnh Thông','Vinh Thong','Xã Vĩnh Thông','Vinh Thong Commune','vinh_thong','19',4,NULL,NULL),(595,'02008','Cẩm Giàng','Cam Giang','Xã Cẩm Giàng','Cam Giang Commune','cam_giang','19',4,NULL,NULL),(596,'07420','Mỹ Thái','My Thai','Xã Mỹ Thái','My Thai Commune','my_thai','24',4,NULL,NULL),(597,'02014','Bạch Thông','Bach Thong','Xã Bạch Thông','Bach Thong Commune','bach_thong','19',4,NULL,NULL),(598,'02020','Chợ Đồn','Cho Don','Xã Chợ Đồn','Cho Don Commune','cho_don','19',4,NULL,NULL),(599,'02026','Nam Cường','Nam Cuong','Xã Nam Cường','Nam Cuong Commune','nam_cuong','19',4,NULL,NULL),(600,'02038','Quảng Bạch','Quang Bach','Xã Quảng Bạch','Quang Bach Commune','quang_bach','19',4,NULL,NULL),(601,'02044','Yên Thịnh','Yen Thinh','Xã Yên Thịnh','Yen Thinh Commune','yen_thinh','19',4,NULL,NULL),(602,'02071','Nghĩa Tá','Nghia Ta','Xã Nghĩa Tá','Nghia Ta Commune','nghia_ta','19',4,NULL,NULL),(603,'02083','Yên Phong','Yen Phong','Xã Yên Phong','Yen Phong Commune','yen_phong','19',4,NULL,NULL),(604,'02086','Chợ Mới','Cho Moi','Xã Chợ Mới','Cho Moi Commune','cho_moi','19',4,NULL,NULL),(605,'02101','Thanh Mai','Thanh Mai','Xã Thanh Mai','Thanh Mai Commune','thanh_mai','19',4,NULL,NULL),(606,'02104','Tân Kỳ','Tan Ky','Xã Tân Kỳ','Tan Ky Commune','tan_ky','19',4,NULL,NULL),(607,'02107','Thanh Thịnh','Thanh Thinh','Xã Thanh Thịnh','Thanh Thinh Commune','thanh_thinh','19',4,NULL,NULL),(608,'02116','Yên Bình','Yen Binh','Xã Yên Bình','Yen Binh Commune','yen_binh','19',4,NULL,NULL),(609,'02143','Văn Lang','Van Lang','Xã Văn Lang','Van Lang Commune','van_lang','19',4,NULL,NULL),(610,'02152','Cường Lợi','Cuong Loi','Xã Cường Lợi','Cuong Loi Commune','cuong_loi','19',4,NULL,NULL),(611,'02155','Na Rì','Na Ri','Xã Na Rì','Na Ri Commune','na_ri','19',4,NULL,NULL),(612,'02176','Trần Phú','Tran Phu','Xã Trần Phú','Tran Phu Commune','tran_phu','19',4,NULL,NULL),(613,'02185','Côn Minh','Con Minh','Xã Côn Minh','Con Minh Commune','con_minh','19',4,NULL,NULL),(614,'02191','Xuân Dương','Xuan Duong','Xã Xuân Dương','Xuan Duong Commune','xuan_duong','19',4,NULL,NULL),(615,'05488','Đại Phúc','Dai Phuc','Xã Đại Phúc','Dai Phuc Commune','dai_phuc','19',4,NULL,NULL),(616,'05503','Tân Cương','Tan Cuong','Xã Tân Cương','Tan Cuong Commune','tan_cuong','19',4,NULL,NULL),(617,'05542','Lam Vỹ','Lam Vy','Xã Lam Vỹ','Lam Vy Commune','lam_vy','19',4,NULL,NULL),(618,'05551','Kim Phượng','Kim Phuong','Xã Kim Phượng','Kim Phuong Commune','kim_phuong','19',4,NULL,NULL),(619,'05563','Phượng Tiến','Phuong Tien','Xã Phượng Tiến','Phuong Tien Commune','phuong_tien','19',4,NULL,NULL),(620,'05569','Định Hóa','Dinh Hoa','Xã Định Hóa','Dinh Hoa Commune','dinh_hoa','19',4,NULL,NULL),(621,'05581','Trung Hội','Trung Hoi','Xã Trung Hội','Trung Hoi Commune','trung_hoi','19',4,NULL,NULL),(622,'05587','Bình Yên','Binh Yen','Xã Bình Yên','Binh Yen Commune','binh_yen','19',4,NULL,NULL),(623,'05602','Phú Đình','Phu Dinh','Xã Phú Đình','Phu Dinh Commune','phu_dinh','19',4,NULL,NULL),(624,'05605','Bình Thành','Binh Thanh','Xã Bình Thành','Binh Thanh Commune','binh_thanh','19',4,NULL,NULL),(625,'05611','Phú Lương','Phu Luong','Xã Phú Lương','Phu Luong Commune','phu_luong','19',4,NULL,NULL),(626,'05620','Yên Trạch','Yen Trach','Xã Yên Trạch','Yen Trach Commune','yen_trach','19',4,NULL,NULL),(627,'05632','Hợp Thành','Hop Thanh','Xã Hợp Thành','Hop Thanh Commune','hop_thanh','19',4,NULL,NULL),(628,'05641','Vô Tranh','Vo Tranh','Xã Vô Tranh','Vo Tranh Commune','vo_tranh','19',4,NULL,NULL),(629,'05662','Trại Cau','Trai Cau','Xã Trại Cau','Trai Cau Commune','trai_cau','19',4,NULL,NULL),(630,'05665','Văn Lăng','Van Lang','Xã Văn Lăng','Van Lang Commune','van_lang','19',4,NULL,NULL),(631,'05674','Quang Sơn','Quang Son','Xã Quang Sơn','Quang Son Commune','quang_son','19',4,NULL,NULL),(632,'05680','Văn Hán','Van Han','Xã Văn Hán','Van Han Commune','van_han','19',4,NULL,NULL),(633,'05692','Đồng Hỷ','Dong Hy','Xã Đồng Hỷ','Dong Hy Commune','dong_hy','19',4,NULL,NULL),(634,'05707','Nam Hòa','Nam Hoa','Xã Nam Hòa','Nam Hoa Commune','nam_hoa','19',4,NULL,NULL),(635,'05716','Võ Nhai','Vo Nhai','Xã Võ Nhai','Vo Nhai Commune','vo_nhai','19',4,NULL,NULL),(636,'05719','Sảng Mộc','Sang Moc','Xã Sảng Mộc','Sang Moc Commune','sang_moc','19',4,NULL,NULL),(637,'05722','Nghinh Tường','Nghinh Tuong','Xã Nghinh Tường','Nghinh Tuong Commune','nghinh_tuong','19',4,NULL,NULL),(638,'05725','Thần Sa','Than Sa','Xã Thần Sa','Than Sa Commune','than_sa','19',4,NULL,NULL),(639,'05740','La Hiên','La Hien','Xã La Hiên','La Hien Commune','la_hien','19',4,NULL,NULL),(640,'05746','Tràng Xá','Trang Xa','Xã Tràng Xá','Trang Xa Commune','trang_xa','19',4,NULL,NULL),(641,'05755','Dân Tiến','Dan Tien','Xã Dân Tiến','Dan Tien Commune','dan_tien','19',4,NULL,NULL),(642,'05773','Phú Xuyên','Phu Xuyen','Xã Phú Xuyên','Phu Xuyen Commune','phu_xuyen','19',4,NULL,NULL),(643,'05776','Đức Lương','Duc Luong','Xã Đức Lương','Duc Luong Commune','duc_luong','19',4,NULL,NULL),(644,'05788','Phú Lạc','Phu Lac','Xã Phú Lạc','Phu Lac Commune','phu_lac','19',4,NULL,NULL),(645,'05800','Phú Thịnh','Phu Thinh','Xã Phú Thịnh','Phu Thinh Commune','phu_thinh','19',4,NULL,NULL),(646,'05809','An Khánh','An Khanh','Xã An Khánh','An Khanh Commune','an_khanh','19',4,NULL,NULL),(647,'05818','La Bằng','La Bang','Xã La Bằng','La Bang Commune','la_bang','19',4,NULL,NULL),(648,'05830','Đại Từ','Dai Tu','Xã Đại Từ','Dai Tu Commune','dai_tu','19',4,NULL,NULL),(649,'05845','Vạn Phú','Van Phu','Xã Vạn Phú','Van Phu Commune','van_phu','19',4,NULL,NULL),(650,'05851','Quân Chu','Quan Chu','Xã Quân Chu','Quan Chu Commune','quan_chu','19',4,NULL,NULL),(651,'05881','Thành Công','Thanh Cong','Xã Thành Công','Thanh Cong Commune','thanh_cong','19',4,NULL,NULL),(652,'05908','Phú Bình','Phu Binh','Xã Phú Bình','Phu Binh Commune','phu_binh','19',4,NULL,NULL),(653,'05917','Tân Khánh','Tan Khanh','Xã Tân Khánh','Tan Khanh Commune','tan_khanh','19',4,NULL,NULL),(654,'05923','Tân Thành','Tan Thanh','Xã Tân Thành','Tan Thanh Commune','tan_thanh','19',4,NULL,NULL),(655,'05941','Điềm Thụy','Diem Thuy','Xã Điềm Thụy','Diem Thuy Commune','diem_thuy','19',4,NULL,NULL),(656,'05953','Kha Sơn','Kha Son','Xã Kha Sơn','Kha Son Commune','kha_son','19',4,NULL,NULL),(657,'05977','Đông Kinh','Dong Kinh','Phường Đông Kinh','Dong Kinh Ward','dong_kinh','20',3,NULL,NULL),(658,'05983','Lương Văn Tri','Luong Van Tri','Phường Lương Văn Tri','Luong Van Tri Ward','luong_van_tri','20',3,NULL,NULL),(659,'05986','Tam Thanh','Tam Thanh','Phường Tam Thanh','Tam Thanh Ward','tam_thanh','20',3,NULL,NULL),(660,'06187','Kỳ Lừa','Ky Lua','Phường Kỳ Lừa','Ky Lua Ward','ky_lua','20',3,NULL,NULL),(661,'06001','Đoàn Kết','Doan Ket','Xã Đoàn Kết','Doan Ket Commune','doan_ket','20',4,NULL,NULL),(662,'06004','Quốc Khánh','Quoc Khanh','Xã Quốc Khánh','Quoc Khanh Commune','quoc_khanh','20',4,NULL,NULL),(663,'06019','Tân Tiến','Tan Tien','Xã Tân Tiến','Tan Tien Commune','tan_tien','20',4,NULL,NULL),(664,'06037','Kháng Chiến','Khang Chien','Xã Kháng Chiến','Khang Chien Commune','khang_chien','20',4,NULL,NULL),(665,'06040','Thất Khê','That Khe','Xã Thất Khê','That Khe Commune','that_khe','20',4,NULL,NULL),(666,'06046','Tràng Định','Trang Dinh','Xã Tràng Định','Trang Dinh Commune','trang_dinh','20',4,NULL,NULL),(667,'06058','Quốc Việt','Quoc Viet','Xã Quốc Việt','Quoc Viet Commune','quoc_viet','20',4,NULL,NULL),(668,'06073','Hoa Thám','Hoa Tham','Xã Hoa Thám','Hoa Tham Commune','hoa_tham','20',4,NULL,NULL),(669,'06076','Quý Hòa','Quy Hoa','Xã Quý Hòa','Quy Hoa Commune','quy_hoa','20',4,NULL,NULL),(670,'06079','Hồng Phong','Hong Phong','Xã Hồng Phong','Hong Phong Commune','hong_phong','20',4,NULL,NULL),(671,'04978','Kim Bôi','Kim Boi','Xã Kim Bôi','Kim Boi Commune','kim_boi','25',4,NULL,NULL),(672,'06085','Thiện Hòa','Thien Hoa','Xã Thiện Hòa','Thien Hoa Commune','thien_hoa','20',4,NULL,NULL),(673,'06091','Thiện Thuật','Thien Thuat','Xã Thiện Thuật','Thien Thuat Commune','thien_thuat','20',4,NULL,NULL),(674,'06103','Thiện Long','Thien Long','Xã Thiện Long','Thien Long Commune','thien_long','20',4,NULL,NULL),(675,'06112','Bình Gia','Binh Gia','Xã Bình Gia','Binh Gia Commune','binh_gia','20',4,NULL,NULL),(676,'06115','Tân Văn','Tan Van','Xã Tân Văn','Tan Van Commune','tan_van','20',4,NULL,NULL),(677,'06124','Na Sầm','Na Sam','Xã Na Sầm','Na Sam Commune','na_sam','20',4,NULL,NULL),(678,'06148','Thụy Hùng','Thuy Hung','Xã Thụy Hùng','Thuy Hung Commune','thuy_hung','20',4,NULL,NULL),(679,'06151','Hội Hoan','Hoi Hoan','Xã Hội Hoan','Hoi Hoan Commune','hoi_hoan','20',4,NULL,NULL),(680,'06154','Văn Lãng','Van Lang','Xã Văn Lãng','Van Lang Commune','van_lang','20',4,NULL,NULL),(681,'06172','Hoàng Văn Thụ','Hoang Van Thu','Xã Hoàng Văn Thụ','Hoang Van Thu Commune','hoang_van_thu','20',4,NULL,NULL),(682,'06184','Đồng Đăng','Dong Dang','Xã Đồng Đăng','Dong Dang Commune','dong_dang','20',4,NULL,NULL),(683,'06196','Ba Sơn','Ba Son','Xã Ba Sơn','Ba Son Commune','ba_son','20',4,NULL,NULL),(684,'06211','Cao Lộc','Cao Loc','Xã Cao Lộc','Cao Loc Commune','cao_loc','20',4,NULL,NULL),(685,'06220','Công Sơn','Cong Son','Xã Công Sơn','Cong Son Commune','cong_son','20',4,NULL,NULL),(686,'06253','Văn Quan','Van Quan','Xã Văn Quan','Van Quan Commune','van_quan','20',4,NULL,NULL),(687,'06280','Điềm He','Diem He','Xã Điềm He','Diem He Commune','diem_he','20',4,NULL,NULL),(688,'06286','Khánh Khê','Khanh Khe','Xã Khánh Khê','Khanh Khe Commune','khanh_khe','20',4,NULL,NULL),(689,'06298','Yên Phúc','Yen Phuc','Xã Yên Phúc','Yen Phuc Commune','yen_phuc','20',4,NULL,NULL),(690,'06313','Tri Lễ','Tri Le','Xã Tri Lễ','Tri Le Commune','tri_le','20',4,NULL,NULL),(691,'06316','Tân Đoàn','Tan Doan','Xã Tân Đoàn','Tan Doan Commune','tan_doan','20',4,NULL,NULL),(692,'06325','Bắc Sơn','Bac Son','Xã Bắc Sơn','Bac Son Commune','bac_son','20',4,NULL,NULL),(693,'06337','Tân Tri','Tan Tri','Xã Tân Tri','Tan Tri Commune','tan_tri','20',4,NULL,NULL),(694,'06349','Hưng Vũ','Hung Vu','Xã Hưng Vũ','Hung Vu Commune','hung_vu','20',4,NULL,NULL),(695,'06364','Vũ Lễ','Vu Le','Xã Vũ Lễ','Vu Le Commune','vu_le','20',4,NULL,NULL),(696,'06367','Vũ Lãng','Vu Lang','Xã Vũ Lãng','Vu Lang Commune','vu_lang','20',4,NULL,NULL),(697,'06376','Nhất Hòa','Nhat Hoa','Xã Nhất Hòa','Nhat Hoa Commune','nhat_hoa','20',4,NULL,NULL),(698,'06385','Hữu Lũng','Huu Lung','Xã Hữu Lũng','Huu Lung Commune','huu_lung','20',4,NULL,NULL),(699,'06391','Yên Bình','Yen Binh','Xã Yên Bình','Yen Binh Commune','yen_binh','20',4,NULL,NULL),(700,'06400','Hữu Liên','Huu Lien','Xã Hữu Liên','Huu Lien Commune','huu_lien','20',4,NULL,NULL),(701,'06415','Vân Nham','Van Nham','Xã Vân Nham','Van Nham Commune','van_nham','20',4,NULL,NULL),(702,'06427','Cai Kinh','Cai Kinh','Xã Cai Kinh','Cai Kinh Commune','cai_kinh','20',4,NULL,NULL),(703,'06436','Thiện Tân','Thien Tan','Xã Thiện Tân','Thien Tan Commune','thien_tan','20',4,NULL,NULL),(704,'06445','Tân Thành','Tan Thanh','Xã Tân Thành','Tan Thanh Commune','tan_thanh','20',4,NULL,NULL),(705,'06457','Tuấn Sơn','Tuan Son','Xã Tuấn Sơn','Tuan Son Commune','tuan_son','20',4,NULL,NULL),(706,'06463','Chi Lăng','Chi Lang','Xã Chi Lăng','Chi Lang Commune','chi_lang','20',4,NULL,NULL),(707,'06475','Bằng Mạc','Bang Mac','Xã Bằng Mạc','Bang Mac Commune','bang_mac','20',4,NULL,NULL),(708,'06481','Chiến Thắng','Chien Thang','Xã Chiến Thắng','Chien Thang Commune','chien_thang','20',4,NULL,NULL),(709,'06496','Nhân Lý','Nhan Ly','Xã Nhân Lý','Nhan Ly Commune','nhan_ly','20',4,NULL,NULL),(710,'06505','Vạn Linh','Van Linh','Xã Vạn Linh','Van Linh Commune','van_linh','20',4,NULL,NULL),(711,'06517','Quan Sơn','Quan Son','Xã Quan Sơn','Quan Son Commune','quan_son','20',4,NULL,NULL),(712,'06526','Na Dương','Na Duong','Xã Na Dương','Na Duong Commune','na_duong','20',4,NULL,NULL),(713,'06529','Lộc Bình','Loc Binh','Xã Lộc Bình','Loc Binh Commune','loc_binh','20',4,NULL,NULL),(714,'06541','Mẫu Sơn','Mau Son','Xã Mẫu Sơn','Mau Son Commune','mau_son','20',4,NULL,NULL),(715,'06565','Khuất Xá','Khuat Xa','Xã Khuất Xá','Khuat Xa Commune','khuat_xa','20',4,NULL,NULL),(716,'06577','Thống Nhất','Thong Nhat','Xã Thống Nhất','Thong Nhat Commune','thong_nhat','20',4,NULL,NULL),(717,'06601','Lợi Bác','Loi Bac','Xã Lợi Bác','Loi Bac Commune','loi_bac','20',4,NULL,NULL),(718,'06607','Xuân Dương','Xuan Duong','Xã Xuân Dương','Xuan Duong Commune','xuan_duong','20',4,NULL,NULL),(719,'06613','Đình Lập','Dinh Lap','Xã Đình Lập','Dinh Lap Commune','dinh_lap','20',4,NULL,NULL),(720,'06616','Thái Bình','Thai Binh','Xã Thái Bình','Thai Binh Commune','thai_binh','20',4,NULL,NULL),(721,'06625','Kiên Mộc','Kien Moc','Xã Kiên Mộc','Kien Moc Commune','kien_moc','20',4,NULL,NULL),(722,'06637','Châu Sơn','Chau Son','Xã Châu Sơn','Chau Son Commune','chau_son','20',4,NULL,NULL),(723,'06652','Hà Tu','Ha Tu','Phường Hà Tu','Ha Tu Ward','ha_tu','22',3,NULL,NULL),(724,'06658','Cao Xanh','Cao Xanh','Phường Cao Xanh','Cao Xanh Ward','cao_xanh','22',3,NULL,NULL),(725,'06661','Việt Hưng','Viet Hung','Phường Việt Hưng','Viet Hung Ward','viet_hung','22',3,NULL,NULL),(726,'06673','Bãi Cháy','Bai Chay','Phường Bãi Cháy','Bai Chay Ward','bai_chay','22',3,NULL,NULL),(727,'06676','Hà Lầm','Ha Lam','Phường Hà Lầm','Ha Lam Ward','ha_lam','22',3,NULL,NULL),(728,'06685','Hồng Gai','Hong Gai','Phường Hồng Gai','Hong Gai Ward','hong_gai','22',3,NULL,NULL),(729,'06688','Hạ Long','Ha Long','Phường Hạ Long','Ha Long Ward','ha_long','22',3,NULL,NULL),(730,'06706','Tuần Châu','Tuan Chau','Phường Tuần Châu','Tuan Chau Ward','tuan_chau','22',3,NULL,NULL),(731,'06709','Móng Cái 2','Mong Cai 2','Phường Móng Cái 2','Mong Cai 2 Ward','mong_cai_2','22',3,NULL,NULL),(732,'06712','Móng Cái 1','Mong Cai 1','Phường Móng Cái 1','Mong Cai 1 Ward','mong_cai_1','22',3,NULL,NULL),(733,'06736','Móng Cái 3','Mong Cai 3','Phường Móng Cái 3','Mong Cai 3 Ward','mong_cai_3','22',3,NULL,NULL),(734,'06760','Mông Dương','Mong Duong','Phường Mông Dương','Mong Duong Ward','mong_duong','22',3,NULL,NULL),(735,'06778','Quang Hanh','Quang Hanh','Phường Quang Hanh','Quang Hanh Ward','quang_hanh','22',3,NULL,NULL),(736,'06781','Cửa Ông','Cua Ong','Phường Cửa Ông','Cua Ong Ward','cua_ong','22',3,NULL,NULL),(737,'06793','Cẩm Phả','Cam Pha','Phường Cẩm Phả','Cam Pha Ward','cam_pha','22',3,NULL,NULL),(738,'06811','Uông Bí','Uong Bi','Phường Uông Bí','Uong Bi Ward','uong_bi','22',3,NULL,NULL),(739,'06820','Vàng Danh','Vang Danh','Phường Vàng Danh','Vang Danh Ward','vang_danh','22',3,NULL,NULL),(740,'06832','Yên Tử','Yen Tu','Phường Yên Tử','Yen Tu Ward','yen_tu','22',3,NULL,NULL),(741,'07030','Hoành Bồ','Hoanh Bo','Phường Hoành Bồ','Hoanh Bo Ward','hoanh_bo','22',3,NULL,NULL),(742,'07069','Mạo Khê','Mao Khe','Phường Mạo Khê','Mao Khe Ward','mao_khe','22',3,NULL,NULL),(743,'07081','Bình Khê','Binh Khe','Phường Bình Khê','Binh Khe Ward','binh_khe','22',3,NULL,NULL),(744,'07090','An Sinh','An Sinh','Phường An Sinh','An Sinh Ward','an_sinh','22',3,NULL,NULL),(745,'07093','Đông Triều','Dong Trieu','Phường Đông Triều','Dong Trieu Ward','dong_trieu','22',3,NULL,NULL),(746,'07114','Hoàng Quế','Hoang Que','Phường Hoàng Quế','Hoang Que Ward','hoang_que','22',3,NULL,NULL),(747,'07132','Quảng Yên','Quang Yen','Phường Quảng Yên','Quang Yen Ward','quang_yen','22',3,NULL,NULL),(748,'07135','Đông Mai','Dong Mai','Phường Đông Mai','Dong Mai Ward','dong_mai','22',3,NULL,NULL),(749,'07147','Hiệp Hòa','Hiep Hoa','Phường Hiệp Hòa','Hiep Hoa Ward','hiep_hoa','22',3,NULL,NULL),(750,'07168','Hà An','Ha An','Phường Hà An','Ha An Ward','ha_an','22',3,NULL,NULL),(751,'07180','Liên Hòa','Lien Hoa','Phường Liên Hòa','Lien Hoa Ward','lien_hoa','22',3,NULL,NULL),(752,'07183','Phong Cốc','Phong Coc','Phường Phong Cốc','Phong Coc Ward','phong_coc','22',3,NULL,NULL),(753,'06724','Hải Sơn','Hai Son','Xã Hải Sơn','Hai Son Commune','hai_son','22',4,NULL,NULL),(754,'06733','Hải Ninh','Hai Ninh','Xã Hải Ninh','Hai Ninh Commune','hai_ninh','22',4,NULL,NULL),(755,'06757','Vĩnh Thực','Vinh Thuc','Xã Vĩnh Thực','Vinh Thuc Commune','vinh_thuc','22',4,NULL,NULL),(756,'06799','Hải Hòa','Hai Hoa','Xã Hải Hòa','Hai Hoa Commune','hai_hoa','22',4,NULL,NULL),(757,'06838','Bình Liêu','Binh Lieu','Xã Bình Liêu','Binh Lieu Commune','binh_lieu','22',4,NULL,NULL),(758,'06841','Hoành Mô','Hoanh Mo','Xã Hoành Mô','Hoanh Mo Commune','hoanh_mo','22',4,NULL,NULL),(759,'06856','Lục Hồn','Luc Hon','Xã Lục Hồn','Luc Hon Commune','luc_hon','22',4,NULL,NULL),(760,'06862','Tiên Yên','Tien Yen','Xã Tiên Yên','Tien Yen Commune','tien_yen','22',4,NULL,NULL),(761,'06874','Điền Xá','Dien Xa','Xã Điền Xá','Dien Xa Commune','dien_xa','22',4,NULL,NULL),(762,'06877','Đông Ngũ','Dong Ngu','Xã Đông Ngũ','Dong Ngu Commune','dong_ngu','22',4,NULL,NULL),(763,'06886','Hải Lạng','Hai Lang','Xã Hải Lạng','Hai Lang Commune','hai_lang','22',4,NULL,NULL),(764,'06895','Đầm Hà','Dam Ha','Xã Đầm Hà','Dam Ha Commune','dam_ha','22',4,NULL,NULL),(765,'06913','Quảng Tân','Quang Tan','Xã Quảng Tân','Quang Tan Commune','quang_tan','22',4,NULL,NULL),(766,'06922','Quảng Hà','Quang Ha','Xã Quảng Hà','Quang Ha Commune','quang_ha','22',4,NULL,NULL),(767,'06931','Quảng Đức','Quang Duc','Xã Quảng Đức','Quang Duc Commune','quang_duc','22',4,NULL,NULL),(768,'06946','Đường Hoa','Duong Hoa','Xã Đường Hoa','Duong Hoa Commune','duong_hoa','22',4,NULL,NULL),(769,'06967','Cái Chiên','Cai Chien','Xã Cái Chiên','Cai Chien Commune','cai_chien','22',4,NULL,NULL),(770,'06978','Ba Chẽ','Ba Che','Xã Ba Chẽ','Ba Che Commune','ba_che','22',4,NULL,NULL),(771,'06979','Kỳ Thượng','Ky Thuong','Xã Kỳ Thượng','Ky Thuong Commune','ky_thuong','22',4,NULL,NULL),(772,'06985','Lương Minh','Luong Minh','Xã Lương Minh','Luong Minh Commune','luong_minh','22',4,NULL,NULL),(773,'07054','Quảng La','Quang La','Xã Quảng La','Quang La Commune','quang_la','22',4,NULL,NULL),(774,'07060','Thống Nhất','Thong Nhat','Xã Thống Nhất','Thong Nhat Commune','thong_nhat','22',4,NULL,NULL),(775,'06994','Vân Đồn','Van Don','Đặc khu Vân Đồn','Van Don Special administrative region','van_don','22',5,NULL,NULL),(776,'07192','Cô Tô','Co To','Đặc khu Cô Tô','Co To Special administrative region','co_to','22',5,NULL,NULL),(777,'07210','Bắc Giang','Bac Giang','Phường Bắc Giang','Bac Giang Ward','bac_giang','24',3,NULL,NULL),(778,'07228','Đa Mai','Da Mai','Phường Đa Mai','Da Mai Ward','da_mai','24',3,NULL,NULL),(779,'07525','Chũ','Chu','Phường Chũ','Chu Ward','chu','24',3,NULL,NULL),(780,'07612','Phượng Sơn','Phuong Son','Phường Phượng Sơn','Phuong Son Ward','phuong_son','24',3,NULL,NULL),(781,'07681','Yên Dũng','Yen Dung','Phường Yên Dũng','Yen Dung Ward','yen_dung','24',3,NULL,NULL),(782,'07682','Tân An','Tan An','Phường Tân An','Tan An Ward','tan_an','24',3,NULL,NULL),(783,'07696','Tiền Phong','Tien Phong','Phường Tiền Phong','Tien Phong Ward','tien_phong','24',3,NULL,NULL),(784,'07699','Tân Tiến','Tan Tien','Phường Tân Tiến','Tan Tien Ward','tan_tien','24',3,NULL,NULL),(785,'07738','Cảnh Thụy','Canh Thuy','Phường Cảnh Thụy','Canh Thuy Ward','canh_thuy','24',3,NULL,NULL),(786,'07774','Tự Lạn','Tu Lan','Phường Tự Lạn','Tu Lan Ward','tu_lan','24',3,NULL,NULL),(787,'07777','Việt Yên','Viet Yen','Phường Việt Yên','Viet Yen Ward','viet_yen','24',3,NULL,NULL),(788,'07795','Nếnh','Nenh','Phường Nếnh','Nenh Ward','nenh','24',3,NULL,NULL),(789,'07798','Vân Hà','Van Ha','Phường Vân Hà','Van Ha Ward','van_ha','24',3,NULL,NULL),(790,'09169','Vũ Ninh','Vu Ninh','Phường Vũ Ninh','Vu Ninh Ward','vu_ninh','24',3,NULL,NULL),(791,'09187','Kinh Bắc','Kinh Bac','Phường Kinh Bắc','Kinh Bac Ward','kinh_bac','24',3,NULL,NULL),(792,'09190','Võ Cường','Vo Cuong','Phường Võ Cường','Vo Cuong Ward','vo_cuong','24',3,NULL,NULL),(793,'09247','Quế Võ','Que Vo','Phường Quế Võ','Que Vo Ward','que_vo','24',3,NULL,NULL),(794,'09253','Nhân Hòa','Nhan Hoa','Phường Nhân Hòa','Nhan Hoa Ward','nhan_hoa','24',3,NULL,NULL),(795,'09265','Phương Liễu','Phuong Lieu','Phường Phương Liễu','Phuong Lieu Ward','phuong_lieu','24',3,NULL,NULL),(796,'09286','Nam Sơn','Nam Son','Phường Nam Sơn','Nam Son Ward','nam_son','24',3,NULL,NULL),(797,'09295','Bồng Lai','Bong Lai','Phường Bồng Lai','Bong Lai Ward','bong_lai','24',3,NULL,NULL),(798,'09301','Đào Viên','Dao Vien','Phường Đào Viên','Dao Vien Ward','dao_vien','24',3,NULL,NULL),(799,'09325','Hạp Lĩnh','Hap Linh','Phường Hạp Lĩnh','Hap Linh Ward','hap_linh','24',3,NULL,NULL),(800,'09367','Từ Sơn','Tu Son','Phường Từ Sơn','Tu Son Ward','tu_son','24',3,NULL,NULL),(801,'09370','Tam Sơn','Tam Son','Phường Tam Sơn','Tam Son Ward','tam_son','24',3,NULL,NULL),(802,'09379','Phù Khê','Phu Khe','Phường Phù Khê','Phu Khe Ward','phu_khe','24',3,NULL,NULL),(803,'09385','Đồng Nguyên','Dong Nguyen','Phường Đồng Nguyên','Dong Nguyen Ward','dong_nguyen','24',3,NULL,NULL),(804,'09400','Thuận Thành','Thuan Thanh','Phường Thuận Thành','Thuan Thanh Ward','thuan_thanh','24',3,NULL,NULL),(805,'09409','Mão Điền','Mao Dien','Phường Mão Điền','Mao Dien Ward','mao_dien','24',3,NULL,NULL),(806,'09427','Trí Quả','Tri Qua','Phường Trí Quả','Tri Qua Ward','tri_qua','24',3,NULL,NULL),(807,'09430','Trạm Lộ','Tram Lo','Phường Trạm Lộ','Tram Lo Ward','tram_lo','24',3,NULL,NULL),(808,'09433','Song Liễu','Song Lieu','Phường Song Liễu','Song Lieu Ward','song_lieu','24',3,NULL,NULL),(809,'09445','Ninh Xá','Ninh Xa','Phường Ninh Xá','Ninh Xa Ward','ninh_xa','24',3,NULL,NULL),(810,'07246','Xuân Lương','Xuan Luong','Xã Xuân Lương','Xuan Luong Commune','xuan_luong','24',4,NULL,NULL),(811,'07264','Tam Tiến','Tam Tien','Xã Tam Tiến','Tam Tien Commune','tam_tien','24',4,NULL,NULL),(812,'07282','Đồng Kỳ','Dong Ky','Xã Đồng Kỳ','Dong Ky Commune','dong_ky','24',4,NULL,NULL),(813,'07288','Yên Thế','Yen The','Xã Yên Thế','Yen The Commune','yen_the','24',4,NULL,NULL),(814,'07294','Bố Hạ','Bo Ha','Xã Bố Hạ','Bo Ha Commune','bo_ha','24',4,NULL,NULL),(815,'07306','Nhã Nam','Nha Nam','Xã Nhã Nam','Nha Nam Commune','nha_nam','24',4,NULL,NULL),(816,'07330','Phúc Hòa','Phuc Hoa','Xã Phúc Hòa','Phuc Hoa Commune','phuc_hoa','24',4,NULL,NULL),(817,'07333','Quang Trung','Quang Trung','Xã Quang Trung','Quang Trung Commune','quang_trung','24',4,NULL,NULL),(818,'07339','Tân Yên','Tan Yen','Xã Tân Yên','Tan Yen Commune','tan_yen','24',4,NULL,NULL),(819,'07351','Ngọc Thiện','Ngoc Thien','Xã Ngọc Thiện','Ngoc Thien Commune','ngoc_thien','24',4,NULL,NULL),(820,'07375','Lạng Giang','Lang Giang','Xã Lạng Giang','Lang Giang Commune','lang_giang','24',4,NULL,NULL),(821,'07381','Tiên Lục','Tien Luc','Xã Tiên Lục','Tien Luc Commune','tien_luc','24',4,NULL,NULL),(822,'07399','Kép','Kep','Xã Kép','Kep Commune','kep','24',4,NULL,NULL),(823,'07432','Tân Dĩnh','Tan Dinh','Xã Tân Dĩnh','Tan Dinh Commune','tan_dinh','24',4,NULL,NULL),(824,'07444','Lục Nam','Luc Nam','Xã Lục Nam','Luc Nam Commune','luc_nam','24',4,NULL,NULL),(825,'07450','Đông Phú','Dong Phu','Xã Đông Phú','Dong Phu Commune','dong_phu','24',4,NULL,NULL),(826,'07462','Bảo Đài','Bao Dai','Xã Bảo Đài','Bao Dai Commune','bao_dai','24',4,NULL,NULL),(827,'07486','Nghĩa Phương','Nghia Phuong','Xã Nghĩa Phương','Nghia Phuong Commune','nghia_phuong','24',4,NULL,NULL),(828,'07489','Trường Sơn','Truong Son','Xã Trường Sơn','Truong Son Commune','truong_son','24',4,NULL,NULL),(829,'07492','Lục Sơn','Luc Son','Xã Lục Sơn','Luc Son Commune','luc_son','24',4,NULL,NULL),(830,'07498','Bắc Lũng','Bac Lung','Xã Bắc Lũng','Bac Lung Commune','bac_lung','24',4,NULL,NULL),(831,'07519','Cẩm Lý','Cam Ly','Xã Cẩm Lý','Cam Ly Commune','cam_ly','24',4,NULL,NULL),(832,'07531','Tân Sơn','Tan Son','Xã Tân Sơn','Tan Son Commune','tan_son','24',4,NULL,NULL),(833,'07534','Sa Lý','Sa Ly','Xã Sa Lý','Sa Ly Commune','sa_ly','24',4,NULL,NULL),(834,'07537','Biên Sơn','Bien Son','Xã Biên Sơn','Bien Son Commune','bien_son','24',4,NULL,NULL),(835,'07543','Sơn Hải','Son Hai','Xã Sơn Hải','Son Hai Commune','son_hai','24',4,NULL,NULL),(836,'07552','Kiên Lao','Kien Lao','Xã Kiên Lao','Kien Lao Commune','kien_lao','24',4,NULL,NULL),(837,'07573','Biển Động','Bien Dong','Xã Biển Động','Bien Dong Commune','bien_dong','24',4,NULL,NULL),(838,'07582','Lục Ngạn','Luc Ngan','Xã Lục Ngạn','Luc Ngan Commune','luc_ngan','24',4,NULL,NULL),(839,'07594','Đèo Gia','Deo Gia','Xã Đèo Gia','Deo Gia Commune','deo_gia','24',4,NULL,NULL),(840,'07603','Nam Dương','Nam Duong','Xã Nam Dương','Nam Duong Commune','nam_duong','24',4,NULL,NULL),(841,'07615','Sơn Động','Son Dong','Xã Sơn Động','Son Dong Commune','son_dong','24',4,NULL,NULL),(842,'07616','Tây Yên Tử','Tay Yen Tu','Xã Tây Yên Tử','Tay Yen Tu Commune','tay_yen_tu','24',4,NULL,NULL),(843,'07621','Vân Sơn','Van Son','Xã Vân Sơn','Van Son Commune','van_son','24',4,NULL,NULL),(844,'07627','Đại Sơn','Dai Son','Xã Đại Sơn','Dai Son Commune','dai_son','24',4,NULL,NULL),(845,'07642','Yên Định','Yen Dinh','Xã Yên Định','Yen Dinh Commune','yen_dinh','24',4,NULL,NULL),(846,'07654','An Lạc','An Lac','Xã An Lạc','An Lac Commune','an_lac','24',4,NULL,NULL),(847,'07663','Tuấn Đạo','Tuan Dao','Xã Tuấn Đạo','Tuan Dao Commune','tuan_dao','24',4,NULL,NULL),(848,'07672','Dương Hưu','Duong Huu','Xã Dương Hưu','Duong Huu Commune','duong_huu','24',4,NULL,NULL),(849,'07735','Đồng Việt','Dong Viet','Xã Đồng Việt','Dong Viet Commune','dong_viet','24',4,NULL,NULL),(850,'07822','Hoàng Vân','Hoang Van','Xã Hoàng Vân','Hoang Van Commune','hoang_van','24',4,NULL,NULL),(851,'07840','Hiệp Hòa','Hiep Hoa','Xã Hiệp Hòa','Hiep Hoa Commune','hiep_hoa','24',4,NULL,NULL),(852,'07864','Hợp Thịnh','Hop Thinh','Xã Hợp Thịnh','Hop Thinh Commune','hop_thinh','24',4,NULL,NULL),(853,'07870','Xuân Cẩm','Xuan Cam','Xã Xuân Cẩm','Xuan Cam Commune','xuan_cam','24',4,NULL,NULL),(854,'09193','Yên Phong','Yen Phong','Xã Yên Phong','Yen Phong Commune','yen_phong','24',4,NULL,NULL),(855,'09202','Tam Giang','Tam Giang','Xã Tam Giang','Tam Giang Commune','tam_giang','24',4,NULL,NULL),(856,'09205','Yên Trung','Yen Trung','Xã Yên Trung','Yen Trung Commune','yen_trung','24',4,NULL,NULL),(857,'09208','Tam Đa','Tam Da','Xã Tam Đa','Tam Da Commune','tam_da','24',4,NULL,NULL),(858,'09238','Văn Môn','Van Mon','Xã Văn Môn','Van Mon Commune','van_mon','24',4,NULL,NULL),(859,'09292','Phù Lãng','Phu Lang','Xã Phù Lãng','Phu Lang Commune','phu_lang','24',4,NULL,NULL),(860,'09313','Chi Lăng','Chi Lang','Xã Chi Lăng','Chi Lang Commune','chi_lang','24',4,NULL,NULL),(861,'09319','Tiên Du','Tien Du','Xã Tiên Du','Tien Du Commune','tien_du','24',4,NULL,NULL),(862,'09334','Liên Bão','Lien Bao','Xã Liên Bão','Lien Bao Commune','lien_bao','24',4,NULL,NULL),(863,'09340','Đại Đồng','Dai Dong','Xã Đại Đồng','Dai Dong Commune','dai_dong','24',4,NULL,NULL),(864,'09343','Tân Chi','Tan Chi','Xã Tân Chi','Tan Chi Commune','tan_chi','24',4,NULL,NULL),(865,'09349','Phật Tích','Phat Tich','Xã Phật Tích','Phat Tich Commune','phat_tich','24',4,NULL,NULL),(866,'09454','Gia Bình','Gia Binh','Xã Gia Bình','Gia Binh Commune','gia_binh','24',4,NULL,NULL),(867,'09466','Cao Đức','Cao Duc','Xã Cao Đức','Cao Duc Commune','cao_duc','24',4,NULL,NULL),(868,'09469','Đại Lai','Dai Lai','Xã Đại Lai','Dai Lai Commune','dai_lai','24',4,NULL,NULL),(869,'09475','Nhân Thắng','Nhan Thang','Xã Nhân Thắng','Nhan Thang Commune','nhan_thang','24',4,NULL,NULL),(870,'09487','Đông Cứu','Dong Cuu','Xã Đông Cứu','Dong Cuu Commune','dong_cuu','24',4,NULL,NULL),(871,'09496','Lương Tài','Luong Tai','Xã Lương Tài','Luong Tai Commune','luong_tai','24',4,NULL,NULL),(872,'09499','Trung Kênh','Trung Kenh','Xã Trung Kênh','Trung Kenh Commune','trung_kenh','24',4,NULL,NULL),(873,'09523','Trung Chính','Trung Chinh','Xã Trung Chính','Trung Chinh Commune','trung_chinh','24',4,NULL,NULL),(874,'09529','Lâm Thao','Lam Thao','Xã Lâm Thao','Lam Thao Commune','lam_thao','24',4,NULL,NULL),(875,'04792','Tân Hòa','Tan Hoa','Phường Tân Hòa','Tan Hoa Ward','tan_hoa','25',3,NULL,NULL),(876,'04795','Hòa Bình','Hoa Binh','Phường Hòa Bình','Hoa Binh Ward','hoa_binh','25',3,NULL,NULL),(877,'04828','Thống Nhất','Thong Nhat','Phường Thống Nhất','Thong Nhat Ward','thong_nhat','25',3,NULL,NULL),(878,'04894','Kỳ Sơn','Ky Son','Phường Kỳ Sơn','Ky Son Ward','ky_son','25',3,NULL,NULL),(879,'07894','Nông Trang','Nong Trang','Phường Nông Trang','Nong Trang Ward','nong_trang','25',3,NULL,NULL),(880,'07900','Việt Trì','Viet Tri','Phường Việt Trì','Viet Tri Ward','viet_tri','25',3,NULL,NULL),(881,'07909','Thanh Miếu','Thanh Mieu','Phường Thanh Miếu','Thanh Mieu Ward','thanh_mieu','25',3,NULL,NULL),(882,'07918','Vân Phú','Van Phu','Phường Vân Phú','Van Phu Ward','van_phu','25',3,NULL,NULL),(883,'07942','Phú Thọ','Phu Tho','Phường Phú Thọ','Phu Tho Ward','phu_tho','25',3,NULL,NULL),(884,'07948','Âu Cơ','Au Co','Phường Âu Cơ','Au Co Ward','au_co','25',3,NULL,NULL),(885,'07954','Phong Châu','Phong Chau','Phường Phong Châu','Phong Chau Ward','phong_chau','25',3,NULL,NULL),(886,'08707','Vĩnh Yên','Vinh Yen','Phường Vĩnh Yên','Vinh Yen Ward','vinh_yen','25',3,NULL,NULL),(887,'08716','Vĩnh Phúc','Vinh Phuc','Phường Vĩnh Phúc','Vinh Phuc Ward','vinh_phuc','25',3,NULL,NULL),(888,'08740','Phúc Yên','Phuc Yen','Phường Phúc Yên','Phuc Yen Ward','phuc_yen','25',3,NULL,NULL),(889,'08746','Xuân Hòa','Xuan Hoa','Phường Xuân Hòa','Xuan Hoa Ward','xuan_hoa','25',3,NULL,NULL),(890,'04831','Đà Bắc','Da Bac','Xã Đà Bắc','Da Bac Commune','da_bac','25',4,NULL,NULL),(891,'04846','Đức Nhàn','Duc Nhan','Xã Đức Nhàn','Duc Nhan Commune','duc_nhan','25',4,NULL,NULL),(892,'04849','Tân Pheo','Tan Pheo','Xã Tân Pheo','Tan Pheo Commune','tan_pheo','25',4,NULL,NULL),(893,'04873','Quy Đức','Quy Duc','Xã Quy Đức','Quy Duc Commune','quy_duc','25',4,NULL,NULL),(894,'04876','Cao Sơn','Cao Son','Xã Cao Sơn','Cao Son Commune','cao_son','25',4,NULL,NULL),(895,'04891','Tiền Phong','Tien Phong','Xã Tiền Phong','Tien Phong Commune','tien_phong','25',4,NULL,NULL),(896,'04897','Thịnh Minh','Thinh Minh','Xã Thịnh Minh','Thinh Minh Commune','thinh_minh','25',4,NULL,NULL),(897,'04924','Lương Sơn','Luong Son','Xã Lương Sơn','Luong Son Commune','luong_son','25',4,NULL,NULL),(898,'04960','Liên Sơn','Lien Son','Xã Liên Sơn','Lien Son Commune','lien_son','25',4,NULL,NULL),(899,'04990','Nật Sơn','Nat Son','Xã Nật Sơn','Nat Son Commune','nat_son','25',4,NULL,NULL),(900,'05014','Mường Động','Muong Dong','Xã Mường Động','Muong Dong Commune','muong_dong','25',4,NULL,NULL),(901,'05047','Cao Dương','Cao Duong','Xã Cao Dương','Cao Duong Commune','cao_duong','25',4,NULL,NULL),(902,'05068','Hợp Kim','Hop Kim','Xã Hợp Kim','Hop Kim Commune','hop_kim','25',4,NULL,NULL),(903,'05086','Dũng Tiến','Dung Tien','Xã Dũng Tiến','Dung Tien Commune','dung_tien','25',4,NULL,NULL),(904,'05089','Cao Phong','Cao Phong','Xã Cao Phong','Cao Phong Commune','cao_phong','25',4,NULL,NULL),(905,'05092','Thung Nai','Thung Nai','Xã Thung Nai','Thung Nai Commune','thung_nai','25',4,NULL,NULL),(906,'05116','Mường Thàng','Muong Thang','Xã Mường Thàng','Muong Thang Commune','muong_thang','25',4,NULL,NULL),(907,'05128','Tân Lạc','Tan Lac','Xã Tân Lạc','Tan Lac Commune','tan_lac','25',4,NULL,NULL),(908,'05134','Mường Hoa','Muong Hoa','Xã Mường Hoa','Muong Hoa Commune','muong_hoa','25',4,NULL,NULL),(909,'05152','Vân Sơn','Van Son','Xã Vân Sơn','Van Son Commune','van_son','25',4,NULL,NULL),(910,'05158','Mường Bi','Muong Bi','Xã Mường Bi','Muong Bi Commune','muong_bi','25',4,NULL,NULL),(911,'05191','Toàn Thắng','Toan Thang','Xã Toàn Thắng','Toan Thang Commune','toan_thang','25',4,NULL,NULL),(912,'05200','Mai Châu','Mai Chau','Xã Mai Châu','Mai Chau Commune','mai_chau','25',4,NULL,NULL),(913,'05206','Tân Mai','Tan Mai','Xã Tân Mai','Tan Mai Commune','tan_mai','25',4,NULL,NULL),(914,'05212','Pà Cò','Pa Co','Xã Pà Cò','Pa Co Commune','pa_co','25',4,NULL,NULL),(915,'05245','Bao La','Bao La','Xã Bao La','Bao La Commune','bao_la','25',4,NULL,NULL),(916,'05251','Mai Hạ','Mai Ha','Xã Mai Hạ','Mai Ha Commune','mai_ha','25',4,NULL,NULL),(917,'05266','Lạc Sơn','Lac Son','Xã Lạc Sơn','Lac Son Commune','lac_son','25',4,NULL,NULL),(918,'05287','Mường Vang','Muong Vang','Xã Mường Vang','Muong Vang Commune','muong_vang','25',4,NULL,NULL),(919,'05290','Nhân Nghĩa','Nhan Nghia','Xã Nhân Nghĩa','Nhan Nghia Commune','nhan_nghia','25',4,NULL,NULL),(920,'05293','Thượng Cốc','Thuong Coc','Xã Thượng Cốc','Thuong Coc Commune','thuong_coc','25',4,NULL,NULL),(921,'05305','Yên Phú','Yen Phu','Xã Yên Phú','Yen Phu Commune','yen_phu','25',4,NULL,NULL),(922,'05323','Quyết Thắng','Quyet Thang','Xã Quyết Thắng','Quyet Thang Commune','quyet_thang','25',4,NULL,NULL),(923,'05329','Ngọc Sơn','Ngoc Son','Xã Ngọc Sơn','Ngoc Son Commune','ngoc_son','25',4,NULL,NULL),(924,'05347','Đại Đồng','Dai Dong','Xã Đại Đồng','Dai Dong Commune','dai_dong','25',4,NULL,NULL),(925,'05353','Yên Thủy','Yen Thuy','Xã Yên Thủy','Yen Thuy Commune','yen_thuy','25',4,NULL,NULL),(926,'05362','Lạc Lương','Lac Luong','Xã Lạc Lương','Lac Luong Commune','lac_luong','25',4,NULL,NULL),(927,'05386','Yên Trị','Yen Tri','Xã Yên Trị','Yen Tri Commune','yen_tri','25',4,NULL,NULL),(928,'05392','Lạc Thủy','Lac Thuy','Xã Lạc Thủy','Lac Thuy Commune','lac_thuy','25',4,NULL,NULL),(929,'05395','An Nghĩa','An Nghia','Xã An Nghĩa','An Nghia Commune','an_nghia','25',4,NULL,NULL),(930,'05425','An Bình','An Binh','Xã An Bình','An Binh Commune','an_binh','25',4,NULL,NULL),(931,'07969','Đoan Hùng','Doan Hung','Xã Đoan Hùng','Doan Hung Commune','doan_hung','25',4,NULL,NULL),(932,'07996','Băng Luân','Bang Luan','Xã Băng Luân','Bang Luan Commune','bang_luan','25',4,NULL,NULL),(933,'07999','Chí Đám','Chi Dam','Xã Chí Đám','Chi Dam Commune','chi_dam','25',4,NULL,NULL),(934,'08023','Tây Cốc','Tay Coc','Xã Tây Cốc','Tay Coc Commune','tay_coc','25',4,NULL,NULL),(935,'08038','Chân Mộng','Chan Mong','Xã Chân Mộng','Chan Mong Commune','chan_mong','25',4,NULL,NULL),(936,'08053','Hạ Hòa','Ha Hoa','Xã Hạ Hòa','Ha Hoa Commune','ha_hoa','25',4,NULL,NULL),(937,'08071','Đan Thượng','Dan Thuong','Xã Đan Thượng','Dan Thuong Commune','dan_thuong','25',4,NULL,NULL),(938,'08110','Hiền Lương','Hien Luong','Xã Hiền Lương','Hien Luong Commune','hien_luong','25',4,NULL,NULL),(939,'08113','Yên Kỳ','Yen Ky','Xã Yên Kỳ','Yen Ky Commune','yen_ky','25',4,NULL,NULL),(940,'08134','Văn Lang','Van Lang','Xã Văn Lang','Van Lang Commune','van_lang','25',4,NULL,NULL),(941,'08143','Vĩnh Chân','Vinh Chan','Xã Vĩnh Chân','Vinh Chan Commune','vinh_chan','25',4,NULL,NULL),(942,'08152','Thanh Ba','Thanh Ba','Xã Thanh Ba','Thanh Ba Commune','thanh_ba','25',4,NULL,NULL),(943,'08173','Quảng Yên','Quang Yen','Xã Quảng Yên','Quang Yen Commune','quang_yen','25',4,NULL,NULL),(944,'08203','Hoàng Cương','Hoang Cuong','Xã Hoàng Cương','Hoang Cuong Commune','hoang_cuong','25',4,NULL,NULL),(945,'08209','Đông Thành','Dong Thanh','Xã Đông Thành','Dong Thanh Commune','dong_thanh','25',4,NULL,NULL),(946,'08218','Chí Tiên','Chi Tien','Xã Chí Tiên','Chi Tien Commune','chi_tien','25',4,NULL,NULL),(947,'08227','Liên Minh','Lien Minh','Xã Liên Minh','Lien Minh Commune','lien_minh','25',4,NULL,NULL),(948,'08230','Phù Ninh','Phu Ninh','Xã Phù Ninh','Phu Ninh Commune','phu_ninh','25',4,NULL,NULL),(949,'08236','Phú Mỹ','Phu My','Xã Phú Mỹ','Phu My Commune','phu_my','25',4,NULL,NULL),(950,'08245','Trạm Thản','Tram Than','Xã Trạm Thản','Tram Than Commune','tram_than','25',4,NULL,NULL),(951,'08254','Dân Chủ','Dan Chu','Xã Dân Chủ','Dan Chu Commune','dan_chu','25',4,NULL,NULL),(952,'08275','Bình Phú','Binh Phu','Xã Bình Phú','Binh Phu Commune','binh_phu','25',4,NULL,NULL),(953,'08290','Yên Lập','Yen Lap','Xã Yên Lập','Yen Lap Commune','yen_lap','25',4,NULL,NULL),(954,'08296','Sơn Lương','Son Luong','Xã Sơn Lương','Son Luong Commune','son_luong','25',4,NULL,NULL),(955,'08305','Xuân Viên','Xuan Vien','Xã Xuân Viên','Xuan Vien Commune','xuan_vien','25',4,NULL,NULL),(956,'08311','Trung Sơn','Trung Son','Xã Trung Sơn','Trung Son Commune','trung_son','25',4,NULL,NULL),(957,'08323','Thượng Long','Thuong Long','Xã Thượng Long','Thuong Long Commune','thuong_long','25',4,NULL,NULL),(958,'08338','Minh Hòa','Minh Hoa','Xã Minh Hòa','Minh Hoa Commune','minh_hoa','25',4,NULL,NULL),(959,'08341','Cẩm Khê','Cam Khe','Xã Cẩm Khê','Cam Khe Commune','cam_khe','25',4,NULL,NULL),(960,'08344','Tiên Lương','Tien Luong','Xã Tiên Lương','Tien Luong Commune','tien_luong','25',4,NULL,NULL),(961,'08377','Vân Bán','Van Ban','Xã Vân Bán','Van Ban Commune','van_ban','25',4,NULL,NULL),(962,'08398','Phú Khê','Phu Khe','Xã Phú Khê','Phu Khe Commune','phu_khe','25',4,NULL,NULL),(963,'08416','Hùng Việt','Hung Viet','Xã Hùng Việt','Hung Viet Commune','hung_viet','25',4,NULL,NULL),(964,'08431','Đồng Lương','Dong Luong','Xã Đồng Lương','Dong Luong Commune','dong_luong','25',4,NULL,NULL),(965,'08434','Tam Nông','Tam Nong','Xã Tam Nông','Tam Nong Commune','tam_nong','25',4,NULL,NULL),(966,'08443','Hiền Quan','Hien Quan','Xã Hiền Quan','Hien Quan Commune','hien_quan','25',4,NULL,NULL),(967,'08467','Vạn Xuân','Van Xuan','Xã Vạn Xuân','Van Xuan Commune','van_xuan','25',4,NULL,NULL),(968,'08479','Thọ Văn','Tho Van','Xã Thọ Văn','Tho Van Commune','tho_van','25',4,NULL,NULL),(969,'08494','Lâm Thao','Lam Thao','Xã Lâm Thao','Lam Thao Commune','lam_thao','25',4,NULL,NULL),(970,'08500','Xuân Lũng','Xuan Lung','Xã Xuân Lũng','Xuan Lung Commune','xuan_lung','25',4,NULL,NULL),(971,'08515','Hy Cương','Hy Cuong','Xã Hy Cương','Hy Cuong Commune','hy_cuong','25',4,NULL,NULL),(972,'08521','Phùng Nguyên','Phung Nguyen','Xã Phùng Nguyên','Phung Nguyen Commune','phung_nguyen','25',4,NULL,NULL),(973,'08527','Bản Nguyên','Ban Nguyen','Xã Bản Nguyên','Ban Nguyen Commune','ban_nguyen','25',4,NULL,NULL),(974,'08542','Thanh Sơn','Thanh Son','Xã Thanh Sơn','Thanh Son Commune','thanh_son','25',4,NULL,NULL),(975,'08545','Thu Cúc','Thu Cuc','Xã Thu Cúc','Thu Cuc Commune','thu_cuc','25',4,NULL,NULL),(976,'08560','Lai Đồng','Lai Dong','Xã Lai Đồng','Lai Dong Commune','lai_dong','25',4,NULL,NULL),(977,'08566','Tân Sơn','Tan Son','Xã Tân Sơn','Tan Son Commune','tan_son','25',4,NULL,NULL),(978,'08584','Võ Miếu','Vo Mieu','Xã Võ Miếu','Vo Mieu Commune','vo_mieu','25',4,NULL,NULL),(979,'08590','Xuân Đài','Xuan Dai','Xã Xuân Đài','Xuan Dai Commune','xuan_dai','25',4,NULL,NULL),(980,'08593','Minh Đài','Minh Dai','Xã Minh Đài','Minh Dai Commune','minh_dai','25',4,NULL,NULL),(981,'08611','Văn Miếu','Van Mieu','Xã Văn Miếu','Van Mieu Commune','van_mieu','25',4,NULL,NULL),(982,'08614','Cự Đồng','Cu Dong','Xã Cự Đồng','Cu Dong Commune','cu_dong','25',4,NULL,NULL),(983,'08620','Long Cốc','Long Coc','Xã Long Cốc','Long Coc Commune','long_coc','25',4,NULL,NULL),(984,'08632','Hương Cần','Huong Can','Xã Hương Cần','Huong Can Commune','huong_can','25',4,NULL,NULL),(985,'08635','Khả Cửu','Kha Cuu','Xã Khả Cửu','Kha Cuu Commune','kha_cuu','25',4,NULL,NULL),(986,'08656','Yên Sơn','Yen Son','Xã Yên Sơn','Yen Son Commune','yen_son','25',4,NULL,NULL),(987,'08662','Đào Xá','Dao Xa','Xã Đào Xá','Dao Xa Commune','dao_xa','25',4,NULL,NULL),(988,'08674','Thanh Thủy','Thanh Thuy','Xã Thanh Thủy','Thanh Thuy Commune','thanh_thuy','25',4,NULL,NULL),(989,'08686','Tu Vũ','Tu Vu','Xã Tu Vũ','Tu Vu Commune','tu_vu','25',4,NULL,NULL),(990,'08761','Lập Thạch','Lap Thach','Xã Lập Thạch','Lap Thach Commune','lap_thach','25',4,NULL,NULL),(991,'08770','Hợp Lý','Hop Ly','Xã Hợp Lý','Hop Ly Commune','hop_ly','25',4,NULL,NULL),(992,'08773','Yên Lãng','Yen Lang','Xã Yên Lãng','Yen Lang Commune','yen_lang','25',4,NULL,NULL),(993,'08782','Hải Lựu','Hai Luu','Xã Hải Lựu','Hai Luu Commune','hai_luu','25',4,NULL,NULL),(994,'08788','Thái Hòa','Thai Hoa','Xã Thái Hòa','Thai Hoa Commune','thai_hoa','25',4,NULL,NULL),(995,'08812','Liên Hòa','Lien Hoa','Xã Liên Hòa','Lien Hoa Commune','lien_hoa','25',4,NULL,NULL),(996,'08824','Tam Sơn','Tam Son','Xã Tam Sơn','Tam Son Commune','tam_son','25',4,NULL,NULL),(997,'08842','Tiên Lữ','Tien Lu','Xã Tiên Lữ','Tien Lu Commune','tien_lu','25',4,NULL,NULL),(998,'08848','Sông Lô','Song Lo','Xã Sông Lô','Song Lo Commune','song_lo','25',4,NULL,NULL),(999,'08866','Sơn Đông','Son Dong','Xã Sơn Đông','Son Dong Commune','son_dong','25',4,NULL,NULL),(1000,'08869','Tam Dương','Tam Duong','Xã Tam Dương','Tam Duong Commune','tam_duong','25',4,NULL,NULL),(1001,'08872','Tam Dương Bắc','Tam Duong Bac','Xã Tam Dương Bắc','Tam Duong Bac Commune','tam_duong_bac','25',4,NULL,NULL),(1002,'08896','Hoàng An','Hoang An','Xã Hoàng An','Hoang An Commune','hoang_an','25',4,NULL,NULL),(1003,'08905','Hội Thịnh','Hoi Thinh','Xã Hội Thịnh','Hoi Thinh Commune','hoi_thinh','25',4,NULL,NULL),(1004,'08911','Tam Đảo','Tam Dao','Xã Tam Đảo','Tam Dao Commune','tam_dao','25',4,NULL,NULL),(1005,'08914','Đạo Trù','Dao Tru','Xã Đạo Trù','Dao Tru Commune','dao_tru','25',4,NULL,NULL),(1006,'08923','Đại Đình','Dai Dinh','Xã Đại Đình','Dai Dinh Commune','dai_dinh','25',4,NULL,NULL),(1007,'08935','Bình Nguyên','Binh Nguyen','Xã Bình Nguyên','Binh Nguyen Commune','binh_nguyen','25',4,NULL,NULL),(1008,'08944','Bình Tuyền','Binh Tuyen','Xã Bình Tuyền','Binh Tuyen Commune','binh_tuyen','25',4,NULL,NULL),(1009,'08950','Bình Xuyên','Binh Xuyen','Xã Bình Xuyên','Binh Xuyen Commune','binh_xuyen','25',4,NULL,NULL),(1010,'08971','Xuân Lãng','Xuan Lang','Xã Xuân Lãng','Xuan Lang Commune','xuan_lang','25',4,NULL,NULL),(1011,'09025','Yên Lạc','Yen Lac','Xã Yên Lạc','Yen Lac Commune','yen_lac','25',4,NULL,NULL),(1012,'09040','Tề Lỗ','Te Lo','Xã Tề Lỗ','Te Lo Commune','te_lo','25',4,NULL,NULL),(1013,'09043','Tam Hồng','Tam Hong','Xã Tam Hồng','Tam Hong Commune','tam_hong','25',4,NULL,NULL),(1014,'09052','Nguyệt Đức','Nguyet Duc','Xã Nguyệt Đức','Nguyet Duc Commune','nguyet_duc','25',4,NULL,NULL),(1015,'09064','Liên Châu','Lien Chau','Xã Liên Châu','Lien Chau Commune','lien_chau','25',4,NULL,NULL),(1016,'09076','Vĩnh Tường','Vinh Tuong','Xã Vĩnh Tường','Vinh Tuong Commune','vinh_tuong','25',4,NULL,NULL),(1017,'09079','Vĩnh An','Vinh An','Xã Vĩnh An','Vinh An Commune','vinh_an','25',4,NULL,NULL),(1018,'09100','Vĩnh Hưng','Vinh Hung','Xã Vĩnh Hưng','Vinh Hung Commune','vinh_hung','25',4,NULL,NULL),(1019,'09106','Vĩnh Thành','Vinh Thanh','Xã Vĩnh Thành','Vinh Thanh Commune','vinh_thanh','25',4,NULL,NULL),(1020,'09112','Thổ Tang','Tho Tang','Xã Thổ Tang','Tho Tang Commune','tho_tang','25',4,NULL,NULL),(1021,'09154','Vĩnh Phú','Vinh Phu','Xã Vĩnh Phú','Vinh Phu Commune','vinh_phu','25',4,NULL,NULL),(1022,'10507','Thành Đông','Thanh Dong','Phường Thành Đông','Thanh Dong Ward','thanh_dong','31',3,NULL,NULL),(1023,'10525','Hải Dương','Hai Duong','Phường Hải Dương','Hai Duong Ward','hai_duong','31',3,NULL,NULL),(1024,'10532','Lê Thanh Nghị','Le Thanh Nghi','Phường Lê Thanh Nghị','Le Thanh Nghi Ward','le_thanh_nghi','31',3,NULL,NULL),(1025,'10537','Tân Hưng','Tan Hung','Phường Tân Hưng','Tan Hung Ward','tan_hung','31',3,NULL,NULL),(1026,'10543','Việt Hòa','Viet Hoa','Phường Việt Hòa','Viet Hoa Ward','viet_hoa','31',3,NULL,NULL),(1027,'10546','Chí Linh','Chi Linh','Phường Chí Linh','Chi Linh Ward','chi_linh','31',3,NULL,NULL),(1028,'10549','Chu Văn An','Chu Van An','Phường Chu Văn An','Chu Van An Ward','chu_van_an','31',3,NULL,NULL),(1029,'10552','Nguyễn Trãi','Nguyen Trai','Phường Nguyễn Trãi','Nguyen Trai Ward','nguyen_trai','31',3,NULL,NULL),(1030,'10570','Trần Hưng Đạo','Tran Hung Dao','Phường Trần Hưng Đạo','Tran Hung Dao Ward','tran_hung_dao','31',3,NULL,NULL),(1031,'10573','Trần Nhân Tông','Tran Nhan Tong','Phường Trần Nhân Tông','Tran Nhan Tong Ward','tran_nhan_tong','31',3,NULL,NULL),(1032,'10603','Lê Đại Hành','Le Dai Hanh','Phường Lê Đại Hành','Le Dai Hanh Ward','le_dai_hanh','31',3,NULL,NULL),(1033,'10660','Ái Quốc','Ai Quoc','Phường Ái Quốc','Ai Quoc Ward','ai_quoc','31',3,NULL,NULL),(1034,'10675','Kinh Môn','Kinh Mon','Phường Kinh Môn','Kinh Mon Ward','kinh_mon','31',3,NULL,NULL),(1035,'10678','Bắc An Phụ','Bac An Phu','Phường Bắc An Phụ','Bac An Phu Ward','bac_an_phu','31',3,NULL,NULL),(1036,'10714','Nhị Chiểu','Nhi Chieu','Phường Nhị Chiểu','Nhi Chieu Ward','nhi_chieu','31',3,NULL,NULL),(1037,'10726','Phạm Sư Mạnh','Pham Su Manh','Phường Phạm Sư Mạnh','Pham Su Manh Ward','pham_su_manh','31',3,NULL,NULL),(1038,'10729','Trần Liễu','Tran Lieu','Phường Trần Liễu','Tran Lieu Ward','tran_lieu','31',3,NULL,NULL),(1039,'10744','Nguyễn Đại Năng','Nguyen Dai Nang','Phường Nguyễn Đại Năng','Nguyen Dai Nang Ward','nguyen_dai_nang','31',3,NULL,NULL),(1040,'10837','Nam Đồng','Nam Dong','Phường Nam Đồng','Nam Dong Ward','nam_dong','31',3,NULL,NULL),(1041,'10891','Tứ Minh','Tu Minh','Phường Tứ Minh','Tu Minh Ward','tu_minh','31',3,NULL,NULL),(1042,'11002','Thạch Khôi','Thach Khoi','Phường Thạch Khôi','Thach Khoi Ward','thach_khoi','31',3,NULL,NULL),(1043,'11311','Hồng Bàng','Hong Bang','Phường Hồng Bàng','Hong Bang Ward','hong_bang','31',3,NULL,NULL),(1044,'11329','Ngô Quyền','Ngo Quyen','Phường Ngô Quyền','Ngo Quyen Ward','ngo_quyen','31',3,NULL,NULL),(1045,'11359','Gia Viên','Gia Vien','Phường Gia Viên','Gia Vien Ward','gia_vien','31',3,NULL,NULL),(1046,'11383','Lê Chân','Le Chan','Phường Lê Chân','Le Chan Ward','le_chan','31',3,NULL,NULL),(1047,'11407','An Biên','An Bien','Phường An Biên','An Bien Ward','an_bien','31',3,NULL,NULL),(1048,'11411','Đông Hải','Dong Hai','Phường Đông Hải','Dong Hai Ward','dong_hai','31',3,NULL,NULL),(1049,'11413','Hải An','Hai An','Phường Hải An','Hai An Ward','hai_an','31',3,NULL,NULL),(1050,'11443','Kiến An','Kien An','Phường Kiến An','Kien An Ward','kien_an','31',3,NULL,NULL),(1051,'11446','Phù Liễn','Phu Lien','Phường Phù Liễn','Phu Lien Ward','phu_lien','31',3,NULL,NULL),(1052,'11455','Đồ Sơn','Do Son','Phường Đồ Sơn','Do Son Ward','do_son','31',3,NULL,NULL),(1053,'11473','Bạch Đằng','Bach Dang','Phường Bạch Đằng','Bach Dang Ward','bach_dang','31',3,NULL,NULL),(1054,'11488','Lưu Kiếm','Luu Kiem','Phường Lưu Kiếm','Luu Kiem Ward','luu_kiem','31',3,NULL,NULL),(1055,'11506','Lê Ích Mộc','Le Ich Moc','Phường Lê Ích Mộc','Le Ich Moc Ward','le_ich_moc','31',3,NULL,NULL),(1056,'11533','Hòa Bình','Hoa Binh','Phường Hòa Bình','Hoa Binh Ward','hoa_binh','31',3,NULL,NULL),(1057,'11542','Nam Triệu','Nam Trieu','Phường Nam Triệu','Nam Trieu Ward','nam_trieu','31',3,NULL,NULL),(1058,'11557','Thiên Hương','Thien Huong','Phường Thiên Hương','Thien Huong Ward','thien_huong','31',3,NULL,NULL),(1059,'11560','Thủy Nguyên','Thuy Nguyen','Phường Thủy Nguyên','Thuy Nguyen Ward','thuy_nguyen','31',3,NULL,NULL),(1060,'11581','An Dương','An Duong','Phường An Dương','An Duong Ward','an_duong','31',3,NULL,NULL),(1061,'11593','An Phong','An Phong','Phường An Phong','An Phong Ward','an_phong','31',3,NULL,NULL),(1062,'11602','Hồng An','Hong An','Phường Hồng An','Hong An Ward','hong_an','31',3,NULL,NULL),(1063,'11617','An Hải','An Hai','Phường An Hải','An Hai Ward','an_hai','31',3,NULL,NULL),(1064,'11689','Hưng Đạo','Hung Dao','Phường Hưng Đạo','Hung Dao Ward','hung_dao','31',3,NULL,NULL),(1065,'11692','Dương Kinh','Duong Kinh','Phường Dương Kinh','Duong Kinh Ward','duong_kinh','31',3,NULL,NULL),(1066,'11737','Nam Đồ Sơn','Nam Do Son','Phường Nam Đồ Sơn','Nam Do Son Ward','nam_do_son','31',3,NULL,NULL),(1067,'10606','Nam Sách','Nam Sach','Xã Nam Sách','Nam Sach Commune','nam_sach','31',4,NULL,NULL),(1068,'10615','Hợp Tiến','Hop Tien','Xã Hợp Tiến','Hop Tien Commune','hop_tien','31',4,NULL,NULL),(1069,'10633','Trần Phú','Tran Phu','Xã Trần Phú','Tran Phu Commune','tran_phu','31',4,NULL,NULL),(1070,'10642','Thái Tân','Thai Tan','Xã Thái Tân','Thai Tan Commune','thai_tan','31',4,NULL,NULL),(1071,'10645','An Phú','An Phu','Xã An Phú','An Phu Commune','an_phu','31',4,NULL,NULL),(1072,'10705','Nam An Phụ','Nam An Phu','Xã Nam An Phụ','Nam An Phu Commune','nam_an_phu','31',4,NULL,NULL),(1073,'10750','Phú Thái','Phu Thai','Xã Phú Thái','Phu Thai Commune','phu_thai','31',4,NULL,NULL),(1074,'10756','Lai Khê','Lai Khe','Xã Lai Khê','Lai Khe Commune','lai_khe','31',4,NULL,NULL),(1075,'10792','An Thành','An Thanh','Xã An Thành','An Thanh Commune','an_thanh','31',4,NULL,NULL),(1076,'10804','Kim Thành','Kim Thanh','Xã Kim Thành','Kim Thanh Commune','kim_thanh','31',4,NULL,NULL),(1077,'10813','Thanh Hà','Thanh Ha','Xã Thanh Hà','Thanh Ha Commune','thanh_ha','31',4,NULL,NULL),(1078,'10816','Hà Bắc','Ha Bac','Xã Hà Bắc','Ha Bac Commune','ha_bac','31',4,NULL,NULL),(1079,'10843','Hà Nam','Ha Nam','Xã Hà Nam','Ha Nam Commune','ha_nam','31',4,NULL,NULL),(1080,'10846','Hà Tây','Ha Tay','Xã Hà Tây','Ha Tay Commune','ha_tay','31',4,NULL,NULL),(1081,'10882','Hà Đông','Ha Dong','Xã Hà Đông','Ha Dong Commune','ha_dong','31',4,NULL,NULL),(1082,'10888','Cẩm Giang','Cam Giang','Xã Cẩm Giang','Cam Giang Commune','cam_giang','31',4,NULL,NULL),(1083,'10903','Cẩm Giàng','Cam Giang','Xã Cẩm Giàng','Cam Giang Commune','cam_giang','31',4,NULL,NULL),(1084,'10909','Tuệ Tĩnh','Tue Tinh','Xã Tuệ Tĩnh','Tue Tinh Commune','tue_tinh','31',4,NULL,NULL),(1085,'10930','Mao Điền','Mao Dien','Xã Mao Điền','Mao Dien Commune','mao_dien','31',4,NULL,NULL),(1086,'10945','Kẻ Sặt','Ke Sat','Xã Kẻ Sặt','Ke Sat Commune','ke_sat','31',4,NULL,NULL),(1087,'10966','Bình Giang','Binh Giang','Xã Bình Giang','Binh Giang Commune','binh_giang','31',4,NULL,NULL),(1088,'10972','Đường An','Duong An','Xã Đường An','Duong An Commune','duong_an','31',4,NULL,NULL),(1089,'10993','Thượng Hồng','Thuong Hong','Xã Thượng Hồng','Thuong Hong Commune','thuong_hong','31',4,NULL,NULL),(1090,'10999','Gia Lộc','Gia Loc','Xã Gia Lộc','Gia Loc Commune','gia_loc','31',4,NULL,NULL),(1091,'11020','Yết Kiêu','Yet Kieu','Xã Yết Kiêu','Yet Kieu Commune','yet_kieu','31',4,NULL,NULL),(1092,'11050','Gia Phúc','Gia Phuc','Xã Gia Phúc','Gia Phuc Commune','gia_phuc','31',4,NULL,NULL),(1093,'11065','Trường Tân','Truong Tan','Xã Trường Tân','Truong Tan Commune','truong_tan','31',4,NULL,NULL),(1094,'11074','Tứ Kỳ','Tu Ky','Xã Tứ Kỳ','Tu Ky Commune','tu_ky','31',4,NULL,NULL),(1095,'11086','Đại Sơn','Dai Son','Xã Đại Sơn','Dai Son Commune','dai_son','31',4,NULL,NULL),(1096,'11113','Tân Kỳ','Tan Ky','Xã Tân Kỳ','Tan Ky Commune','tan_ky','31',4,NULL,NULL),(1097,'11131','Chí Minh','Chi Minh','Xã Chí Minh','Chi Minh Commune','chi_minh','31',4,NULL,NULL),(1098,'11140','Lạc Phượng','Lac Phuong','Xã Lạc Phượng','Lac Phuong Commune','lac_phuong','31',4,NULL,NULL),(1099,'11146','Nguyên Giáp','Nguyen Giap','Xã Nguyên Giáp','Nguyen Giap Commune','nguyen_giap','31',4,NULL,NULL),(1100,'11164','Vĩnh Lại','Vinh Lai','Xã Vĩnh Lại','Vinh Lai Commune','vinh_lai','31',4,NULL,NULL),(1101,'11167','Tân An','Tan An','Xã Tân An','Tan An Commune','tan_an','31',4,NULL,NULL),(1102,'11203','Ninh Giang','Ninh Giang','Xã Ninh Giang','Ninh Giang Commune','ninh_giang','31',4,NULL,NULL),(1103,'11218','Hồng Châu','Hong Chau','Xã Hồng Châu','Hong Chau Commune','hong_chau','31',4,NULL,NULL),(1104,'11224','Khúc Thừa Dụ','Khuc Thua Du','Xã Khúc Thừa Dụ','Khuc Thua Du Commune','khuc_thua_du','31',4,NULL,NULL),(1105,'11239','Thanh Miện','Thanh Mien','Xã Thanh Miện','Thanh Mien Commune','thanh_mien','31',4,NULL,NULL),(1106,'11242','Nguyễn Lương Bằng','Nguyen Luong Bang','Xã Nguyễn Lương Bằng','Nguyen Luong Bang Commune','nguyen_luong_bang','31',4,NULL,NULL),(1107,'11254','Bắc Thanh Miện','Bac Thanh Mien','Xã Bắc Thanh Miện','Bac Thanh Mien Commune','bac_thanh_mien','31',4,NULL,NULL),(1108,'11257','Hải Hưng','Hai Hung','Xã Hải Hưng','Hai Hung Commune','hai_hung','31',4,NULL,NULL),(1109,'11284','Nam Thanh Miện','Nam Thanh Mien','Xã Nam Thanh Miện','Nam Thanh Mien Commune','nam_thanh_mien','31',4,NULL,NULL),(1110,'11503','Việt Khê','Viet Khe','Xã Việt Khê','Viet Khe Commune','viet_khe','31',4,NULL,NULL),(1111,'11629','An Lão','An Lao','Xã An Lão','An Lao Commune','an_lao','31',4,NULL,NULL),(1112,'11635','An Trường','An Truong','Xã An Trường','An Truong Commune','an_truong','31',4,NULL,NULL),(1113,'11647','An Quang','An Quang','Xã An Quang','An Quang Commune','an_quang','31',4,NULL,NULL),(1114,'11668','An Khánh','An Khanh','Xã An Khánh','An Khanh Commune','an_khanh','31',4,NULL,NULL),(1115,'11674','An Hưng','An Hung','Xã An Hưng','An Hung Commune','an_hung','31',4,NULL,NULL),(1116,'11680','Kiến Thụy','Kien Thuy','Xã Kiến Thụy','Kien Thuy Commune','kien_thuy','31',4,NULL,NULL),(1117,'11713','Nghi Dương','Nghi Duong','Xã Nghi Dương','Nghi Duong Commune','nghi_duong','31',4,NULL,NULL),(1118,'11725','Kiến Minh','Kien Minh','Xã Kiến Minh','Kien Minh Commune','kien_minh','31',4,NULL,NULL),(1119,'11728','Kiến Hưng','Kien Hung','Xã Kiến Hưng','Kien Hung Commune','kien_hung','31',4,NULL,NULL),(1120,'11749','Kiến Hải','Kien Hai','Xã Kiến Hải','Kien Hai Commune','kien_hai','31',4,NULL,NULL),(1121,'11755','Tiên Lãng','Tien Lang','Xã Tiên Lãng','Tien Lang Commune','tien_lang','31',4,NULL,NULL),(1122,'11761','Quyết Thắng','Quyet Thang','Xã Quyết Thắng','Quyet Thang Commune','quyet_thang','31',4,NULL,NULL),(1123,'11779','Tân Minh','Tan Minh','Xã Tân Minh','Tan Minh Commune','tan_minh','31',4,NULL,NULL),(1124,'11791','Tiên Minh','Tien Minh','Xã Tiên Minh','Tien Minh Commune','tien_minh','31',4,NULL,NULL),(1125,'11806','Chấn Hưng','Chan Hung','Xã Chấn Hưng','Chan Hung Commune','chan_hung','31',4,NULL,NULL),(1126,'11809','Hùng Thắng','Hung Thang','Xã Hùng Thắng','Hung Thang Commune','hung_thang','31',4,NULL,NULL),(1127,'11824','Vĩnh Bảo','Vinh Bao','Xã Vĩnh Bảo','Vinh Bao Commune','vinh_bao','31',4,NULL,NULL),(1128,'11836','Vĩnh Thịnh','Vinh Thinh','Xã Vĩnh Thịnh','Vinh Thinh Commune','vinh_thinh','31',4,NULL,NULL),(1129,'11842','Vĩnh Thuận','Vinh Thuan','Xã Vĩnh Thuận','Vinh Thuan Commune','vinh_thuan','31',4,NULL,NULL),(1130,'11848','Vĩnh Hòa','Vinh Hoa','Xã Vĩnh Hòa','Vinh Hoa Commune','vinh_hoa','31',4,NULL,NULL),(1131,'11875','Vĩnh Hải','Vinh Hai','Xã Vĩnh Hải','Vinh Hai Commune','vinh_hai','31',4,NULL,NULL),(1132,'11887','Vĩnh Am','Vinh Am','Xã Vĩnh Am','Vinh Am Commune','vinh_am','31',4,NULL,NULL),(1133,'11911','Nguyễn Bỉnh Khiêm','Nguyen Binh Khiem','Xã Nguyễn Bỉnh Khiêm','Nguyen Binh Khiem Commune','nguyen_binh_khiem','31',4,NULL,NULL),(1134,'11914','Cát Hải','Cat Hai','Đặc khu Cát Hải','Cat Hai Special administrative region','cat_hai','31',5,NULL,NULL),(1135,'11948','Bạch Long Vĩ','Bach Long Vi','Đặc khu Bạch Long Vĩ','Bach Long Vi Special administrative region','bach_long_vi','31',5,NULL,NULL),(1136,'11953','Phố Hiến','Pho Hien','Phường Phố Hiến','Pho Hien Ward','pho_hien','33',3,NULL,NULL),(1137,'11980','Hồng Châu','Hong Chau','Phường Hồng Châu','Hong Chau Ward','hong_chau','33',3,NULL,NULL),(1138,'11983','Sơn Nam','Son Nam','Phường Sơn Nam','Son Nam Ward','son_nam','33',3,NULL,NULL),(1139,'12103','Mỹ Hào','My Hao','Phường Mỹ Hào','My Hao Ward','my_hao','33',3,NULL,NULL),(1140,'12127','Thượng Hồng','Thuong Hong','Phường Thượng Hồng','Thuong Hong Ward','thuong_hong','33',3,NULL,NULL),(1141,'12133','Đường Hào','Duong Hao','Phường Đường Hào','Duong Hao Ward','duong_hao','33',3,NULL,NULL),(1142,'12452','Trần Hưng Đạo','Tran Hung Dao','Phường Trần Hưng Đạo','Tran Hung Dao Ward','tran_hung_dao','33',3,NULL,NULL),(1143,'12454','Trần Lãm','Tran Lam','Phường Trần Lãm','Tran Lam Ward','tran_lam','33',3,NULL,NULL),(1144,'12466','Vũ Phúc','Vu Phuc','Phường Vũ Phúc','Vu Phuc Ward','vu_phuc','33',3,NULL,NULL),(1145,'12817','Trà Lý','Tra Ly','Phường Trà Lý','Tra Ly Ward','tra_ly','33',3,NULL,NULL),(1146,'13225','Thái Bình','Thai Binh','Phường Thái Bình','Thai Binh Ward','thai_binh','33',3,NULL,NULL),(1147,'11977','Tân Hưng','Tan Hung','Xã Tân Hưng','Tan Hung Commune','tan_hung','33',4,NULL,NULL),(1148,'11992','Lạc Đạo','Lac Dao','Xã Lạc Đạo','Lac Dao Commune','lac_dao','33',4,NULL,NULL),(1149,'11995','Đại Đồng','Dai Dong','Xã Đại Đồng','Dai Dong Commune','dai_dong','33',4,NULL,NULL),(1150,'12004','Như Quỳnh','Nhu Quynh','Xã Như Quỳnh','Nhu Quynh Commune','nhu_quynh','33',4,NULL,NULL),(1151,'12019','Văn Giang','Van Giang','Xã Văn Giang','Van Giang Commune','van_giang','33',4,NULL,NULL),(1152,'12025','Phụng Công','Phung Cong','Xã Phụng Công','Phung Cong Commune','phung_cong','33',4,NULL,NULL),(1153,'12031','Nghĩa Trụ','Nghia Tru','Xã Nghĩa Trụ','Nghia Tru Commune','nghia_tru','33',4,NULL,NULL),(1154,'12049','Mễ Sở','Me So','Xã Mễ Sở','Me So Commune','me_so','33',4,NULL,NULL),(1155,'12064','Nguyễn Văn Linh','Nguyen Van Linh','Xã Nguyễn Văn Linh','Nguyen Van Linh Commune','nguyen_van_linh','33',4,NULL,NULL),(1156,'12070','Hoàn Long','Hoan Long','Xã Hoàn Long','Hoan Long Commune','hoan_long','33',4,NULL,NULL),(1157,'12073','Yên Mỹ','Yen My','Xã Yên Mỹ','Yen My Commune','yen_my','33',4,NULL,NULL),(1158,'12091','Việt Yên','Viet Yen','Xã Việt Yên','Viet Yen Commune','viet_yen','33',4,NULL,NULL),(1159,'12142','Ân Thi','An Thi','Xã Ân Thi','An Thi Commune','an_thi','33',4,NULL,NULL),(1160,'12148','Phạm Ngũ Lão','Pham Ngu Lao','Xã Phạm Ngũ Lão','Pham Ngu Lao Commune','pham_ngu_lao','33',4,NULL,NULL),(1161,'12166','Xuân Trúc','Xuan Truc','Xã Xuân Trúc','Xuan Truc Commune','xuan_truc','33',4,NULL,NULL),(1162,'12184','Nguyễn Trãi','Nguyen Trai','Xã Nguyễn Trãi','Nguyen Trai Commune','nguyen_trai','33',4,NULL,NULL),(1163,'12196','Hồng Quang','Hong Quang','Xã Hồng Quang','Hong Quang Commune','hong_quang','33',4,NULL,NULL),(1164,'12205','Khoái Châu','Khoai Chau','Xã Khoái Châu','Khoai Chau Commune','khoai_chau','33',4,NULL,NULL),(1165,'12223','Triệu Việt Vương','Trieu Viet Vuong','Xã Triệu Việt Vương','Trieu Viet Vuong Commune','trieu_viet_vuong','33',4,NULL,NULL),(1166,'12238','Việt Tiến','Viet Tien','Xã Việt Tiến','Viet Tien Commune','viet_tien','33',4,NULL,NULL),(1167,'12247','Châu Ninh','Chau Ninh','Xã Châu Ninh','Chau Ninh Commune','chau_ninh','33',4,NULL,NULL),(1168,'12271','Chí Minh','Chi Minh','Xã Chí Minh','Chi Minh Commune','chi_minh','33',4,NULL,NULL),(1169,'12280','Lương Bằng','Luong Bang','Xã Lương Bằng','Luong Bang Commune','luong_bang','33',4,NULL,NULL),(1170,'12286','Nghĩa Dân','Nghia Dan','Xã Nghĩa Dân','Nghia Dan Commune','nghia_dan','33',4,NULL,NULL),(1171,'12313','Đức Hợp','Duc Hop','Xã Đức Hợp','Duc Hop Commune','duc_hop','33',4,NULL,NULL),(1172,'12322','Hiệp Cường','Hiep Cuong','Xã Hiệp Cường','Hiep Cuong Commune','hiep_cuong','33',4,NULL,NULL),(1173,'12337','Hoàng Hoa Thám','Hoang Hoa Tham','Xã Hoàng Hoa Thám','Hoang Hoa Tham Commune','hoang_hoa_tham','33',4,NULL,NULL),(1174,'12361','Tiên Hoa','Tien Hoa','Xã Tiên Hoa','Tien Hoa Commune','tien_hoa','33',4,NULL,NULL),(1175,'12364','Tiên Lữ','Tien Lu','Xã Tiên Lữ','Tien Lu Commune','tien_lu','33',4,NULL,NULL),(1176,'12391','Quang Hưng','Quang Hung','Xã Quang Hưng','Quang Hung Commune','quang_hung','33',4,NULL,NULL),(1177,'12406','Đoàn Đào','Doan Dao','Xã Đoàn Đào','Doan Dao Commune','doan_dao','33',4,NULL,NULL),(1178,'12424','Tiên Tiến','Tien Tien','Xã Tiên Tiến','Tien Tien Commune','tien_tien','33',4,NULL,NULL),(1179,'12427','Tống Trân','Tong Tran','Xã Tống Trân','Tong Tran Commune','tong_tran','33',4,NULL,NULL),(1180,'12472','Quỳnh Phụ','Quynh Phu','Xã Quỳnh Phụ','Quynh Phu Commune','quynh_phu','33',4,NULL,NULL),(1181,'12499','A Sào','A Sao','Xã A Sào','A Sao Commune','a_sao','33',4,NULL,NULL),(1182,'12511','Minh Thọ','Minh Tho','Xã Minh Thọ','Minh Tho Commune','minh_tho','33',4,NULL,NULL),(1183,'12517','Ngọc Lâm','Ngoc Lam','Xã Ngọc Lâm','Ngoc Lam Commune','ngoc_lam','33',4,NULL,NULL),(1184,'12523','Phụ Dực','Phu Duc','Xã Phụ Dực','Phu Duc Commune','phu_duc','33',4,NULL,NULL),(1185,'12526','Đồng Bằng','Dong Bang','Xã Đồng Bằng','Dong Bang Commune','dong_bang','33',4,NULL,NULL),(1186,'12532','Nguyễn Du','Nguyen Du','Xã Nguyễn Du','Nguyen Du Commune','nguyen_du','33',4,NULL,NULL),(1187,'12577','Quỳnh An','Quynh An','Xã Quỳnh An','Quynh An Commune','quynh_an','33',4,NULL,NULL),(1188,'12583','Tân Tiến','Tan Tien','Xã Tân Tiến','Tan Tien Commune','tan_tien','33',4,NULL,NULL),(1189,'12586','Hưng Hà','Hung Ha','Xã Hưng Hà','Hung Ha Commune','hung_ha','33',4,NULL,NULL),(1190,'12595','Ngự Thiên','Ngu Thien','Xã Ngự Thiên','Ngu Thien Commune','ngu_thien','33',4,NULL,NULL),(1191,'12613','Long Hưng','Long Hung','Xã Long Hưng','Long Hung Commune','long_hung','33',4,NULL,NULL),(1192,'12619','Diên Hà','Dien Ha','Xã Diên Hà','Dien Ha Commune','dien_ha','33',4,NULL,NULL),(1193,'12631','Thần Khê','Than Khe','Xã Thần Khê','Than Khe Commune','than_khe','33',4,NULL,NULL),(1194,'12634','Tiên La','Tien La','Xã Tiên La','Tien La Commune','tien_la','33',4,NULL,NULL),(1195,'12676','Lê Quý Đôn','Le Quy Don','Xã Lê Quý Đôn','Le Quy Don Commune','le_quy_don','33',4,NULL,NULL),(1196,'12685','Hồng Minh','Hong Minh','Xã Hồng Minh','Hong Minh Commune','hong_minh','33',4,NULL,NULL),(1197,'12688','Đông Hưng','Dong Hung','Xã Đông Hưng','Dong Hung Commune','dong_hung','33',4,NULL,NULL),(1198,'12694','Bắc Đông Hưng','Bac Dong Hung','Xã Bắc Đông Hưng','Bac Dong Hung Commune','bac_dong_hung','33',4,NULL,NULL),(1199,'12700','Bắc Tiên Hưng','Bac Tien Hung','Xã Bắc Tiên Hưng','Bac Tien Hung Commune','bac_tien_hung','33',4,NULL,NULL),(1200,'12736','Đông Tiên Hưng','Dong Tien Hung','Xã Đông Tiên Hưng','Dong Tien Hung Commune','dong_tien_hung','33',4,NULL,NULL),(1201,'12745','Bắc Đông Quan','Bac Dong Quan','Xã Bắc Đông Quan','Bac Dong Quan Commune','bac_dong_quan','33',4,NULL,NULL),(1202,'12754','Tiên Hưng','Tien Hung','Xã Tiên Hưng','Tien Hung Commune','tien_hung','33',4,NULL,NULL),(1203,'12763','Nam Tiên Hưng','Nam Tien Hung','Xã Nam Tiên Hưng','Nam Tien Hung Commune','nam_tien_hung','33',4,NULL,NULL),(1204,'12775','Nam Đông Hưng','Nam Dong Hung','Xã Nam Đông Hưng','Nam Dong Hung Commune','nam_dong_hung','33',4,NULL,NULL),(1205,'12793','Đông Quan','Dong Quan','Xã Đông Quan','Dong Quan Commune','dong_quan','33',4,NULL,NULL),(1206,'12826','Thái Thụy','Thai Thuy','Xã Thái Thụy','Thai Thuy Commune','thai_thuy','33',4,NULL,NULL),(1207,'12850','Tây Thụy Anh','Tay Thuy Anh','Xã Tây Thụy Anh','Tay Thuy Anh Commune','tay_thuy_anh','33',4,NULL,NULL),(1208,'12859','Bắc Thụy Anh','Bac Thuy Anh','Xã Bắc Thụy Anh','Bac Thuy Anh Commune','bac_thuy_anh','33',4,NULL,NULL),(1209,'12862','Đông Thụy Anh','Dong Thuy Anh','Xã Đông Thụy Anh','Dong Thuy Anh Commune','dong_thuy_anh','33',4,NULL,NULL),(1210,'12865','Thụy Anh','Thuy Anh','Xã Thụy Anh','Thuy Anh Commune','thuy_anh','33',4,NULL,NULL),(1211,'12904','Nam Thụy Anh','Nam Thuy Anh','Xã Nam Thụy Anh','Nam Thuy Anh Commune','nam_thuy_anh','33',4,NULL,NULL),(1212,'12916','Bắc Thái Ninh','Bac Thai Ninh','Xã Bắc Thái Ninh','Bac Thai Ninh Commune','bac_thai_ninh','33',4,NULL,NULL),(1213,'12919','Tây Thái Ninh','Tay Thai Ninh','Xã Tây Thái Ninh','Tay Thai Ninh Commune','tay_thai_ninh','33',4,NULL,NULL),(1214,'12922','Thái Ninh','Thai Ninh','Xã Thái Ninh','Thai Ninh Commune','thai_ninh','33',4,NULL,NULL),(1215,'12943','Đông Thái Ninh','Dong Thai Ninh','Xã Đông Thái Ninh','Dong Thai Ninh Commune','dong_thai_ninh','33',4,NULL,NULL),(1216,'12961','Nam Thái Ninh','Nam Thai Ninh','Xã Nam Thái Ninh','Nam Thai Ninh Commune','nam_thai_ninh','33',4,NULL,NULL),(1217,'12970','Tiền Hải','Tien Hai','Xã Tiền Hải','Tien Hai Commune','tien_hai','33',4,NULL,NULL),(1218,'12988','Đông Tiền Hải','Dong Tien Hai','Xã Đông Tiền Hải','Dong Tien Hai Commune','dong_tien_hai','33',4,NULL,NULL),(1219,'13003','Đồng Châu','Dong Chau','Xã Đồng Châu','Dong Chau Commune','dong_chau','33',4,NULL,NULL),(1220,'13021','Ái Quốc','Ai Quoc','Xã Ái Quốc','Ai Quoc Commune','ai_quoc','33',4,NULL,NULL),(1221,'13039','Tây Tiền Hải','Tay Tien Hai','Xã Tây Tiền Hải','Tay Tien Hai Commune','tay_tien_hai','33',4,NULL,NULL),(1222,'13057','Nam Cường','Nam Cuong','Xã Nam Cường','Nam Cuong Commune','nam_cuong','33',4,NULL,NULL),(1223,'13063','Nam Tiền Hải','Nam Tien Hai','Xã Nam Tiền Hải','Nam Tien Hai Commune','nam_tien_hai','33',4,NULL,NULL),(1224,'13066','Hưng Phú','Hung Phu','Xã Hưng Phú','Hung Phu Commune','hung_phu','33',4,NULL,NULL),(1225,'13075','Kiến Xương','Kien Xuong','Xã Kiến Xương','Kien Xuong Commune','kien_xuong','33',4,NULL,NULL),(1226,'13093','Trà Giang','Tra Giang','Xã Trà Giang','Tra Giang Commune','tra_giang','33',4,NULL,NULL),(1227,'13096','Bình Nguyên','Binh Nguyen','Xã Bình Nguyên','Binh Nguyen Commune','binh_nguyen','33',4,NULL,NULL),(1228,'13120','Lê Lợi','Le Loi','Xã Lê Lợi','Le Loi Commune','le_loi','33',4,NULL,NULL),(1229,'13132','Quang Lịch','Quang Lich','Xã Quang Lịch','Quang Lich Commune','quang_lich','33',4,NULL,NULL),(1230,'13141','Vũ Quý','Vu Quy','Xã Vũ Quý','Vu Quy Commune','vu_quy','33',4,NULL,NULL),(1231,'13159','Hồng Vũ','Hong Vu','Xã Hồng Vũ','Hong Vu Commune','hong_vu','33',4,NULL,NULL),(1232,'13183','Bình Thanh','Binh Thanh','Xã Bình Thanh','Binh Thanh Commune','binh_thanh','33',4,NULL,NULL),(1233,'13186','Bình Định','Binh Dinh','Xã Bình Định','Binh Dinh Commune','binh_dinh','33',4,NULL,NULL),(1234,'13192','Vũ Thư','Vu Thu','Xã Vũ Thư','Vu Thu Commune','vu_thu','33',4,NULL,NULL),(1235,'13219','Vạn Xuân','Van Xuan','Xã Vạn Xuân','Van Xuan Commune','van_xuan','33',4,NULL,NULL),(1236,'13222','Thư Trì','Thu Tri','Xã Thư Trì','Thu Tri Commune','thu_tri','33',4,NULL,NULL),(1237,'13246','Tân Thuận','Tan Thuan','Xã Tân Thuận','Tan Thuan Commune','tan_thuan','33',4,NULL,NULL),(1238,'13264','Thư Vũ','Thu Vu','Xã Thư Vũ','Thu Vu Commune','thu_vu','33',4,NULL,NULL),(1239,'13279','Vũ Tiên','Vu Tien','Xã Vũ Tiên','Vu Tien Commune','vu_tien','33',4,NULL,NULL),(1240,'13285','Phủ Lý','Phu Ly','Phường Phủ Lý','Phu Ly Ward','phu_ly','37',3,NULL,NULL),(1241,'13291','Phù Vân','Phu Van','Phường Phù Vân','Phu Van Ward','phu_van','37',3,NULL,NULL),(1242,'13318','Châu Sơn','Chau Son','Phường Châu Sơn','Chau Son Ward','chau_son','37',3,NULL,NULL),(1243,'13324','Duy Tiên','Duy Tien','Phường Duy Tiên','Duy Tien Ward','duy_tien','37',3,NULL,NULL),(1244,'13330','Duy Tân','Duy Tan','Phường Duy Tân','Duy Tan Ward','duy_tan','37',3,NULL,NULL),(1245,'13336','Duy Hà','Duy Ha','Phường Duy Hà','Duy Ha Ward','duy_ha','37',3,NULL,NULL),(1246,'13348','Đồng Văn','Dong Van','Phường Đồng Văn','Dong Van Ward','dong_van','37',3,NULL,NULL),(1247,'13363','Tiên Sơn','Tien Son','Phường Tiên Sơn','Tien Son Ward','tien_son','37',3,NULL,NULL),(1248,'13366','Hà Nam','Ha Nam','Phường Hà Nam','Ha Nam Ward','ha_nam','37',3,NULL,NULL),(1249,'13384','Kim Bảng','Kim Bang','Phường Kim Bảng','Kim Bang Ward','kim_bang','37',3,NULL,NULL),(1250,'13393','Lê Hồ','Le Ho','Phường Lê Hồ','Le Ho Ward','le_ho','37',3,NULL,NULL),(1251,'13396','Nguyễn Úy','Nguyen Uy','Phường Nguyễn Úy','Nguyen Uy Ward','nguyen_uy','37',3,NULL,NULL),(1252,'13402','Kim Thanh','Kim Thanh','Phường Kim Thanh','Kim Thanh Ward','kim_thanh','37',3,NULL,NULL),(1253,'13420','Tam Chúc','Tam Chuc','Phường Tam Chúc','Tam Chuc Ward','tam_chuc','37',3,NULL,NULL),(1254,'13435','Lý Thường Kiệt','Ly Thuong Kiet','Phường Lý Thường Kiệt','Ly Thuong Kiet Ward','ly_thuong_kiet','37',3,NULL,NULL),(1255,'13444','Liêm Tuyền','Liem Tuyen','Phường Liêm Tuyền','Liem Tuyen Ward','liem_tuyen','37',3,NULL,NULL),(1256,'13669','Nam Định','Nam Dinh','Phường Nam Định','Nam Dinh Ward','nam_dinh','37',3,NULL,NULL),(1257,'13684','Thiên Trường','Thien Truong','Phường Thiên Trường','Thien Truong Ward','thien_truong','37',3,NULL,NULL),(1258,'13693','Đông A','Dong A','Phường Đông A','Dong A Ward','dong_a','37',3,NULL,NULL),(1259,'13699','Thành Nam','Thanh Nam','Phường Thành Nam','Thanh Nam Ward','thanh_nam','37',3,NULL,NULL),(1260,'13708','Mỹ Lộc','My Loc','Phường Mỹ Lộc','My Loc Ward','my_loc','37',3,NULL,NULL),(1261,'13777','Trường Thi','Truong Thi','Phường Trường Thi','Truong Thi Ward','truong_thi','37',3,NULL,NULL),(1262,'13972','Vị Khê','Vi Khe','Phường Vị Khê','Vi Khe Ward','vi_khe','37',3,NULL,NULL),(1263,'13984','Hồng Quang','Hong Quang','Phường Hồng Quang','Hong Quang Ward','hong_quang','37',3,NULL,NULL),(1264,'14329','Hoa Lư','Hoa Lu','Phường Hoa Lư','Hoa Lu Ward','hoa_lu','37',3,NULL,NULL),(1265,'14359','Nam Hoa Lư','Nam Hoa Lu','Phường Nam Hoa Lư','Nam Hoa Lu Ward','nam_hoa_lu','37',3,NULL,NULL),(1266,'14362','Tam Điệp','Tam Diep','Phường Tam Điệp','Tam Diep Ward','tam_diep','37',3,NULL,NULL),(1267,'14365','Trung Sơn','Trung Son','Phường Trung Sơn','Trung Son Ward','trung_son','37',3,NULL,NULL),(1268,'14371','Yên Sơn','Yen Son','Phường Yên Sơn','Yen Son Ward','yen_son','37',3,NULL,NULL),(1269,'14533','Tây Hoa Lư','Tay Hoa Lu','Phường Tây Hoa Lư','Tay Hoa Lu Ward','tay_hoa_lu','37',3,NULL,NULL),(1270,'14566','Đông Hoa Lư','Dong Hoa Lu','Phường Đông Hoa Lư','Dong Hoa Lu Ward','dong_hoa_lu','37',3,NULL,NULL),(1271,'14725','Yên Thắng','Yen Thang','Phường Yên Thắng','Yen Thang Ward','yen_thang','37',3,NULL,NULL),(1272,'13456','Liêm Hà','Liem Ha','Xã Liêm Hà','Liem Ha Commune','liem_ha','37',4,NULL,NULL),(1273,'13474','Tân Thanh','Tan Thanh','Xã Tân Thanh','Tan Thanh Commune','tan_thanh','37',4,NULL,NULL),(1274,'13483','Thanh Bình','Thanh Binh','Xã Thanh Bình','Thanh Binh Commune','thanh_binh','37',4,NULL,NULL),(1275,'13489','Thanh Lâm','Thanh Lam','Xã Thanh Lâm','Thanh Lam Commune','thanh_lam','37',4,NULL,NULL),(1276,'13495','Thanh Liêm','Thanh Liem','Xã Thanh Liêm','Thanh Liem Commune','thanh_liem','37',4,NULL,NULL),(1277,'13501','Bình Mỹ','Binh My','Xã Bình Mỹ','Binh My Commune','binh_my','37',4,NULL,NULL),(1278,'13504','Bình Lục','Binh Luc','Xã Bình Lục','Binh Luc Commune','binh_luc','37',4,NULL,NULL),(1279,'13531','Bình Giang','Binh Giang','Xã Bình Giang','Binh Giang Commune','binh_giang','37',4,NULL,NULL),(1280,'13540','Bình An','Binh An','Xã Bình An','Binh An Commune','binh_an','37',4,NULL,NULL),(1281,'13558','Bình Sơn','Binh Son','Xã Bình Sơn','Binh Son Commune','binh_son','37',4,NULL,NULL),(1282,'13573','Lý Nhân','Ly Nhan','Xã Lý Nhân','Ly Nhan Commune','ly_nhan','37',4,NULL,NULL),(1283,'13579','Bắc Lý','Bac Ly','Xã Bắc Lý','Bac Ly Commune','bac_ly','37',4,NULL,NULL),(1284,'13591','Nam Xang','Nam Xang','Xã Nam Xang','Nam Xang Commune','nam_xang','37',4,NULL,NULL),(1285,'13594','Trần Thương','Tran Thuong','Xã Trần Thương','Tran Thuong Commune','tran_thuong','37',4,NULL,NULL),(1286,'13597','Vĩnh Trụ','Vinh Tru','Xã Vĩnh Trụ','Vinh Tru Commune','vinh_tru','37',4,NULL,NULL),(1287,'13609','Nhân Hà','Nhan Ha','Xã Nhân Hà','Nhan Ha Commune','nhan_ha','37',4,NULL,NULL),(1288,'13627','Nam Lý','Nam Ly','Xã Nam Lý','Nam Ly Commune','nam_ly','37',4,NULL,NULL),(1289,'13741','Vụ Bản','Vu Ban','Xã Vụ Bản','Vu Ban Commune','vu_ban','37',4,NULL,NULL),(1290,'13750','Minh Tân','Minh Tan','Xã Minh Tân','Minh Tan Commune','minh_tan','37',4,NULL,NULL),(1291,'13753','Hiển Khánh','Hien Khanh','Xã Hiển Khánh','Hien Khanh Commune','hien_khanh','37',4,NULL,NULL),(1292,'13786','Liên Minh','Lien Minh','Xã Liên Minh','Lien Minh Commune','lien_minh','37',4,NULL,NULL),(1293,'13795','Ý Yên','Y Yen','Xã Ý Yên','Y Yen Commune','y_yen','37',4,NULL,NULL),(1294,'13807','Tân Minh','Tan Minh','Xã Tân Minh','Tan Minh Commune','tan_minh','37',4,NULL,NULL),(1295,'13822','Phong Doanh','Phong Doanh','Xã Phong Doanh','Phong Doanh Commune','phong_doanh','37',4,NULL,NULL),(1296,'13834','Vũ Dương','Vu Duong','Xã Vũ Dương','Vu Duong Commune','vu_duong','37',4,NULL,NULL),(1297,'13864','Vạn Thắng','Van Thang','Xã Vạn Thắng','Van Thang Commune','van_thang','37',4,NULL,NULL),(1298,'13870','Yên Cường','Yen Cuong','Xã Yên Cường','Yen Cuong Commune','yen_cuong','37',4,NULL,NULL),(1299,'13879','Yên Đồng','Yen Dong','Xã Yên Đồng','Yen Dong Commune','yen_dong','37',4,NULL,NULL),(1300,'13891','Nghĩa Hưng','Nghia Hung','Xã Nghĩa Hưng','Nghia Hung Commune','nghia_hung','37',4,NULL,NULL),(1301,'13894','Rạng Đông','Rang Dong','Xã Rạng Đông','Rang Dong Commune','rang_dong','37',4,NULL,NULL),(1302,'13900','Đồng Thịnh','Dong Thinh','Xã Đồng Thịnh','Dong Thinh Commune','dong_thinh','37',4,NULL,NULL),(1303,'13918','Nghĩa Sơn','Nghia Son','Xã Nghĩa Sơn','Nghia Son Commune','nghia_son','37',4,NULL,NULL),(1304,'13927','Hồng Phong','Hong Phong','Xã Hồng Phong','Hong Phong Commune','hong_phong','37',4,NULL,NULL),(1305,'13939','Quỹ Nhất','Quy Nhat','Xã Quỹ Nhất','Quy Nhat Commune','quy_nhat','37',4,NULL,NULL),(1306,'13957','Nghĩa Lâm','Nghia Lam','Xã Nghĩa Lâm','Nghia Lam Commune','nghia_lam','37',4,NULL,NULL),(1307,'13966','Nam Trực','Nam Truc','Xã Nam Trực','Nam Truc Commune','nam_truc','37',4,NULL,NULL),(1308,'13987','Nam Hồng','Nam Hong','Xã Nam Hồng','Nam Hong Commune','nam_hong','37',4,NULL,NULL),(1309,'14005','Nam Ninh','Nam Ninh','Xã Nam Ninh','Nam Ninh Commune','nam_ninh','37',4,NULL,NULL),(1310,'14011','Nam Minh','Nam Minh','Xã Nam Minh','Nam Minh Commune','nam_minh','37',4,NULL,NULL),(1311,'14014','Nam Đồng','Nam Dong','Xã Nam Đồng','Nam Dong Commune','nam_dong','37',4,NULL,NULL),(1312,'14026','Cổ Lễ','Co Le','Xã Cổ Lễ','Co Le Commune','co_le','37',4,NULL,NULL),(1313,'14038','Ninh Giang','Ninh Giang','Xã Ninh Giang','Ninh Giang Commune','ninh_giang','37',4,NULL,NULL),(1314,'14053','Trực Ninh','Truc Ninh','Xã Trực Ninh','Truc Ninh Commune','truc_ninh','37',4,NULL,NULL),(1315,'14056','Cát Thành','Cat Thanh','Xã Cát Thành','Cat Thanh Commune','cat_thanh','37',4,NULL,NULL),(1316,'14062','Quang Hưng','Quang Hung','Xã Quang Hưng','Quang Hung Commune','quang_hung','37',4,NULL,NULL),(1317,'14071','Minh Thái','Minh Thai','Xã Minh Thái','Minh Thai Commune','minh_thai','37',4,NULL,NULL),(1318,'14077','Ninh Cường','Ninh Cuong','Xã Ninh Cường','Ninh Cuong Commune','ninh_cuong','37',4,NULL,NULL),(1319,'14089','Xuân Trường','Xuan Truong','Xã Xuân Trường','Xuan Truong Commune','xuan_truong','37',4,NULL,NULL),(1320,'14095','Xuân Hồng','Xuan Hong','Xã Xuân Hồng','Xuan Hong Commune','xuan_hong','37',4,NULL,NULL),(1321,'14104','Xuân Giang','Xuan Giang','Xã Xuân Giang','Xuan Giang Commune','xuan_giang','37',4,NULL,NULL),(1322,'14122','Xuân Hưng','Xuan Hung','Xã Xuân Hưng','Xuan Hung Commune','xuan_hung','37',4,NULL,NULL),(1323,'14161','Giao Minh','Giao Minh','Xã Giao Minh','Giao Minh Commune','giao_minh','37',4,NULL,NULL),(1324,'14167','Giao Thủy','Giao Thuy','Xã Giao Thủy','Giao Thuy Commune','giao_thuy','37',4,NULL,NULL),(1325,'14179','Giao Hưng','Giao Hung','Xã Giao Hưng','Giao Hung Commune','giao_hung','37',4,NULL,NULL),(1326,'14182','Giao Hòa','Giao Hoa','Xã Giao Hòa','Giao Hoa Commune','giao_hoa','37',4,NULL,NULL),(1327,'14194','Giao Bình','Giao Binh','Xã Giao Bình','Giao Binh Commune','giao_binh','37',4,NULL,NULL),(1328,'14203','Giao Phúc','Giao Phuc','Xã Giao Phúc','Giao Phuc Commune','giao_phuc','37',4,NULL,NULL),(1329,'14212','Giao Ninh','Giao Ninh','Xã Giao Ninh','Giao Ninh Commune','giao_ninh','37',4,NULL,NULL),(1330,'14215','Hải Hậu','Hai Hau','Xã Hải Hậu','Hai Hau Commune','hai_hau','37',4,NULL,NULL),(1331,'14218','Hải Tiến','Hai Tien','Xã Hải Tiến','Hai Tien Commune','hai_tien','37',4,NULL,NULL),(1332,'14221','Hải Thịnh','Hai Thinh','Xã Hải Thịnh','Hai Thinh Commune','hai_thinh','37',4,NULL,NULL),(1333,'14236','Hải Anh','Hai Anh','Xã Hải Anh','Hai Anh Commune','hai_anh','37',4,NULL,NULL),(1334,'14248','Hải Hưng','Hai Hung','Xã Hải Hưng','Hai Hung Commune','hai_hung','37',4,NULL,NULL),(1335,'14281','Hải An','Hai An','Xã Hải An','Hai An Commune','hai_an','37',4,NULL,NULL),(1336,'14287','Hải Quang','Hai Quang','Xã Hải Quang','Hai Quang Commune','hai_quang','37',4,NULL,NULL),(1337,'14308','Hải Xuân','Hai Xuan','Xã Hải Xuân','Hai Xuan Commune','hai_xuan','37',4,NULL,NULL),(1338,'14389','Gia Lâm','Gia Lam','Xã Gia Lâm','Gia Lam Commune','gia_lam','37',4,NULL,NULL),(1339,'14401','Gia Tường','Gia Tuong','Xã Gia Tường','Gia Tuong Commune','gia_tuong','37',4,NULL,NULL),(1340,'14404','Cúc Phương','Cuc Phuong','Xã Cúc Phương','Cuc Phuong Commune','cuc_phuong','37',4,NULL,NULL),(1341,'14407','Phú Sơn','Phu Son','Xã Phú Sơn','Phu Son Commune','phu_son','37',4,NULL,NULL),(1342,'14428','Nho Quan','Nho Quan','Xã Nho Quan','Nho Quan Commune','nho_quan','37',4,NULL,NULL),(1343,'14434','Thanh Sơn','Thanh Son','Xã Thanh Sơn','Thanh Son Commune','thanh_son','37',4,NULL,NULL),(1344,'14452','Quỳnh Lưu','Quynh Luu','Xã Quỳnh Lưu','Quynh Luu Commune','quynh_luu','37',4,NULL,NULL),(1345,'14458','Phú Long','Phu Long','Xã Phú Long','Phu Long Commune','phu_long','37',4,NULL,NULL),(1346,'14464','Gia Viễn','Gia Vien','Xã Gia Viễn','Gia Vien Commune','gia_vien','37',4,NULL,NULL),(1347,'14482','Gia Hưng','Gia Hung','Xã Gia Hưng','Gia Hung Commune','gia_hung','37',4,NULL,NULL),(1348,'14488','Gia Vân','Gia Van','Xã Gia Vân','Gia Van Commune','gia_van','37',4,NULL,NULL),(1349,'14494','Gia Trấn','Gia Tran','Xã Gia Trấn','Gia Tran Commune','gia_tran','37',4,NULL,NULL),(1350,'14500','Đại Hoàng','Dai Hoang','Xã Đại Hoàng','Dai Hoang Commune','dai_hoang','37',4,NULL,NULL),(1351,'14524','Gia Phong','Gia Phong','Xã Gia Phong','Gia Phong Commune','gia_phong','37',4,NULL,NULL),(1352,'14560','Yên Khánh','Yen Khanh','Xã Yên Khánh','Yen Khanh Commune','yen_khanh','37',4,NULL,NULL),(1353,'14563','Khánh Thiện','Khanh Thien','Xã Khánh Thiện','Khanh Thien Commune','khanh_thien','37',4,NULL,NULL),(1354,'14608','Khánh Trung','Khanh Trung','Xã Khánh Trung','Khanh Trung Commune','khanh_trung','37',4,NULL,NULL),(1355,'14611','Khánh Nhạc','Khanh Nhac','Xã Khánh Nhạc','Khanh Nhac Commune','khanh_nhac','37',4,NULL,NULL),(1356,'14614','Khánh Hội','Khanh Hoi','Xã Khánh Hội','Khanh Hoi Commune','khanh_hoi','37',4,NULL,NULL),(1357,'14620','Phát Diệm','Phat Diem','Xã Phát Diệm','Phat Diem Commune','phat_diem','37',4,NULL,NULL),(1358,'14623','Bình Minh','Binh Minh','Xã Bình Minh','Binh Minh Commune','binh_minh','37',4,NULL,NULL),(1359,'14638','Kim Sơn','Kim Son','Xã Kim Sơn','Kim Son Commune','kim_son','37',4,NULL,NULL),(1360,'14647','Quang Thiện','Quang Thien','Xã Quang Thiện','Quang Thien Commune','quang_thien','37',4,NULL,NULL),(1361,'14653','Chất Bình','Chat Binh','Xã Chất Bình','Chat Binh Commune','chat_binh','37',4,NULL,NULL),(1362,'14674','Lai Thành','Lai Thanh','Xã Lai Thành','Lai Thanh Commune','lai_thanh','37',4,NULL,NULL),(1363,'14677','Định Hóa','Dinh Hoa','Xã Định Hóa','Dinh Hoa Commune','dinh_hoa','37',4,NULL,NULL),(1364,'14698','Kim Đông','Kim Dong','Xã Kim Đông','Kim Dong Commune','kim_dong','37',4,NULL,NULL),(1365,'14701','Yên Mô','Yen Mo','Xã Yên Mô','Yen Mo Commune','yen_mo','37',4,NULL,NULL),(1366,'14728','Yên Từ','Yen Tu','Xã Yên Từ','Yen Tu Commune','yen_tu','37',4,NULL,NULL),(1367,'14743','Yên Mạc','Yen Mac','Xã Yên Mạc','Yen Mac Commune','yen_mac','37',4,NULL,NULL),(1368,'14746','Đồng Thái','Dong Thai','Xã Đồng Thái','Dong Thai Commune','dong_thai','37',4,NULL,NULL),(1369,'14758','Hàm Rồng','Ham Rong','Phường Hàm Rồng','Ham Rong Ward','ham_rong','38',3,NULL,NULL),(1370,'14797','Hạc Thành','Hac Thanh','Phường Hạc Thành','Hac Thanh Ward','hac_thanh','38',3,NULL,NULL),(1371,'14812','Bỉm Sơn','Bim Son','Phường Bỉm Sơn','Bim Son Ward','bim_son','38',3,NULL,NULL),(1372,'14818','Quang Trung','Quang Trung','Phường Quang Trung','Quang Trung Ward','quang_trung','38',3,NULL,NULL),(1373,'15853','Đông Tiến','Dong Tien','Phường Đông Tiến','Dong Tien Ward','dong_tien','38',3,NULL,NULL),(1374,'15925','Nguyệt Viên','Nguyet Vien','Phường Nguyệt Viên','Nguyet Vien Ward','nguyet_vien','38',3,NULL,NULL),(1375,'16378','Đông Sơn','Dong Son','Phường Đông Sơn','Dong Son Ward','dong_son','38',3,NULL,NULL),(1376,'16417','Đông Quang','Dong Quang','Phường Đông Quang','Dong Quang Ward','dong_quang','38',3,NULL,NULL),(1377,'16516','Nam Sầm Sơn','Nam Sam Son','Phường Nam Sầm Sơn','Nam Sam Son Ward','nam_sam_son','38',3,NULL,NULL),(1378,'16522','Quảng Phú','Quang Phu','Phường Quảng Phú','Quang Phu Ward','quang_phu','38',3,NULL,NULL),(1379,'16531','Sầm Sơn','Sam Son','Phường Sầm Sơn','Sam Son Ward','sam_son','38',3,NULL,NULL),(1380,'16561','Tĩnh Gia','Tinh Gia','Phường Tĩnh Gia','Tinh Gia Ward','tinh_gia','38',3,NULL,NULL),(1381,'16576','Ngọc Sơn','Ngoc Son','Phường Ngọc Sơn','Ngoc Son Ward','ngoc_son','38',3,NULL,NULL),(1382,'16594','Tân Dân','Tan Dan','Phường Tân Dân','Tan Dan Ward','tan_dan','38',3,NULL,NULL),(1383,'16597','Hải Lĩnh','Hai Linh','Phường Hải Lĩnh','Hai Linh Ward','hai_linh','38',3,NULL,NULL),(1384,'16609','Đào Duy Từ','Dao Duy Tu','Phường Đào Duy Từ','Dao Duy Tu Ward','dao_duy_tu','38',3,NULL,NULL),(1385,'16624','Trúc Lâm','Truc Lam','Phường Trúc Lâm','Truc Lam Ward','truc_lam','38',3,NULL,NULL),(1386,'16645','Hải Bình','Hai Binh','Phường Hải Bình','Hai Binh Ward','hai_binh','38',3,NULL,NULL),(1387,'16654','Nghi Sơn','Nghi Son','Phường Nghi Sơn','Nghi Son Ward','nghi_son','38',3,NULL,NULL),(1388,'14845','Mường Lát','Muong Lat','Xã Mường Lát','Muong Lat Commune','muong_lat','38',4,NULL,NULL),(1389,'14848','Tam Chung','Tam Chung','Xã Tam Chung','Tam Chung Commune','tam_chung','38',4,NULL,NULL),(1390,'14854','Mường Lý','Muong Ly','Xã Mường Lý','Muong Ly Commune','muong_ly','38',4,NULL,NULL),(1391,'14857','Trung Lý','Trung Ly','Xã Trung Lý','Trung Ly Commune','trung_ly','38',4,NULL,NULL),(1392,'14860','Quang Chiểu','Quang Chieu','Xã Quang Chiểu','Quang Chieu Commune','quang_chieu','38',4,NULL,NULL),(1393,'14863','Pù Nhi','Pu Nhi','Xã Pù Nhi','Pu Nhi Commune','pu_nhi','38',4,NULL,NULL),(1394,'14864','Nhi Sơn','Nhi Son','Xã Nhi Sơn','Nhi Son Commune','nhi_son','38',4,NULL,NULL),(1395,'14866','Mường Chanh','Muong Chanh','Xã Mường Chanh','Muong Chanh Commune','muong_chanh','38',4,NULL,NULL),(1396,'14869','Hồi Xuân','Hoi Xuan','Xã Hồi Xuân','Hoi Xuan Commune','hoi_xuan','38',4,NULL,NULL),(1397,'14872','Trung Thành','Trung Thanh','Xã Trung Thành','Trung Thanh Commune','trung_thanh','38',4,NULL,NULL),(1398,'14875','Trung Sơn','Trung Son','Xã Trung Sơn','Trung Son Commune','trung_son','38',4,NULL,NULL),(1399,'14878','Phú Lệ','Phu Le','Xã Phú Lệ','Phu Le Commune','phu_le','38',4,NULL,NULL),(1400,'14890','Phú Xuân','Phu Xuan','Xã Phú Xuân','Phu Xuan Commune','phu_xuan','38',4,NULL,NULL),(1401,'14896','Hiền Kiệt','Hien Kiet','Xã Hiền Kiệt','Hien Kiet Commune','hien_kiet','38',4,NULL,NULL),(1402,'14902','Nam Xuân','Nam Xuan','Xã Nam Xuân','Nam Xuan Commune','nam_xuan','38',4,NULL,NULL),(1403,'14908','Thiên Phủ','Thien Phu','Xã Thiên Phủ','Thien Phu Commune','thien_phu','38',4,NULL,NULL),(1404,'14923','Bá Thước','Ba Thuoc','Xã Bá Thước','Ba Thuoc Commune','ba_thuoc','38',4,NULL,NULL),(1405,'14932','Điền Quang','Dien Quang','Xã Điền Quang','Dien Quang Commune','dien_quang','38',4,NULL,NULL),(1406,'14950','Điền Lư','Dien Lu','Xã Điền Lư','Dien Lu Commune','dien_lu','38',4,NULL,NULL),(1407,'14953','Quý Lương','Quy Luong','Xã Quý Lương','Quy Luong Commune','quy_luong','38',4,NULL,NULL),(1408,'14956','Pù Luông','Pu Luong','Xã Pù Luông','Pu Luong Commune','pu_luong','38',4,NULL,NULL),(1409,'14959','Cổ Lũng','Co Lung','Xã Cổ Lũng','Co Lung Commune','co_lung','38',4,NULL,NULL),(1410,'14974','Văn Nho','Van Nho','Xã Văn Nho','Van Nho Commune','van_nho','38',4,NULL,NULL),(1411,'14980','Thiết Ống','Thiet Ong','Xã Thiết Ống','Thiet Ong Commune','thiet_ong','38',4,NULL,NULL),(1412,'15001','Trung Hạ','Trung Ha','Xã Trung Hạ','Trung Ha Commune','trung_ha','38',4,NULL,NULL),(1413,'15007','Tam Thanh','Tam Thanh','Xã Tam Thanh','Tam Thanh Commune','tam_thanh','38',4,NULL,NULL),(1414,'15010','Sơn Thủy','Son Thuy','Xã Sơn Thủy','Son Thuy Commune','son_thuy','38',4,NULL,NULL),(1415,'15013','Na Mèo','Na Meo','Xã Na Mèo','Na Meo Commune','na_meo','38',4,NULL,NULL),(1416,'15016','Quan Sơn','Quan Son','Xã Quan Sơn','Quan Son Commune','quan_son','38',4,NULL,NULL),(1417,'15019','Tam Lư','Tam Lu','Xã Tam Lư','Tam Lu Commune','tam_lu','38',4,NULL,NULL),(1418,'15022','Sơn Điện','Son Dien','Xã Sơn Điện','Son Dien Commune','son_dien','38',4,NULL,NULL),(1419,'15025','Mường Mìn','Muong Min','Xã Mường Mìn','Muong Min Commune','muong_min','38',4,NULL,NULL),(1420,'15031','Yên Khương','Yen Khuong','Xã Yên Khương','Yen Khuong Commune','yen_khuong','38',4,NULL,NULL),(1421,'15034','Yên Thắng','Yen Thang','Xã Yên Thắng','Yen Thang Commune','yen_thang','38',4,NULL,NULL),(1422,'15043','Giao An','Giao An','Xã Giao An','Giao An Commune','giao_an','38',4,NULL,NULL),(1423,'15049','Văn Phú','Van Phu','Xã Văn Phú','Van Phu Commune','van_phu','38',4,NULL,NULL),(1424,'15055','Linh Sơn','Linh Son','Xã Linh Sơn','Linh Son Commune','linh_son','38',4,NULL,NULL),(1425,'15058','Đồng Lương','Dong Luong','Xã Đồng Lương','Dong Luong Commune','dong_luong','38',4,NULL,NULL),(1426,'15061','Ngọc Lặc','Ngoc Lac','Xã Ngọc Lặc','Ngoc Lac Commune','ngoc_lac','38',4,NULL,NULL),(1427,'15085','Thạch Lập','Thach Lap','Xã Thạch Lập','Thach Lap Commune','thach_lap','38',4,NULL,NULL),(1428,'15091','Ngọc Liên','Ngoc Lien','Xã Ngọc Liên','Ngoc Lien Commune','ngoc_lien','38',4,NULL,NULL),(1429,'15106','Nguyệt Ấn','Nguyet An','Xã Nguyệt Ấn','Nguyet An Commune','nguyet_an','38',4,NULL,NULL),(1430,'15112','Kiên Thọ','Kien Tho','Xã Kiên Thọ','Kien Tho Commune','kien_tho','38',4,NULL,NULL),(1431,'15124','Minh Sơn','Minh Son','Xã Minh Sơn','Minh Son Commune','minh_son','38',4,NULL,NULL),(1432,'15127','Cẩm Thủy','Cam Thuy','Xã Cẩm Thủy','Cam Thuy Commune','cam_thuy','38',4,NULL,NULL),(1433,'15142','Cẩm Thạch','Cam Thach','Xã Cẩm Thạch','Cam Thach Commune','cam_thach','38',4,NULL,NULL),(1434,'15148','Cẩm Tú','Cam Tu','Xã Cẩm Tú','Cam Tu Commune','cam_tu','38',4,NULL,NULL),(1435,'15163','Cẩm Vân','Cam Van','Xã Cẩm Vân','Cam Van Commune','cam_van','38',4,NULL,NULL),(1436,'15178','Cẩm Tân','Cam Tan','Xã Cẩm Tân','Cam Tan Commune','cam_tan','38',4,NULL,NULL),(1437,'15187','Kim Tân','Kim Tan','Xã Kim Tân','Kim Tan Commune','kim_tan','38',4,NULL,NULL),(1438,'15190','Vân Du','Van Du','Xã Vân Du','Van Du Commune','van_du','38',4,NULL,NULL),(1439,'15199','Thạch Quảng','Thach Quang','Xã Thạch Quảng','Thach Quang Commune','thach_quang','38',4,NULL,NULL),(1440,'15211','Thạch Bình','Thach Binh','Xã Thạch Bình','Thach Binh Commune','thach_binh','38',4,NULL,NULL),(1441,'15229','Thành Vinh','Thanh Vinh','Xã Thành Vinh','Thanh Vinh Commune','thanh_vinh','38',4,NULL,NULL),(1442,'15250','Ngọc Trạo','Ngoc Trao','Xã Ngọc Trạo','Ngoc Trao Commune','ngoc_trao','38',4,NULL,NULL),(1443,'15271','Hà Trung','Ha Trung','Xã Hà Trung','Ha Trung Commune','ha_trung','38',4,NULL,NULL),(1444,'15274','Hà Long','Ha Long','Xã Hà Long','Ha Long Commune','ha_long','38',4,NULL,NULL),(1445,'15286','Hoạt Giang','Hoat Giang','Xã Hoạt Giang','Hoat Giang Commune','hoat_giang','38',4,NULL,NULL),(1446,'15298','Lĩnh Toại','Linh Toai','Xã Lĩnh Toại','Linh Toai Commune','linh_toai','38',4,NULL,NULL),(1447,'15316','Tống Sơn','Tong Son','Xã Tống Sơn','Tong Son Commune','tong_son','38',4,NULL,NULL),(1448,'15349','Vĩnh Lộc','Vinh Loc','Xã Vĩnh Lộc','Vinh Loc Commune','vinh_loc','38',4,NULL,NULL),(1449,'15361','Tây Đô','Tay Do','Xã Tây Đô','Tay Do Commune','tay_do','38',4,NULL,NULL),(1450,'15382','Biện Thượng','Bien Thuong','Xã Biện Thượng','Bien Thuong Commune','bien_thuong','38',4,NULL,NULL),(1451,'15409','Yên Phú','Yen Phu','Xã Yên Phú','Yen Phu Commune','yen_phu','38',4,NULL,NULL),(1452,'15412','Quý Lộc','Quy Loc','Xã Quý Lộc','Quy Loc Commune','quy_loc','38',4,NULL,NULL),(1453,'15421','Yên Trường','Yen Truong','Xã Yên Trường','Yen Truong Commune','yen_truong','38',4,NULL,NULL),(1454,'15442','Yên Ninh','Yen Ninh','Xã Yên Ninh','Yen Ninh Commune','yen_ninh','38',4,NULL,NULL),(1455,'15448','Định Hòa','Dinh Hoa','Xã Định Hòa','Dinh Hoa Commune','dinh_hoa','38',4,NULL,NULL),(1456,'15457','Định Tân','Dinh Tan','Xã Định Tân','Dinh Tan Commune','dinh_tan','38',4,NULL,NULL),(1457,'15469','Yên Định','Yen Dinh','Xã Yên Định','Yen Dinh Commune','yen_dinh','38',4,NULL,NULL),(1458,'15499','Thọ Xuân','Tho Xuan','Xã Thọ Xuân','Tho Xuan Commune','tho_xuan','38',4,NULL,NULL),(1459,'15505','Thọ Long','Tho Long','Xã Thọ Long','Tho Long Commune','tho_long','38',4,NULL,NULL),(1460,'15520','Xuân Hòa','Xuan Hoa','Xã Xuân Hòa','Xuan Hoa Commune','xuan_hoa','38',4,NULL,NULL),(1461,'15544','Lam Sơn','Lam Son','Xã Lam Sơn','Lam Son Commune','lam_son','38',4,NULL,NULL),(1462,'15553','Sao Vàng','Sao Vang','Xã Sao Vàng','Sao Vang Commune','sao_vang','38',4,NULL,NULL),(1463,'15568','Thọ Lập','Tho Lap','Xã Thọ Lập','Tho Lap Commune','tho_lap','38',4,NULL,NULL),(1464,'15574','Xuân Tín','Xuan Tin','Xã Xuân Tín','Xuan Tin Commune','xuan_tin','38',4,NULL,NULL),(1465,'15592','Xuân Lập','Xuan Lap','Xã Xuân Lập','Xuan Lap Commune','xuan_lap','38',4,NULL,NULL),(1466,'15607','Bát Mọt','Bat Mot','Xã Bát Mọt','Bat Mot Commune','bat_mot','38',4,NULL,NULL),(1467,'15610','Yên Nhân','Yen Nhan','Xã Yên Nhân','Yen Nhan Commune','yen_nhan','38',4,NULL,NULL),(1468,'15622','Vạn Xuân','Van Xuan','Xã Vạn Xuân','Van Xuan Commune','van_xuan','38',4,NULL,NULL),(1469,'15628','Lương Sơn','Luong Son','Xã Lương Sơn','Luong Son Commune','luong_son','38',4,NULL,NULL),(1470,'15634','Luận Thành','Luan Thanh','Xã Luận Thành','Luan Thanh Commune','luan_thanh','38',4,NULL,NULL),(1471,'15643','Thắng Lộc','Thang Loc','Xã Thắng Lộc','Thang Loc Commune','thang_loc','38',4,NULL,NULL),(1472,'15646','Thường Xuân','Thuong Xuan','Xã Thường Xuân','Thuong Xuan Commune','thuong_xuan','38',4,NULL,NULL),(1473,'15658','Xuân Chinh','Xuan Chinh','Xã Xuân Chinh','Xuan Chinh Commune','xuan_chinh','38',4,NULL,NULL),(1474,'15661','Tân Thành','Tan Thanh','Xã Tân Thành','Tan Thanh Commune','tan_thanh','38',4,NULL,NULL),(1475,'15664','Triệu Sơn','Trieu Son','Xã Triệu Sơn','Trieu Son Commune','trieu_son','38',4,NULL,NULL),(1476,'15667','Thọ Bình','Tho Binh','Xã Thọ Bình','Tho Binh Commune','tho_binh','38',4,NULL,NULL),(1477,'15682','Hợp Tiến','Hop Tien','Xã Hợp Tiến','Hop Tien Commune','hop_tien','38',4,NULL,NULL),(1478,'15715','Tân Ninh','Tan Ninh','Xã Tân Ninh','Tan Ninh Commune','tan_ninh','38',4,NULL,NULL),(1479,'15724','Đồng Tiến','Dong Tien','Xã Đồng Tiến','Dong Tien Commune','dong_tien','38',4,NULL,NULL),(1480,'15754','Thọ Ngọc','Tho Ngoc','Xã Thọ Ngọc','Tho Ngoc Commune','tho_ngoc','38',4,NULL,NULL),(1481,'15763','Thọ Phú','Tho Phu','Xã Thọ Phú','Tho Phu Commune','tho_phu','38',4,NULL,NULL),(1482,'15766','An Nông','An Nong','Xã An Nông','An Nong Commune','an_nong','38',4,NULL,NULL),(1483,'15772','Thiệu Hóa','Thieu Hoa','Xã Thiệu Hóa','Thieu Hoa Commune','thieu_hoa','38',4,NULL,NULL),(1484,'15778','Thiệu Tiến','Thieu Tien','Xã Thiệu Tiến','Thieu Tien Commune','thieu_tien','38',4,NULL,NULL),(1485,'15796','Thiệu Quang','Thieu Quang','Xã Thiệu Quang','Thieu Quang Commune','thieu_quang','38',4,NULL,NULL),(1486,'15820','Thiệu Toán','Thieu Toan','Xã Thiệu Toán','Thieu Toan Commune','thieu_toan','38',4,NULL,NULL),(1487,'15835','Thiệu Trung','Thieu Trung','Xã Thiệu Trung','Thieu Trung Commune','thieu_trung','38',4,NULL,NULL),(1488,'15865','Hoằng Hóa','Hoang Hoa','Xã Hoằng Hóa','Hoang Hoa Commune','hoang_hoa','38',4,NULL,NULL),(1489,'15880','Hoằng Giang','Hoang Giang','Xã Hoằng Giang','Hoang Giang Commune','hoang_giang','38',4,NULL,NULL),(1490,'15889','Hoằng Phú','Hoang Phu','Xã Hoằng Phú','Hoang Phu Commune','hoang_phu','38',4,NULL,NULL),(1491,'15910','Hoằng Sơn','Hoang Son','Xã Hoằng Sơn','Hoang Son Commune','hoang_son','38',4,NULL,NULL),(1492,'15961','Hoằng Lộc','Hoang Loc','Xã Hoằng Lộc','Hoang Loc Commune','hoang_loc','38',4,NULL,NULL),(1493,'15976','Hoằng Châu','Hoang Chau','Xã Hoằng Châu','Hoang Chau Commune','hoang_chau','38',4,NULL,NULL),(1494,'15991','Hoằng Tiến','Hoang Tien','Xã Hoằng Tiến','Hoang Tien Commune','hoang_tien','38',4,NULL,NULL),(1495,'16000','Hoằng Thanh','Hoang Thanh','Xã Hoằng Thanh','Hoang Thanh Commune','hoang_thanh','38',4,NULL,NULL),(1496,'16012','Hậu Lộc','Hau Loc','Xã Hậu Lộc','Hau Loc Commune','hau_loc','38',4,NULL,NULL),(1497,'16021','Triệu Lộc','Trieu Loc','Xã Triệu Lộc','Trieu Loc Commune','trieu_loc','38',4,NULL,NULL),(1498,'16033','Đông Thành','Dong Thanh','Xã Đông Thành','Dong Thanh Commune','dong_thanh','38',4,NULL,NULL),(1499,'16072','Hoa Lộc','Hoa Loc','Xã Hoa Lộc','Hoa Loc Commune','hoa_loc','38',4,NULL,NULL),(1500,'16078','Vạn Lộc','Van Loc','Xã Vạn Lộc','Van Loc Commune','van_loc','38',4,NULL,NULL),(1501,'16093','Nga Sơn','Nga Son','Xã Nga Sơn','Nga Son Commune','nga_son','38',4,NULL,NULL),(1502,'16108','Tân Tiến','Tan Tien','Xã Tân Tiến','Tan Tien Commune','tan_tien','38',4,NULL,NULL),(1503,'16114','Nga Thắng','Nga Thang','Xã Nga Thắng','Nga Thang Commune','nga_thang','38',4,NULL,NULL),(1504,'16138','Hồ Vương','Ho Vuong','Xã Hồ Vương','Ho Vuong Commune','ho_vuong','38',4,NULL,NULL),(1505,'16144','Nga An','Nga An','Xã Nga An','Nga An Commune','nga_an','38',4,NULL,NULL),(1506,'16171','Ba Đình','Ba Dinh','Xã Ba Đình','Ba Dinh Commune','ba_dinh','38',4,NULL,NULL),(1507,'16174','Như Xuân','Nhu Xuan','Xã Như Xuân','Nhu Xuan Commune','nhu_xuan','38',4,NULL,NULL),(1508,'16177','Xuân Bình','Xuan Binh','Xã Xuân Bình','Xuan Binh Commune','xuan_binh','38',4,NULL,NULL),(1509,'16186','Hóa Quỳ','Hoa Quy','Xã Hóa Quỳ','Hoa Quy Commune','hoa_quy','38',4,NULL,NULL),(1510,'16213','Thanh Phong','Thanh Phong','Xã Thanh Phong','Thanh Phong Commune','thanh_phong','38',4,NULL,NULL),(1511,'16222','Thanh Quân','Thanh Quan','Xã Thanh Quân','Thanh Quan Commune','thanh_quan','38',4,NULL,NULL),(1512,'16225','Thượng Ninh','Thuong Ninh','Xã Thượng Ninh','Thuong Ninh Commune','thuong_ninh','38',4,NULL,NULL),(1513,'16228','Như Thanh','Nhu Thanh','Xã Như Thanh','Nhu Thanh Commune','nhu_thanh','38',4,NULL,NULL),(1514,'16234','Xuân Du','Xuan Du','Xã Xuân Du','Xuan Du Commune','xuan_du','38',4,NULL,NULL),(1515,'16249','Mậu Lâm','Mau Lam','Xã Mậu Lâm','Mau Lam Commune','mau_lam','38',4,NULL,NULL),(1516,'16258','Xuân Thái','Xuan Thai','Xã Xuân Thái','Xuan Thai Commune','xuan_thai','38',4,NULL,NULL),(1517,'16264','Yên Thọ','Yen Tho','Xã Yên Thọ','Yen Tho Commune','yen_tho','38',4,NULL,NULL),(1518,'16273','Thanh Kỳ','Thanh Ky','Xã Thanh Kỳ','Thanh Ky Commune','thanh_ky','38',4,NULL,NULL),(1519,'16279','Nông Cống','Nong Cong','Xã Nông Cống','Nong Cong Commune','nong_cong','38',4,NULL,NULL),(1520,'16297','Trung Chính','Trung Chinh','Xã Trung Chính','Trung Chinh Commune','trung_chinh','38',4,NULL,NULL),(1521,'16309','Thắng Lợi','Thang Loi','Xã Thắng Lợi','Thang Loi Commune','thang_loi','38',4,NULL,NULL),(1522,'16342','Thăng Bình','Thang Binh','Xã Thăng Bình','Thang Binh Commune','thang_binh','38',4,NULL,NULL),(1523,'16348','Trường Văn','Truong Van','Xã Trường Văn','Truong Van Commune','truong_van','38',4,NULL,NULL),(1524,'16363','Tượng Lĩnh','Tuong Linh','Xã Tượng Lĩnh','Tuong Linh Commune','tuong_linh','38',4,NULL,NULL),(1525,'16369','Công Chính','Cong Chinh','Xã Công Chính','Cong Chinh Commune','cong_chinh','38',4,NULL,NULL),(1526,'16438','Lưu Vệ','Luu Ve','Xã Lưu Vệ','Luu Ve Commune','luu_ve','38',4,NULL,NULL),(1527,'16480','Quảng Yên','Quang Yen','Xã Quảng Yên','Quang Yen Commune','quang_yen','38',4,NULL,NULL),(1528,'16489','Quảng Chính','Quang Chinh','Xã Quảng Chính','Quang Chinh Commune','quang_chinh','38',4,NULL,NULL),(1529,'16498','Quảng Ngọc','Quang Ngoc','Xã Quảng Ngọc','Quang Ngoc Commune','quang_ngoc','38',4,NULL,NULL),(1530,'16540','Quảng Ninh','Quang Ninh','Xã Quảng Ninh','Quang Ninh Commune','quang_ninh','38',4,NULL,NULL),(1531,'16543','Quảng Bình','Quang Binh','Xã Quảng Bình','Quang Binh Commune','quang_binh','38',4,NULL,NULL),(1532,'16549','Tiên Trang','Tien Trang','Xã Tiên Trang','Tien Trang Commune','tien_trang','38',4,NULL,NULL),(1533,'16591','Các Sơn','Cac Son','Xã Các Sơn','Cac Son Commune','cac_son','38',4,NULL,NULL),(1534,'16636','Trường Lâm','Truong Lam','Xã Trường Lâm','Truong Lam Commune','truong_lam','38',4,NULL,NULL),(1535,'16681','Thành Vinh','Thanh Vinh','Phường Thành Vinh','Thanh Vinh Ward','thanh_vinh','40',3,NULL,NULL),(1536,'16690','Trường Vinh','Truong Vinh','Phường Trường Vinh','Truong Vinh Ward','truong_vinh','40',3,NULL,NULL),(1537,'16702','Vinh Phú','Vinh Phu','Phường Vinh Phú','Vinh Phu Ward','vinh_phu','40',3,NULL,NULL),(1538,'16708','Vinh Lộc','Vinh Loc','Phường Vinh Lộc','Vinh Loc Ward','vinh_loc','40',3,NULL,NULL),(1539,'16732','Cửa Lò','Cua Lo','Phường Cửa Lò','Cua Lo Ward','cua_lo','40',3,NULL,NULL),(1540,'16939','Thái Hòa','Thai Hoa','Phường Thái Hòa','Thai Hoa Ward','thai_hoa','40',3,NULL,NULL),(1541,'17011','Tây Hiếu','Tay Hieu','Phường Tây Hiếu','Tay Hieu Ward','tay_hieu','40',3,NULL,NULL),(1542,'17110','Hoàng Mai','Hoang Mai','Phường Hoàng Mai','Hoang Mai Ward','hoang_mai','40',3,NULL,NULL),(1543,'17125','Quỳnh Mai','Quynh Mai','Phường Quỳnh Mai','Quynh Mai Ward','quynh_mai','40',3,NULL,NULL),(1544,'17128','Tân Mai','Tan Mai','Phường Tân Mai','Tan Mai Ward','tan_mai','40',3,NULL,NULL),(1545,'17920','Vinh Hưng','Vinh Hung','Phường Vinh Hưng','Vinh Hung Ward','vinh_hung','40',3,NULL,NULL),(1546,'16738','Quế Phong','Que Phong','Xã Quế Phong','Que Phong Commune','que_phong','40',4,NULL,NULL),(1547,'16744','Thông Thụ','Thong Thu','Xã Thông Thụ','Thong Thu Commune','thong_thu','40',4,NULL,NULL),(1548,'16750','Tiền Phong','Tien Phong','Xã Tiền Phong','Tien Phong Commune','tien_phong','40',4,NULL,NULL),(1549,'16756','Tri Lễ','Tri Le','Xã Tri Lễ','Tri Le Commune','tri_le','40',4,NULL,NULL),(1550,'16774','Mường Quàng','Muong Quang','Xã Mường Quàng','Muong Quang Commune','muong_quang','40',4,NULL,NULL),(1551,'16777','Quỳ Châu','Quy Chau','Xã Quỳ Châu','Quy Chau Commune','quy_chau','40',4,NULL,NULL),(1552,'16792','Châu Tiến','Chau Tien','Xã Châu Tiến','Chau Tien Commune','chau_tien','40',4,NULL,NULL),(1553,'16801','Hùng Chân','Hung Chan','Xã Hùng Chân','Hung Chan Commune','hung_chan','40',4,NULL,NULL),(1554,'16804','Châu Bình','Chau Binh','Xã Châu Bình','Chau Binh Commune','chau_binh','40',4,NULL,NULL),(1555,'16813','Mường Xén','Muong Xen','Xã Mường Xén','Muong Xen Commune','muong_xen','40',4,NULL,NULL),(1556,'16816','Mỹ Lý','My Ly','Xã Mỹ Lý','My Ly Commune','my_ly','40',4,NULL,NULL),(1557,'16819','Bắc Lý','Bac Ly','Xã Bắc Lý','Bac Ly Commune','bac_ly','40',4,NULL,NULL),(1558,'16822','Keng Đu','Keng Du','Xã Keng Đu','Keng Du Commune','keng_du','40',4,NULL,NULL),(1559,'16828','Huồi Tụ','Huoi Tu','Xã Huồi Tụ','Huoi Tu Commune','huoi_tu','40',4,NULL,NULL),(1560,'16831','Mường Lống','Muong Long','Xã Mường Lống','Muong Long Commune','muong_long','40',4,NULL,NULL),(1561,'16834','Na Loi','Na Loi','Xã Na Loi','Na Loi Commune','na_loi','40',4,NULL,NULL),(1562,'16837','Nậm Cắn','Nam Can','Xã Nậm Cắn','Nam Can Commune','nam_can','40',4,NULL,NULL),(1563,'16849','Hữu Kiệm','Huu Kiem','Xã Hữu Kiệm','Huu Kiem Commune','huu_kiem','40',4,NULL,NULL),(1564,'16855','Chiêu Lưu','Chieu Luu','Xã Chiêu Lưu','Chieu Luu Commune','chieu_luu','40',4,NULL,NULL),(1565,'16858','Mường Típ','Muong Tip','Xã Mường Típ','Muong Tip Commune','muong_tip','40',4,NULL,NULL),(1566,'16870','Na Ngoi','Na Ngoi','Xã Na Ngoi','Na Ngoi Commune','na_ngoi','40',4,NULL,NULL),(1567,'16876','Tương Dương','Tuong Duong','Xã Tương Dương','Tuong Duong Commune','tuong_duong','40',4,NULL,NULL),(1568,'16882','Nhôn Mai','Nhon Mai','Xã Nhôn Mai','Nhon Mai Commune','nhon_mai','40',4,NULL,NULL),(1569,'16885','Hữu Khuông','Huu Khuong','Xã Hữu Khuông','Huu Khuong Commune','huu_khuong','40',4,NULL,NULL),(1570,'16903','Nga My','Nga My','Xã Nga My','Nga My Commune','nga_my','40',4,NULL,NULL),(1571,'16906','Lượng Minh','Luong Minh','Xã Lượng Minh','Luong Minh Commune','luong_minh','40',4,NULL,NULL),(1572,'16909','Yên Hòa','Yen Hoa','Xã Yên Hòa','Yen Hoa Commune','yen_hoa','40',4,NULL,NULL),(1573,'16912','Yên Na','Yen Na','Xã Yên Na','Yen Na Commune','yen_na','40',4,NULL,NULL),(1574,'16933','Tam Quang','Tam Quang','Xã Tam Quang','Tam Quang Commune','tam_quang','40',4,NULL,NULL),(1575,'16936','Tam Thái','Tam Thai','Xã Tam Thái','Tam Thai Commune','tam_thai','40',4,NULL,NULL),(1576,'16941','Nghĩa Đàn','Nghia Dan','Xã Nghĩa Đàn','Nghia Dan Commune','nghia_dan','40',4,NULL,NULL),(1577,'16951','Nghĩa Lâm','Nghia Lam','Xã Nghĩa Lâm','Nghia Lam Commune','nghia_lam','40',4,NULL,NULL),(1578,'16969','Nghĩa Thọ','Nghia Tho','Xã Nghĩa Thọ','Nghia Tho Commune','nghia_tho','40',4,NULL,NULL),(1579,'16972','Nghĩa Hưng','Nghia Hung','Xã Nghĩa Hưng','Nghia Hung Commune','nghia_hung','40',4,NULL,NULL),(1580,'16975','Nghĩa Mai','Nghia Mai','Xã Nghĩa Mai','Nghia Mai Commune','nghia_mai','40',4,NULL,NULL),(1581,'17017','Đông Hiếu','Dong Hieu','Xã Đông Hiếu','Dong Hieu Commune','dong_hieu','40',4,NULL,NULL),(1582,'17029','Nghĩa Lộc','Nghia Loc','Xã Nghĩa Lộc','Nghia Loc Commune','nghia_loc','40',4,NULL,NULL),(1583,'17032','Nghĩa Khánh','Nghia Khanh','Xã Nghĩa Khánh','Nghia Khanh Commune','nghia_khanh','40',4,NULL,NULL),(1584,'17035','Quỳ Hợp','Quy Hop','Xã Quỳ Hợp','Quy Hop Commune','quy_hop','40',4,NULL,NULL),(1585,'17044','Châu Hồng','Chau Hong','Xã Châu Hồng','Chau Hong Commune','chau_hong','40',4,NULL,NULL),(1586,'17056','Châu Lộc','Chau Loc','Xã Châu Lộc','Chau Loc Commune','chau_loc','40',4,NULL,NULL),(1587,'17059','Tam Hợp','Tam Hop','Xã Tam Hợp','Tam Hop Commune','tam_hop','40',4,NULL,NULL),(1588,'17071','Minh Hợp','Minh Hop','Xã Minh Hợp','Minh Hop Commune','minh_hop','40',4,NULL,NULL),(1589,'17077','Mường Ham','Muong Ham','Xã Mường Ham','Muong Ham Commune','muong_ham','40',4,NULL,NULL),(1590,'17089','Mường Chọng','Muong Chong','Xã Mường Chọng','Muong Chong Commune','muong_chong','40',4,NULL,NULL),(1591,'17143','Quỳnh Văn','Quynh Van','Xã Quỳnh Văn','Quynh Van Commune','quynh_van','40',4,NULL,NULL),(1592,'17149','Quỳnh Tam','Quynh Tam','Xã Quỳnh Tam','Quynh Tam Commune','quynh_tam','40',4,NULL,NULL),(1593,'17170','Quỳnh Sơn','Quynh Son','Xã Quỳnh Sơn','Quynh Son Commune','quynh_son','40',4,NULL,NULL),(1594,'17176','Quỳnh Anh','Quynh Anh','Xã Quỳnh Anh','Quynh Anh Commune','quynh_anh','40',4,NULL,NULL),(1595,'17179','Quỳnh Lưu','Quynh Luu','Xã Quỳnh Lưu','Quynh Luu Commune','quynh_luu','40',4,NULL,NULL),(1596,'17212','Quỳnh Phú','Quynh Phu','Xã Quỳnh Phú','Quynh Phu Commune','quynh_phu','40',4,NULL,NULL),(1597,'17224','Quỳnh Thắng','Quynh Thang','Xã Quỳnh Thắng','Quynh Thang Commune','quynh_thang','40',4,NULL,NULL),(1598,'17230','Bình Chuẩn','Binh Chuan','Xã Bình Chuẩn','Binh Chuan Commune','binh_chuan','40',4,NULL,NULL),(1599,'17239','Mậu Thạch','Mau Thach','Xã Mậu Thạch','Mau Thach Commune','mau_thach','40',4,NULL,NULL),(1600,'17242','Cam Phục','Cam Phuc','Xã Cam Phục','Cam Phuc Commune','cam_phuc','40',4,NULL,NULL),(1601,'17248','Châu Khê','Chau Khe','Xã Châu Khê','Chau Khe Commune','chau_khe','40',4,NULL,NULL),(1602,'17254','Con Cuông','Con Cuong','Xã Con Cuông','Con Cuong Commune','con_cuong','40',4,NULL,NULL),(1603,'17263','Môn Sơn','Mon Son','Xã Môn Sơn','Mon Son Commune','mon_son','40',4,NULL,NULL),(1604,'17266','Tân Kỳ','Tan Ky','Xã Tân Kỳ','Tan Ky Commune','tan_ky','40',4,NULL,NULL),(1605,'17272','Tân Phú','Tan Phu','Xã Tân Phú','Tan Phu Commune','tan_phu','40',4,NULL,NULL),(1606,'17278','Giai Xuân','Giai Xuan','Xã Giai Xuân','Giai Xuan Commune','giai_xuan','40',4,NULL,NULL),(1607,'17284','Nghĩa Đồng','Nghia Dong','Xã Nghĩa Đồng','Nghia Dong Commune','nghia_dong','40',4,NULL,NULL),(1608,'17287','Tiên Đồng','Tien Dong','Xã Tiên Đồng','Tien Dong Commune','tien_dong','40',4,NULL,NULL),(1609,'17305','Tân An','Tan An','Xã Tân An','Tan An Commune','tan_an','40',4,NULL,NULL),(1610,'17326','Nghĩa Hành','Nghia Hanh','Xã Nghĩa Hành','Nghia Hanh Commune','nghia_hanh','40',4,NULL,NULL),(1611,'17329','Anh Sơn','Anh Son','Xã Anh Sơn','Anh Son Commune','anh_son','40',4,NULL,NULL),(1612,'17335','Thành Bình Thọ','Thanh Binh Tho','Xã Thành Bình Thọ','Thanh Binh Tho Commune','thanh_binh_tho','40',4,NULL,NULL),(1613,'17344','Nhân Hòa','Nhan Hoa','Xã Nhân Hòa','Nhan Hoa Commune','nhan_hoa','40',4,NULL,NULL),(1614,'17357','Vĩnh Tường','Vinh Tuong','Xã Vĩnh Tường','Vinh Tuong Commune','vinh_tuong','40',4,NULL,NULL),(1615,'17365','Anh Sơn Đông','Anh Son Dong','Xã Anh Sơn Đông','Anh Son Dong Commune','anh_son_dong','40',4,NULL,NULL),(1616,'17380','Yên Xuân','Yen Xuan','Xã Yên Xuân','Yen Xuan Commune','yen_xuan','40',4,NULL,NULL),(1617,'17395','Hùng Châu','Hung Chau','Xã Hùng Châu','Hung Chau Commune','hung_chau','40',4,NULL,NULL),(1618,'17416','Đức Châu','Duc Chau','Xã Đức Châu','Duc Chau Commune','duc_chau','40',4,NULL,NULL),(1619,'17419','Hải Châu','Hai Chau','Xã Hải Châu','Hai Chau Commune','hai_chau','40',4,NULL,NULL),(1620,'17443','Quảng Châu','Quang Chau','Xã Quảng Châu','Quang Chau Commune','quang_chau','40',4,NULL,NULL),(1621,'17464','Diễn Châu','Dien Chau','Xã Diễn Châu','Dien Chau Commune','dien_chau','40',4,NULL,NULL),(1622,'17476','Minh Châu','Minh Chau','Xã Minh Châu','Minh Chau Commune','minh_chau','40',4,NULL,NULL),(1623,'17479','An Châu','An Chau','Xã An Châu','An Chau Commune','an_chau','40',4,NULL,NULL),(1624,'17488','Tân Châu','Tan Chau','Xã Tân Châu','Tan Chau Commune','tan_chau','40',4,NULL,NULL),(1625,'17506','Yên Thành','Yen Thanh','Xã Yên Thành','Yen Thanh Commune','yen_thanh','40',4,NULL,NULL),(1626,'17515','Bình Minh','Binh Minh','Xã Bình Minh','Binh Minh Commune','binh_minh','40',4,NULL,NULL),(1627,'17521','Quang Đồng','Quang Dong','Xã Quang Đồng','Quang Dong Commune','quang_dong','40',4,NULL,NULL),(1628,'17524','Giai Lạc','Giai Lac','Xã Giai Lạc','Giai Lac Commune','giai_lac','40',4,NULL,NULL),(1629,'17530','Đông Thành','Dong Thanh','Xã Đông Thành','Dong Thanh Commune','dong_thanh','40',4,NULL,NULL),(1630,'17560','Vân Du','Van Du','Xã Vân Du','Van Du Commune','van_du','40',4,NULL,NULL),(1631,'17569','Quan Thành','Quan Thanh','Xã Quan Thành','Quan Thanh Commune','quan_thanh','40',4,NULL,NULL),(1632,'17605','Hợp Minh','Hop Minh','Xã Hợp Minh','Hop Minh Commune','hop_minh','40',4,NULL,NULL),(1633,'17611','Vân Tụ','Van Tu','Xã Vân Tụ','Van Tu Commune','van_tu','40',4,NULL,NULL),(1634,'17623','Bạch Ngọc','Bach Ngoc','Xã Bạch Ngọc','Bach Ngoc Commune','bach_ngoc','40',4,NULL,NULL),(1635,'17641','Lương Sơn','Luong Son','Xã Lương Sơn','Luong Son Commune','luong_son','40',4,NULL,NULL),(1636,'17662','Đô Lương','Do Luong','Xã Đô Lương','Do Luong Commune','do_luong','40',4,NULL,NULL),(1637,'17677','Văn Hiến','Van Hien','Xã Văn Hiến','Van Hien Commune','van_hien','40',4,NULL,NULL),(1638,'17689','Thuần Trung','Thuan Trung','Xã Thuần Trung','Thuan Trung Commune','thuan_trung','40',4,NULL,NULL),(1639,'17707','Bạch Hà','Bach Ha','Xã Bạch Hà','Bach Ha Commune','bach_ha','40',4,NULL,NULL),(1640,'17713','Đại Đồng','Dai Dong','Xã Đại Đồng','Dai Dong Commune','dai_dong','40',4,NULL,NULL),(1641,'17722','Hạnh Lâm','Hanh Lam','Xã Hạnh Lâm','Hanh Lam Commune','hanh_lam','40',4,NULL,NULL),(1642,'17728','Cát Ngạn','Cat Ngan','Xã Cát Ngạn','Cat Ngan Commune','cat_ngan','40',4,NULL,NULL),(1643,'17743','Tam Đồng','Tam Dong','Xã Tam Đồng','Tam Dong Commune','tam_dong','40',4,NULL,NULL),(1644,'17759','Sơn Lâm','Son Lam','Xã Sơn Lâm','Son Lam Commune','son_lam','40',4,NULL,NULL),(1645,'17770','Hoa Quân','Hoa Quan','Xã Hoa Quân','Hoa Quan Commune','hoa_quan','40',4,NULL,NULL),(1646,'17779','Xuân Lâm','Xuan Lam','Xã Xuân Lâm','Xuan Lam Commune','xuan_lam','40',4,NULL,NULL),(1647,'17791','Kim Bảng','Kim Bang','Xã Kim Bảng','Kim Bang Commune','kim_bang','40',4,NULL,NULL),(1648,'17818','Bích Hào','Bich Hao','Xã Bích Hào','Bich Hao Commune','bich_hao','40',4,NULL,NULL),(1649,'17827','Nghi Lộc','Nghi Loc','Xã Nghi Lộc','Nghi Loc Commune','nghi_loc','40',4,NULL,NULL),(1650,'17833','Hải Lộc','Hai Loc','Xã Hải Lộc','Hai Loc Commune','hai_loc','40',4,NULL,NULL),(1651,'17842','Thần Lĩnh','Than Linh','Xã Thần Lĩnh','Than Linh Commune','than_linh','40',4,NULL,NULL),(1652,'17854','Văn Kiều','Van Kieu','Xã Văn Kiều','Van Kieu Commune','van_kieu','40',4,NULL,NULL),(1653,'17857','Phúc Lộc','Phuc Loc','Xã Phúc Lộc','Phuc Loc Commune','phuc_loc','40',4,NULL,NULL),(1654,'17866','Trung Lộc','Trung Loc','Xã Trung Lộc','Trung Loc Commune','trung_loc','40',4,NULL,NULL),(1655,'17878','Đông Lộc','Dong Loc','Xã Đông Lộc','Dong Loc Commune','dong_loc','40',4,NULL,NULL),(1656,'17935','Nam Đàn','Nam Dan','Xã Nam Đàn','Nam Dan Commune','nam_dan','40',4,NULL,NULL),(1657,'17944','Đại Huệ','Dai Hue','Xã Đại Huệ','Dai Hue Commune','dai_hue','40',4,NULL,NULL),(1658,'17950','Vạn An','Van An','Xã Vạn An','Van An Commune','van_an','40',4,NULL,NULL),(1659,'17971','Kim Liên','Kim Lien','Xã Kim Liên','Kim Lien Commune','kim_lien','40',4,NULL,NULL),(1660,'17989','Thiên Nhẫn','Thien Nhan','Xã Thiên Nhẫn','Thien Nhan Commune','thien_nhan','40',4,NULL,NULL),(1661,'18001','Hưng Nguyên','Hung Nguyen','Xã Hưng Nguyên','Hung Nguyen Commune','hung_nguyen','40',4,NULL,NULL),(1662,'18007','Yên Trung','Yen Trung','Xã Yên Trung','Yen Trung Commune','yen_trung','40',4,NULL,NULL),(1663,'18028','Hưng Nguyên Nam','Hung Nguyen Nam','Xã Hưng Nguyên Nam','Hung Nguyen Nam Commune','hung_nguyen_nam','40',4,NULL,NULL),(1664,'18040','Lam Thành','Lam Thanh','Xã Lam Thành','Lam Thanh Commune','lam_thanh','40',4,NULL,NULL),(1665,'18073','Thành Sen','Thanh Sen','Phường Thành Sen','Thanh Sen Ward','thanh_sen','42',3,NULL,NULL),(1666,'18100','Trần Phú','Tran Phu','Phường Trần Phú','Tran Phu Ward','tran_phu','42',3,NULL,NULL),(1667,'18115','Bắc Hồng Lĩnh','Bac Hong Linh','Phường Bắc Hồng Lĩnh','Bac Hong Linh Ward','bac_hong_linh','42',3,NULL,NULL),(1668,'18118','Nam Hồng Lĩnh','Nam Hong Linh','Phường Nam Hồng Lĩnh','Nam Hong Linh Ward','nam_hong_linh','42',3,NULL,NULL),(1669,'18652','Hà Huy Tập','Ha Huy Tap','Phường Hà Huy Tập','Ha Huy Tap Ward','ha_huy_tap','42',3,NULL,NULL),(1670,'18754','Sông Trí','Song Tri','Phường Sông Trí','Song Tri Ward','song_tri','42',3,NULL,NULL),(1671,'18781','Hải Ninh','Hai Ninh','Phường Hải Ninh','Hai Ninh Ward','hai_ninh','42',3,NULL,NULL),(1672,'18823','Vũng Áng','Vung Ang','Phường Vũng Áng','Vung Ang Ward','vung_ang','42',3,NULL,NULL),(1673,'18832','Hoành Sơn','Hoanh Son','Phường Hoành Sơn','Hoanh Son Ward','hoanh_son','42',3,NULL,NULL),(1674,'18133','Hương Sơn','Huong Son','Xã Hương Sơn','Huong Son Commune','huong_son','42',4,NULL,NULL),(1675,'18160','Sơn Hồng','Son Hong','Xã Sơn Hồng','Son Hong Commune','son_hong','42',4,NULL,NULL),(1676,'18163','Sơn Tiến','Son Tien','Xã Sơn Tiến','Son Tien Commune','son_tien','42',4,NULL,NULL),(1677,'18172','Sơn Tây','Son Tay','Xã Sơn Tây','Son Tay Commune','son_tay','42',4,NULL,NULL),(1678,'18184','Sơn Giang','Son Giang','Xã Sơn Giang','Son Giang Commune','son_giang','42',4,NULL,NULL),(1679,'18196','Sơn Kim 1','Son Kim 1','Xã Sơn Kim 1','Son Kim 1 Commune','son_kim_1','42',4,NULL,NULL),(1680,'18199','Sơn Kim 2','Son Kim 2','Xã Sơn Kim 2','Son Kim 2 Commune','son_kim_2','42',4,NULL,NULL),(1681,'18202','Tứ Mỹ','Tu My','Xã Tứ Mỹ','Tu My Commune','tu_my','42',4,NULL,NULL),(1682,'18223','Kim Hoa','Kim Hoa','Xã Kim Hoa','Kim Hoa Commune','kim_hoa','42',4,NULL,NULL),(1683,'18229','Đức Thọ','Duc Tho','Xã Đức Thọ','Duc Tho Commune','duc_tho','42',4,NULL,NULL),(1684,'18244','Đức Minh','Duc Minh','Xã Đức Minh','Duc Minh Commune','duc_minh','42',4,NULL,NULL),(1685,'18262','Đức Quang','Duc Quang','Xã Đức Quang','Duc Quang Commune','duc_quang','42',4,NULL,NULL),(1686,'18277','Đức Thịnh','Duc Thinh','Xã Đức Thịnh','Duc Thinh Commune','duc_thinh','42',4,NULL,NULL),(1687,'18304','Đức Đồng','Duc Dong','Xã Đức Đồng','Duc Dong Commune','duc_dong','42',4,NULL,NULL),(1688,'18313','Vũ Quang','Vu Quang','Xã Vũ Quang','Vu Quang Commune','vu_quang','42',4,NULL,NULL),(1689,'18322','Mai Hoa','Mai Hoa','Xã Mai Hoa','Mai Hoa Commune','mai_hoa','42',4,NULL,NULL),(1690,'18328','Thượng Đức','Thuong Duc','Xã Thượng Đức','Thuong Duc Commune','thuong_duc','42',4,NULL,NULL),(1691,'18352','Nghi Xuân','Nghi Xuan','Xã Nghi Xuân','Nghi Xuan Commune','nghi_xuan','42',4,NULL,NULL),(1692,'18364','Đan Hải','Dan Hai','Xã Đan Hải','Dan Hai Commune','dan_hai','42',4,NULL,NULL),(1693,'18373','Tiên Điền','Tien Dien','Xã Tiên Điền','Tien Dien Commune','tien_dien','42',4,NULL,NULL),(1694,'18394','Cổ Đạm','Co Dam','Xã Cổ Đạm','Co Dam Commune','co_dam','42',4,NULL,NULL),(1695,'18406','Can Lộc','Can Loc','Xã Can Lộc','Can Loc Commune','can_loc','42',4,NULL,NULL),(1696,'18409','Hồng Lộc','Hong Loc','Xã Hồng Lộc','Hong Loc Commune','hong_loc','42',4,NULL,NULL),(1697,'18418','Tùng Lộc','Tung Loc','Xã Tùng Lộc','Tung Loc Commune','tung_loc','42',4,NULL,NULL),(1698,'18436','Trường Lưu','Truong Luu','Xã Trường Lưu','Truong Luu Commune','truong_luu','42',4,NULL,NULL),(1699,'18466','Gia Hanh','Gia Hanh','Xã Gia Hanh','Gia Hanh Commune','gia_hanh','42',4,NULL,NULL),(1700,'18481','Xuân Lộc','Xuan Loc','Xã Xuân Lộc','Xuan Loc Commune','xuan_loc','42',4,NULL,NULL),(1701,'18484','Đồng Lộc','Dong Loc','Xã Đồng Lộc','Dong Loc Commune','dong_loc','42',4,NULL,NULL),(1702,'18496','Hương Khê','Huong Khe','Xã Hương Khê','Huong Khe Commune','huong_khe','42',4,NULL,NULL),(1703,'18502','Hà Linh','Ha Linh','Xã Hà Linh','Ha Linh Commune','ha_linh','42',4,NULL,NULL),(1704,'18523','Hương Bình','Huong Binh','Xã Hương Bình','Huong Binh Commune','huong_binh','42',4,NULL,NULL),(1705,'18532','Hương Phố','Huong Pho','Xã Hương Phố','Huong Pho Commune','huong_pho','42',4,NULL,NULL),(1706,'18544','Hương Xuân','Huong Xuan','Xã Hương Xuân','Huong Xuan Commune','huong_xuan','42',4,NULL,NULL),(1707,'18547','Phúc Trạch','Phuc Trach','Xã Phúc Trạch','Phuc Trach Commune','phuc_trach','42',4,NULL,NULL),(1708,'18550','Hương Đô','Huong Do','Xã Hương Đô','Huong Do Commune','huong_do','42',4,NULL,NULL),(1709,'18562','Thạch Hà','Thach Ha','Xã Thạch Hà','Thach Ha Commune','thach_ha','42',4,NULL,NULL),(1710,'18568','Lộc Hà','Loc Ha','Xã Lộc Hà','Loc Ha Commune','loc_ha','42',4,NULL,NULL),(1711,'18583','Mai Phụ','Mai Phu','Xã Mai Phụ','Mai Phu Commune','mai_phu','42',4,NULL,NULL),(1712,'18586','Đông Kinh','Dong Kinh','Xã Đông Kinh','Dong Kinh Commune','dong_kinh','42',4,NULL,NULL),(1713,'18601','Việt Xuyên','Viet Xuyen','Xã Việt Xuyên','Viet Xuyen Commune','viet_xuyen','42',4,NULL,NULL),(1714,'18604','Thạch Khê','Thach Khe','Xã Thạch Khê','Thach Khe Commune','thach_khe','42',4,NULL,NULL),(1715,'18619','Đồng Tiến','Dong Tien','Xã Đồng Tiến','Dong Tien Commune','dong_tien','42',4,NULL,NULL),(1716,'18628','Thạch Lạc','Thach Lac','Xã Thạch Lạc','Thach Lac Commune','thach_lac','42',4,NULL,NULL),(1717,'18634','Toàn Lưu','Toan Luu','Xã Toàn Lưu','Toan Luu Commune','toan_luu','42',4,NULL,NULL),(1718,'18667','Thạch Xuân','Thach Xuan','Xã Thạch Xuân','Thach Xuan Commune','thach_xuan','42',4,NULL,NULL),(1719,'18673','Cẩm Xuyên','Cam Xuyen','Xã Cẩm Xuyên','Cam Xuyen Commune','cam_xuyen','42',4,NULL,NULL),(1720,'18676','Thiên Cầm','Thien Cam','Xã Thiên Cầm','Thien Cam Commune','thien_cam','42',4,NULL,NULL),(1721,'18682','Yên Hòa','Yen Hoa','Xã Yên Hòa','Yen Hoa Commune','yen_hoa','42',4,NULL,NULL),(1722,'18685','Cẩm Bình','Cam Binh','Xã Cẩm Bình','Cam Binh Commune','cam_binh','42',4,NULL,NULL),(1723,'18736','Cẩm Hưng','Cam Hung','Xã Cẩm Hưng','Cam Hung Commune','cam_hung','42',4,NULL,NULL),(1724,'18739','Cẩm Duệ','Cam Due','Xã Cẩm Duệ','Cam Due Commune','cam_due','42',4,NULL,NULL),(1725,'18742','Cẩm Trung','Cam Trung','Xã Cẩm Trung','Cam Trung Commune','cam_trung','42',4,NULL,NULL),(1726,'18748','Cẩm Lạc','Cam Lac','Xã Cẩm Lạc','Cam Lac Commune','cam_lac','42',4,NULL,NULL),(1727,'18766','Kỳ Xuân','Ky Xuan','Xã Kỳ Xuân','Ky Xuan Commune','ky_xuan','42',4,NULL,NULL),(1728,'18775','Kỳ Anh','Ky Anh','Xã Kỳ Anh','Ky Anh Commune','ky_anh','42',4,NULL,NULL),(1729,'18787','Kỳ Văn','Ky Van','Xã Kỳ Văn','Ky Van Commune','ky_van','42',4,NULL,NULL),(1730,'18790','Kỳ Khang','Ky Khang','Xã Kỳ Khang','Ky Khang Commune','ky_khang','42',4,NULL,NULL),(1731,'18814','Kỳ Hoa','Ky Hoa','Xã Kỳ Hoa','Ky Hoa Commune','ky_hoa','42',4,NULL,NULL),(1732,'18838','Kỳ Lạc','Ky Lac','Xã Kỳ Lạc','Ky Lac Commune','ky_lac','42',4,NULL,NULL),(1733,'18844','Kỳ Thượng','Ky Thuong','Xã Kỳ Thượng','Ky Thuong Commune','ky_thuong','42',4,NULL,NULL),(1734,'18859','Đồng Thuận','Dong Thuan','Phường Đồng Thuận','Dong Thuan Ward','dong_thuan','44',3,NULL,NULL),(1735,'18871','Đồng Sơn','Dong Son','Phường Đồng Sơn','Dong Son Ward','dong_son','44',3,NULL,NULL),(1736,'18880','Đồng Hới','Dong Hoi','Phường Đồng Hới','Dong Hoi Ward','dong_hoi','44',3,NULL,NULL),(1737,'19009','Ba Đồn','Ba Don','Phường Ba Đồn','Ba Don Ward','ba_don','44',3,NULL,NULL),(1738,'19066','Bắc Gianh','Bac Gianh','Phường Bắc Gianh','Bac Gianh Ward','bac_gianh','44',3,NULL,NULL),(1739,'19333','Đông Hà','Dong Ha','Phường Đông Hà','Dong Ha Ward','dong_ha','44',3,NULL,NULL),(1740,'19351','Nam Đông Hà','Nam Dong Ha','Phường Nam Đông Hà','Nam Dong Ha Ward','nam_dong_ha','44',3,NULL,NULL),(1741,'19360','Quảng Trị','Quang Tri','Phường Quảng Trị','Quang Tri Ward','quang_tri','44',3,NULL,NULL),(1742,'18901','Minh Hóa','Minh Hoa','Xã Minh Hóa','Minh Hoa Commune','minh_hoa','44',4,NULL,NULL),(1743,'18904','Dân Hóa','Dan Hoa','Xã Dân Hóa','Dan Hoa Commune','dan_hoa','44',4,NULL,NULL),(1744,'18919','Tân Thành','Tan Thanh','Xã Tân Thành','Tan Thanh Commune','tan_thanh','44',4,NULL,NULL),(1745,'18922','Kim Điền','Kim Dien','Xã Kim Điền','Kim Dien Commune','kim_dien','44',4,NULL,NULL),(1746,'18943','Kim Phú','Kim Phu','Xã Kim Phú','Kim Phu Commune','kim_phu','44',4,NULL,NULL),(1747,'18949','Đồng Lê','Dong Le','Xã Đồng Lê','Dong Le Commune','dong_le','44',4,NULL,NULL),(1748,'18952','Tuyên Sơn','Tuyen Son','Xã Tuyên Sơn','Tuyen Son Commune','tuyen_son','44',4,NULL,NULL),(1749,'18958','Tuyên Lâm','Tuyen Lam','Xã Tuyên Lâm','Tuyen Lam Commune','tuyen_lam','44',4,NULL,NULL),(1750,'18985','Tuyên Phú','Tuyen Phu','Xã Tuyên Phú','Tuyen Phu Commune','tuyen_phu','44',4,NULL,NULL),(1751,'18991','Tuyên Bình','Tuyen Binh','Xã Tuyên Bình','Tuyen Binh Commune','tuyen_binh','44',4,NULL,NULL),(1752,'18997','Tuyên Hóa','Tuyen Hoa','Xã Tuyên Hóa','Tuyen Hoa Commune','tuyen_hoa','44',4,NULL,NULL),(1753,'19021','Phú Trạch','Phu Trach','Xã Phú Trạch','Phu Trach Commune','phu_trach','44',4,NULL,NULL),(1754,'19030','Trung Thuần','Trung Thuan','Xã Trung Thuần','Trung Thuan Commune','trung_thuan','44',4,NULL,NULL),(1755,'19033','Hòa Trạch','Hoa Trach','Xã Hòa Trạch','Hoa Trach Commune','hoa_trach','44',4,NULL,NULL),(1756,'19051','Tân Gianh','Tan Gianh','Xã Tân Gianh','Tan Gianh Commune','tan_gianh','44',4,NULL,NULL),(1757,'19057','Quảng Trạch','Quang Trach','Xã Quảng Trạch','Quang Trach Commune','quang_trach','44',4,NULL,NULL),(1758,'19075','Nam Ba Đồn','Nam Ba Don','Xã Nam Ba Đồn','Nam Ba Don Commune','nam_ba_don','44',4,NULL,NULL),(1759,'19093','Nam Gianh','Nam Gianh','Xã Nam Gianh','Nam Gianh Commune','nam_gianh','44',4,NULL,NULL),(1760,'19111','Hoàn Lão','Hoan Lao','Xã Hoàn Lão','Hoan Lao Commune','hoan_lao','44',4,NULL,NULL),(1761,'19126','Bắc Trạch','Bac Trach','Xã Bắc Trạch','Bac Trach Commune','bac_trach','44',4,NULL,NULL),(1762,'19138','Phong Nha','Phong Nha','Xã Phong Nha','Phong Nha Commune','phong_nha','44',4,NULL,NULL),(1763,'19141','Bố Trạch','Bo Trach','Xã Bố Trạch','Bo Trach Commune','bo_trach','44',4,NULL,NULL),(1764,'19147','Thượng Trạch','Thuong Trach','Xã Thượng Trạch','Thuong Trach Commune','thuong_trach','44',4,NULL,NULL),(1765,'19159','Đông Trạch','Dong Trach','Xã Đông Trạch','Dong Trach Commune','dong_trach','44',4,NULL,NULL),(1766,'19198','Nam Trạch','Nam Trach','Xã Nam Trạch','Nam Trach Commune','nam_trach','44',4,NULL,NULL),(1767,'19204','Trường Sơn','Truong Son','Xã Trường Sơn','Truong Son Commune','truong_son','44',4,NULL,NULL),(1768,'19207','Quảng Ninh','Quang Ninh','Xã Quảng Ninh','Quang Ninh Commune','quang_ninh','44',4,NULL,NULL),(1769,'19225','Ninh Châu','Ninh Chau','Xã Ninh Châu','Ninh Chau Commune','ninh_chau','44',4,NULL,NULL),(1770,'19237','Trường Ninh','Truong Ninh','Xã Trường Ninh','Truong Ninh Commune','truong_ninh','44',4,NULL,NULL),(1771,'19246','Lệ Ninh','Le Ninh','Xã Lệ Ninh','Le Ninh Commune','le_ninh','44',4,NULL,NULL),(1772,'19249','Lệ Thủy','Le Thuy','Xã Lệ Thủy','Le Thuy Commune','le_thuy','44',4,NULL,NULL),(1773,'19255','Cam Hồng','Cam Hong','Xã Cam Hồng','Cam Hong Commune','cam_hong','44',4,NULL,NULL),(1774,'19288','Sen Ngư','Sen Ngu','Xã Sen Ngư','Sen Ngu Commune','sen_ngu','44',4,NULL,NULL),(1775,'19291','Tân Mỹ','Tan My','Xã Tân Mỹ','Tan My Commune','tan_my','44',4,NULL,NULL),(1776,'19309','Trường Phú','Truong Phu','Xã Trường Phú','Truong Phu Commune','truong_phu','44',4,NULL,NULL),(1777,'19318','Kim Ngân','Kim Ngan','Xã Kim Ngân','Kim Ngan Commune','kim_ngan','44',4,NULL,NULL),(1778,'19363','Vĩnh Linh','Vinh Linh','Xã Vĩnh Linh','Vinh Linh Commune','vinh_linh','44',4,NULL,NULL),(1779,'19366','Bến Quan','Ben Quan','Xã Bến Quan','Ben Quan Commune','ben_quan','44',4,NULL,NULL),(1780,'19372','Vĩnh Hoàng','Vinh Hoang','Xã Vĩnh Hoàng','Vinh Hoang Commune','vinh_hoang','44',4,NULL,NULL),(1781,'19405','Vĩnh Thủy','Vinh Thuy','Xã Vĩnh Thủy','Vinh Thuy Commune','vinh_thuy','44',4,NULL,NULL),(1782,'19414','Cửa Tùng','Cua Tung','Xã Cửa Tùng','Cua Tung Commune','cua_tung','44',4,NULL,NULL),(1783,'19429','Khe Sanh','Khe Sanh','Xã Khe Sanh','Khe Sanh Commune','khe_sanh','44',4,NULL,NULL),(1784,'19432','Lao Bảo','Lao Bao','Xã Lao Bảo','Lao Bao Commune','lao_bao','44',4,NULL,NULL),(1785,'19435','Hướng Lập','Huong Lap','Xã Hướng Lập','Huong Lap Commune','huong_lap','44',4,NULL,NULL),(1786,'19441','Hướng Phùng','Huong Phung','Xã Hướng Phùng','Huong Phung Commune','huong_phung','44',4,NULL,NULL),(1787,'19462','Tân Lập','Tan Lap','Xã Tân Lập','Tan Lap Commune','tan_lap','44',4,NULL,NULL),(1788,'19483','A Dơi','A Doi','Xã A Dơi','A Doi Commune','a_doi','44',4,NULL,NULL),(1789,'19489','Lìa','Lia','Xã Lìa','Lia Commune','lia','44',4,NULL,NULL),(1790,'19495','Gio Linh','Gio Linh','Xã Gio Linh','Gio Linh Commune','gio_linh','44',4,NULL,NULL),(1791,'19496','Cửa Việt','Cua Viet','Xã Cửa Việt','Cua Viet Commune','cua_viet','44',4,NULL,NULL),(1792,'19501','Bến Hải','Ben Hai','Xã Bến Hải','Ben Hai Commune','ben_hai','44',4,NULL,NULL),(1793,'19537','Cồn Tiên','Con Tien','Xã Cồn Tiên','Con Tien Commune','con_tien','44',4,NULL,NULL),(1794,'19555','Hướng Hiệp','Huong Hiep','Xã Hướng Hiệp','Huong Hiep Commune','huong_hiep','44',4,NULL,NULL),(1795,'19564','Đakrông','Dakrong','Xã Đakrông','Dakrong Commune','dakrong','44',4,NULL,NULL),(1796,'19567','Ba Lòng','Ba Long','Xã Ba Lòng','Ba Long Commune','ba_long','44',4,NULL,NULL),(1797,'19588','Tà Rụt','Ta Rut','Xã Tà Rụt','Ta Rut Commune','ta_rut','44',4,NULL,NULL),(1798,'19594','La Lay','La Lay','Xã La Lay','La Lay Commune','la_lay','44',4,NULL,NULL),(1799,'19597','Cam Lộ','Cam Lo','Xã Cam Lộ','Cam Lo Commune','cam_lo','44',4,NULL,NULL),(1800,'19603','Hiếu Giang','Hieu Giang','Xã Hiếu Giang','Hieu Giang Commune','hieu_giang','44',4,NULL,NULL),(1801,'19624','Triệu Phong','Trieu Phong','Xã Triệu Phong','Trieu Phong Commune','trieu_phong','44',4,NULL,NULL),(1802,'19639','Nam Cửa Việt','Nam Cua Viet','Xã Nam Cửa Việt','Nam Cua Viet Commune','nam_cua_viet','44',4,NULL,NULL),(1803,'19645','Triệu Bình','Trieu Binh','Xã Triệu Bình','Trieu Binh Commune','trieu_binh','44',4,NULL,NULL),(1804,'19654','Triệu Cơ','Trieu Co','Xã Triệu Cơ','Trieu Co Commune','trieu_co','44',4,NULL,NULL),(1805,'19669','Ái Tử','Ai Tu','Xã Ái Tử','Ai Tu Commune','ai_tu','44',4,NULL,NULL),(1806,'19681','Diên Sanh','Dien Sanh','Xã Diên Sanh','Dien Sanh Commune','dien_sanh','44',4,NULL,NULL),(1807,'19699','Vĩnh Định','Vinh Dinh','Xã Vĩnh Định','Vinh Dinh Commune','vinh_dinh','44',4,NULL,NULL),(1808,'19702','Hải Lăng','Hai Lang','Xã Hải Lăng','Hai Lang Commune','hai_lang','44',4,NULL,NULL),(1809,'19735','Nam Hải Lăng','Nam Hai Lang','Xã Nam Hải Lăng','Nam Hai Lang Commune','nam_hai_lang','44',4,NULL,NULL),(1810,'19741','Mỹ Thủy','My Thuy','Xã Mỹ Thủy','My Thuy Commune','my_thuy','44',4,NULL,NULL),(1811,'19742','Cồn Cỏ','Con Co','Đặc khu Cồn Cỏ','Con Co Special administrative region','con_co','44',5,NULL,NULL),(1812,'19753','Phú Xuân','Phu Xuan','Phường Phú Xuân','Phu Xuan Ward','phu_xuan','46',3,NULL,NULL),(1813,'19774','Kim Long','Kim Long','Phường Kim Long','Kim Long Ward','kim_long','46',3,NULL,NULL),(1814,'19777','Vỹ Dạ','Vy Da','Phường Vỹ Dạ','Vy Da Ward','vy_da','46',3,NULL,NULL),(1815,'19789','Thuận Hóa','Thuan Hoa','Phường Thuận Hóa','Thuan Hoa Ward','thuan_hoa','46',3,NULL,NULL),(1816,'19804','Hương An','Huong An','Phường Hương An','Huong An Ward','huong_an','46',3,NULL,NULL),(1817,'19813','Thủy Xuân','Thuy Xuan','Phường Thủy Xuân','Thuy Xuan Ward','thuy_xuan','46',3,NULL,NULL),(1818,'19815','An Cựu','An Cuu','Phường An Cựu','An Cuu Ward','an_cuu','46',3,NULL,NULL),(1819,'19819','Phong Điền','Phong Dien','Phường Phong Điền','Phong Dien Ward','phong_dien','46',3,NULL,NULL),(1820,'19828','Phong Phú','Phong Phu','Phường Phong Phú','Phong Phu Ward','phong_phu','46',3,NULL,NULL),(1821,'19831','Phong Dinh','Phong Dinh','Phường Phong Dinh','Phong Dinh Ward','phong_dinh','46',3,NULL,NULL),(1822,'19858','Phong Thái','Phong Thai','Phường Phong Thái','Phong Thai Ward','phong_thai','46',3,NULL,NULL),(1823,'19873','Phong Quảng','Phong Quang','Phường Phong Quảng','Phong Quang Ward','phong_quang','46',3,NULL,NULL),(1824,'19900','Thuận An','Thuan An','Phường Thuận An','Thuan An Ward','thuan_an','46',3,NULL,NULL),(1825,'19909','Dương Nỗ','Duong No','Phường Dương Nỗ','Duong No Ward','duong_no','46',3,NULL,NULL),(1826,'19930','Mỹ Thượng','My Thuong','Phường Mỹ Thượng','My Thuong Ward','my_thuong','46',3,NULL,NULL),(1827,'19960','Phú Bài','Phu Bai','Phường Phú Bài','Phu Bai Ward','phu_bai','46',3,NULL,NULL),(1828,'19969','Thanh Thủy','Thanh Thuy','Phường Thanh Thủy','Thanh Thuy Ward','thanh_thuy','46',3,NULL,NULL),(1829,'19975','Hương Thủy','Huong Thuy','Phường Hương Thủy','Huong Thuy Ward','huong_thuy','46',3,NULL,NULL),(1830,'19996','Hương Trà','Huong Tra','Phường Hương Trà','Huong Tra Ward','huong_tra','46',3,NULL,NULL),(1831,'20014','Hóa Châu','Hoa Chau','Phường Hóa Châu','Hoa Chau Ward','hoa_chau','46',3,NULL,NULL),(1832,'20017','Kim Trà','Kim Tra','Phường Kim Trà','Kim Tra Ward','kim_tra','46',3,NULL,NULL),(1833,'19867','Quảng Điền','Quang Dien','Xã Quảng Điền','Quang Dien Commune','quang_dien','46',4,NULL,NULL),(1834,'19885','Đan Điền','Dan Dien','Xã Đan Điền','Dan Dien Commune','dan_dien','46',4,NULL,NULL),(1835,'19918','Phú Hồ','Phu Ho','Xã Phú Hồ','Phu Ho Commune','phu_ho','46',4,NULL,NULL),(1836,'19942','Phú Vang','Phu Vang','Xã Phú Vang','Phu Vang Commune','phu_vang','46',4,NULL,NULL),(1837,'19945','Phú Vinh','Phu Vinh','Xã Phú Vinh','Phu Vinh Commune','phu_vinh','46',4,NULL,NULL),(1838,'20035','Bình Điền','Binh Dien','Xã Bình Điền','Binh Dien Commune','binh_dien','46',4,NULL,NULL),(1839,'20044','A Lưới 2','A Luoi 2','Xã A Lưới 2','A Luoi 2 Commune','a_luoi_2','46',4,NULL,NULL),(1840,'20050','A Lưới 5','A Luoi 5','Xã A Lưới 5','A Luoi 5 Commune','a_luoi_5','46',4,NULL,NULL),(1841,'20056','A Lưới 1','A Luoi 1','Xã A Lưới 1','A Luoi 1 Commune','a_luoi_1','46',4,NULL,NULL),(1842,'20071','A Lưới 3','A Luoi 3','Xã A Lưới 3','A Luoi 3 Commune','a_luoi_3','46',4,NULL,NULL),(1843,'20101','A Lưới 4','A Luoi 4','Xã A Lưới 4','A Luoi 4 Commune','a_luoi_4','46',4,NULL,NULL),(1844,'20107','Phú Lộc','Phu Loc','Xã Phú Lộc','Phu Loc Commune','phu_loc','46',4,NULL,NULL),(1845,'20122','Vinh Lộc','Vinh Loc','Xã Vinh Lộc','Vinh Loc Commune','vinh_loc','46',4,NULL,NULL),(1846,'20131','Hưng Lộc','Hung Loc','Xã Hưng Lộc','Hung Loc Commune','hung_loc','46',4,NULL,NULL),(1847,'20137','Chân Mây-Lăng Cô','Chan May-Lang Co','Xã Chân Mây-Lăng Cô','Chan May-Lang Co Commune','chan_may-lang_co','46',4,NULL,NULL),(1848,'20140','Lộc An','Loc An','Xã Lộc An','Loc An Commune','loc_an','46',4,NULL,NULL),(1849,'20161','Khe Tre','Khe Tre','Xã Khe Tre','Khe Tre Commune','khe_tre','46',4,NULL,NULL),(1850,'20179','Nam Đông','Nam Dong','Xã Nam Đông','Nam Dong Commune','nam_dong','46',4,NULL,NULL),(1851,'20182','Long Quảng','Long Quang','Xã Long Quảng','Long Quang Commune','long_quang','46',4,NULL,NULL),(1852,'20194','Hải Vân','Hai Van','Phường Hải Vân','Hai Van Ward','hai_van','48',3,NULL,NULL),(1853,'20197','Liên Chiểu','Lien Chieu','Phường Liên Chiểu','Lien Chieu Ward','lien_chieu','48',3,NULL,NULL),(1854,'20200','Hòa Khánh','Hoa Khanh','Phường Hòa Khánh','Hoa Khanh Ward','hoa_khanh','48',3,NULL,NULL),(1855,'20209','Thanh Khê','Thanh Khe','Phường Thanh Khê','Thanh Khe Ward','thanh_khe','48',3,NULL,NULL),(1856,'20242','Hải Châu','Hai Chau','Phường Hải Châu','Hai Chau Ward','hai_chau','48',3,NULL,NULL),(1857,'20257','Hòa Cường','Hoa Cuong','Phường Hòa Cường','Hoa Cuong Ward','hoa_cuong','48',3,NULL,NULL),(1858,'20260','Cẩm Lệ','Cam Le','Phường Cẩm Lệ','Cam Le Ward','cam_le','48',3,NULL,NULL),(1859,'20263','Sơn Trà','Son Tra','Phường Sơn Trà','Son Tra Ward','son_tra','48',3,NULL,NULL),(1860,'20275','An Hải','An Hai','Phường An Hải','An Hai Ward','an_hai','48',3,NULL,NULL),(1861,'20285','Ngũ Hành Sơn','Ngu Hanh Son','Phường Ngũ Hành Sơn','Ngu Hanh Son Ward','ngu_hanh_son','48',3,NULL,NULL),(1862,'20305','An Khê','An Khe','Phường An Khê','An Khe Ward','an_khe','48',3,NULL,NULL),(1863,'20314','Hòa Xuân','Hoa Xuan','Phường Hòa Xuân','Hoa Xuan Ward','hoa_xuan','48',3,NULL,NULL),(1864,'20335','Bàn Thạch','Ban Thach','Phường Bàn Thạch','Ban Thach Ward','ban_thach','48',3,NULL,NULL),(1865,'20341','Tam Kỳ','Tam Ky','Phường Tam Kỳ','Tam Ky Ward','tam_ky','48',3,NULL,NULL),(1866,'20350','Hương Trà','Huong Tra','Phường Hương Trà','Huong Tra Ward','huong_tra','48',3,NULL,NULL),(1867,'20356','Quảng Phú','Quang Phu','Phường Quảng Phú','Quang Phu Ward','quang_phu','48',3,NULL,NULL),(1868,'20401','Hội An Tây','Hoi An Tay','Phường Hội An Tây','Hoi An Tay Ward','hoi_an_tay','48',3,NULL,NULL),(1869,'20410','Hội An','Hoi An','Phường Hội An','Hoi An Ward','hoi_an','48',3,NULL,NULL),(1870,'20413','Hội An Đông','Hoi An Dong','Phường Hội An Đông','Hoi An Dong Ward','hoi_an_dong','48',3,NULL,NULL),(1871,'20551','Điện Bàn','Dien Ban','Phường Điện Bàn','Dien Ban Ward','dien_ban','48',3,NULL,NULL),(1872,'20557','Điện Bàn Bắc','Dien Ban Bac','Phường Điện Bàn Bắc','Dien Ban Bac Ward','dien_ban_bac','48',3,NULL,NULL),(1873,'20575','An Thắng','An Thang','Phường An Thắng','An Thang Ward','an_thang','48',3,NULL,NULL),(1874,'20579','Điện Bàn Đông','Dien Ban Dong','Phường Điện Bàn Đông','Dien Ban Dong Ward','dien_ban_dong','48',3,NULL,NULL),(1875,'20308','Bà Nà','Ba Na','Xã Bà Nà','Ba Na Commune','ba_na','48',4,NULL,NULL),(1876,'20320','Hòa Vang','Hoa Vang','Xã Hòa Vang','Hoa Vang Commune','hoa_vang','48',4,NULL,NULL),(1877,'20332','Hòa Tiến','Hoa Tien','Xã Hòa Tiến','Hoa Tien Commune','hoa_tien','48',4,NULL,NULL),(1878,'20364','Chiến Đàn','Chien Dan','Xã Chiến Đàn','Chien Dan Commune','chien_dan','48',4,NULL,NULL),(1879,'20380','Tây Hồ','Tay Ho','Xã Tây Hồ','Tay Ho Commune','tay_ho','48',4,NULL,NULL),(1880,'20392','Phú Ninh','Phu Ninh','Xã Phú Ninh','Phu Ninh Commune','phu_ninh','48',4,NULL,NULL),(1881,'20434','Tân Hiệp','Tan Hiep','Xã Tân Hiệp','Tan Hiep Commune','tan_hiep','48',4,NULL,NULL),(1882,'20443','Hùng Sơn','Hung Son','Xã Hùng Sơn','Hung Son Commune','hung_son','48',4,NULL,NULL),(1883,'20455','Tây Giang','Tay Giang','Xã Tây Giang','Tay Giang Commune','tay_giang','48',4,NULL,NULL),(1884,'20458','A vương','A vuong','Xã A vương','A vuong Commune','a_vuong','48',4,NULL,NULL),(1885,'20467','Đông Giang','Dong Giang','Xã Đông Giang','Dong Giang Commune','dong_giang','48',4,NULL,NULL),(1886,'20476','Sông Kôn','Song Kon','Xã Sông Kôn','Song Kon Commune','song_kon','48',4,NULL,NULL),(1887,'20485','Sông Vàng','Song Vang','Xã Sông Vàng','Song Vang Commune','song_vang','48',4,NULL,NULL),(1888,'20494','Bến Hiên','Ben Hien','Xã Bến Hiên','Ben Hien Commune','ben_hien','48',4,NULL,NULL),(1889,'20500','Đại Lộc','Dai Loc','Xã Đại Lộc','Dai Loc Commune','dai_loc','48',4,NULL,NULL),(1890,'20506','Thượng Đức','Thuong Duc','Xã Thượng Đức','Thuong Duc Commune','thuong_duc','48',4,NULL,NULL),(1891,'20515','Hà Nha','Ha Nha','Xã Hà Nha','Ha Nha Commune','ha_nha','48',4,NULL,NULL),(1892,'20539','Vu Gia','Vu Gia','Xã Vu Gia','Vu Gia Commune','vu_gia','48',4,NULL,NULL),(1893,'20542','Phú Thuận','Phu Thuan','Xã Phú Thuận','Phu Thuan Commune','phu_thuan','48',4,NULL,NULL),(1894,'20569','Điện Bàn Tây','Dien Ban Tay','Xã Điện Bàn Tây','Dien Ban Tay Commune','dien_ban_tay','48',4,NULL,NULL),(1895,'20587','Gò Nổi','Go Noi','Xã Gò Nổi','Go Noi Commune','go_noi','48',4,NULL,NULL),(1896,'20599','Nam Phước','Nam Phuoc','Xã Nam Phước','Nam Phuoc Commune','nam_phuoc','48',4,NULL,NULL),(1897,'20611','Thu Bồn','Thu Bon','Xã Thu Bồn','Thu Bon Commune','thu_bon','48',4,NULL,NULL),(1898,'20623','Duy Xuyên','Duy Xuyen','Xã Duy Xuyên','Duy Xuyen Commune','duy_xuyen','48',4,NULL,NULL),(1899,'20635','Duy Nghĩa','Duy Nghia','Xã Duy Nghĩa','Duy Nghia Commune','duy_nghia','48',4,NULL,NULL),(1900,'20641','Quế Sơn','Que Son','Xã Quế Sơn','Que Son Commune','que_son','48',4,NULL,NULL),(1901,'20650','Xuân Phú','Xuan Phu','Xã Xuân Phú','Xuan Phu Commune','xuan_phu','48',4,NULL,NULL),(1902,'20656','Nông Sơn','Nong Son','Xã Nông Sơn','Nong Son Commune','nong_son','48',4,NULL,NULL),(1903,'20662','Quế Sơn Trung','Que Son Trung','Xã Quế Sơn Trung','Que Son Trung Commune','que_son_trung','48',4,NULL,NULL),(1904,'20669','Quế Phước','Que Phuoc','Xã Quế Phước','Que Phuoc Commune','que_phuoc','48',4,NULL,NULL),(1905,'20695','Thạnh Mỹ','Thanh My','Xã Thạnh Mỹ','Thanh My Commune','thanh_my','48',4,NULL,NULL),(1906,'20698','La Êê','La Ee','Xã La Êê','La Ee Commune','la_ee','48',4,NULL,NULL),(1907,'20704','La Dêê','La Dee','Xã La Dêê','La Dee Commune','la_dee','48',4,NULL,NULL),(1908,'20707','Nam Giang','Nam Giang','Xã Nam Giang','Nam Giang Commune','nam_giang','48',4,NULL,NULL),(1909,'20710','Bến Giằng','Ben Giang','Xã Bến Giằng','Ben Giang Commune','ben_giang','48',4,NULL,NULL),(1910,'20716','Đắc Pring','Dac Pring','Xã Đắc Pring','Dac Pring Commune','dac_pring','48',4,NULL,NULL),(1911,'20722','Khâm Đức','Kham Duc','Xã Khâm Đức','Kham Duc Commune','kham_duc','48',4,NULL,NULL),(1912,'20728','Phước Hiệp','Phuoc Hiep','Xã Phước Hiệp','Phuoc Hiep Commune','phuoc_hiep','48',4,NULL,NULL),(1913,'20734','Phước Năng','Phuoc Nang','Xã Phước Năng','Phuoc Nang Commune','phuoc_nang','48',4,NULL,NULL),(1914,'20740','Phước Chánh','Phuoc Chanh','Xã Phước Chánh','Phuoc Chanh Commune','phuoc_chanh','48',4,NULL,NULL),(1915,'20752','Phước Thành','Phuoc Thanh','Xã Phước Thành','Phuoc Thanh Commune','phuoc_thanh','48',4,NULL,NULL),(1916,'20767','Việt An','Viet An','Xã Việt An','Viet An Commune','viet_an','48',4,NULL,NULL),(1917,'20770','Phước Trà','Phuoc Tra','Xã Phước Trà','Phuoc Tra Commune','phuoc_tra','48',4,NULL,NULL),(1918,'20779','Hiệp Đức','Hiep Duc','Xã Hiệp Đức','Hiep Duc Commune','hiep_duc','48',4,NULL,NULL),(1919,'20791','Thăng Bình','Thang Binh','Xã Thăng Bình','Thang Binh Commune','thang_binh','48',4,NULL,NULL),(1920,'20794','Thăng An','Thang An','Xã Thăng An','Thang An Commune','thang_an','48',4,NULL,NULL),(1921,'20818','Đồng Dương','Dong Duong','Xã Đồng Dương','Dong Duong Commune','dong_duong','48',4,NULL,NULL),(1922,'20827','Thăng Phú','Thang Phu','Xã Thăng Phú','Thang Phu Commune','thang_phu','48',4,NULL,NULL),(1923,'20836','Thăng Trường','Thang Truong','Xã Thăng Trường','Thang Truong Commune','thang_truong','48',4,NULL,NULL),(1924,'20848','Thăng Điền','Thang Dien','Xã Thăng Điền','Thang Dien Commune','thang_dien','48',4,NULL,NULL),(1925,'20854','Tiên Phước','Tien Phuoc','Xã Tiên Phước','Tien Phuoc Commune','tien_phuoc','48',4,NULL,NULL),(1926,'20857','Sơn Cẩm Hà','Son Cam Ha','Xã Sơn Cẩm Hà','Son Cam Ha Commune','son_cam_ha','48',4,NULL,NULL),(1927,'20875','Lãnh Ngọc','Lanh Ngoc','Xã Lãnh Ngọc','Lanh Ngoc Commune','lanh_ngoc','48',4,NULL,NULL),(1928,'20878','Thạnh Bình','Thanh Binh','Xã Thạnh Bình','Thanh Binh Commune','thanh_binh','48',4,NULL,NULL),(1929,'20900','Trà My','Tra My','Xã Trà My','Tra My Commune','tra_my','48',4,NULL,NULL),(1930,'20908','Trà Liên','Tra Lien','Xã Trà Liên','Tra Lien Commune','tra_lien','48',4,NULL,NULL),(1931,'20920','Trà Đốc','Tra Doc','Xã Trà Đốc','Tra Doc Commune','tra_doc','48',4,NULL,NULL),(1932,'20923','Trà Tân','Tra Tan','Xã Trà Tân','Tra Tan Commune','tra_tan','48',4,NULL,NULL),(1933,'20929','Trà Giáp','Tra Giap','Xã Trà Giáp','Tra Giap Commune','tra_giap','48',4,NULL,NULL),(1934,'20938','Trà Leng','Tra Leng','Xã Trà Leng','Tra Leng Commune','tra_leng','48',4,NULL,NULL),(1935,'20941','Trà Tập','Tra Tap','Xã Trà Tập','Tra Tap Commune','tra_tap','48',4,NULL,NULL),(1936,'20944','Nam Trà My','Nam Tra My','Xã Nam Trà My','Nam Tra My Commune','nam_tra_my','48',4,NULL,NULL),(1937,'20950','Trà Linh','Tra Linh','Xã Trà Linh','Tra Linh Commune','tra_linh','48',4,NULL,NULL),(1938,'20959','Trà Vân','Tra Van','Xã Trà Vân','Tra Van Commune','tra_van','48',4,NULL,NULL),(1939,'20965','Núi Thành','Nui Thanh','Xã Núi Thành','Nui Thanh Commune','nui_thanh','48',4,NULL,NULL),(1940,'20971','Tam Xuân','Tam Xuan','Xã Tam Xuân','Tam Xuan Commune','tam_xuan','48',4,NULL,NULL),(1941,'20977','Đức Phú','Duc Phu','Xã Đức Phú','Duc Phu Commune','duc_phu','48',4,NULL,NULL),(1942,'20984','Tam Anh','Tam Anh','Xã Tam Anh','Tam Anh Commune','tam_anh','48',4,NULL,NULL),(1943,'20992','Tam Hải','Tam Hai','Xã Tam Hải','Tam Hai Commune','tam_hai','48',4,NULL,NULL),(1944,'21004','Tam Mỹ','Tam My','Xã Tam Mỹ','Tam My Commune','tam_my','48',4,NULL,NULL),(1945,'20333','Hoàng Sa','Hoang Sa','Đặc khu Hoàng Sa','Hoang Sa Special administrative region','hoang_sa','48',5,NULL,NULL),(1946,'21025','Cẩm Thành','Cam Thanh','Phường Cẩm Thành','Cam Thanh Ward','cam_thanh','51',3,NULL,NULL),(1947,'21028','Nghĩa Lộ','Nghia Lo','Phường Nghĩa Lộ','Nghia Lo Ward','nghia_lo','51',3,NULL,NULL),(1948,'21172','Trương Quang Trọng','Truong Quang Trong','Phường Trương Quang Trọng','Truong Quang Trong Ward','truong_quang_trong','51',3,NULL,NULL),(1949,'21439','Đức Phổ','Duc Pho','Phường Đức Phổ','Duc Pho Ward','duc_pho','51',3,NULL,NULL),(1950,'21451','Trà Câu','Tra Cau','Phường Trà Câu','Tra Cau Ward','tra_cau','51',3,NULL,NULL),(1951,'21478','Sa Huỳnh','Sa Huynh','Phường Sa Huỳnh','Sa Huynh Ward','sa_huynh','51',3,NULL,NULL),(1952,'23284','Đăk Cấm','Dak Cam','Phường Đăk Cấm','Dak Cam Ward','dak_cam','51',3,NULL,NULL),(1953,'23293','Kon Tum','Kon Tum','Phường Kon Tum','Kon Tum Ward','kon_tum','51',3,NULL,NULL),(1954,'23302','Đăk Bla','Dak Bla','Phường Đăk Bla','Dak Bla Ward','dak_bla','51',3,NULL,NULL),(1955,'21034','An Phú','An Phu','Xã An Phú','An Phu Commune','an_phu','51',4,NULL,NULL),(1956,'21040','Bình Sơn','Binh Son','Xã Bình Sơn','Binh Son Commune','binh_son','51',4,NULL,NULL),(1957,'21061','Vạn Tường','Van Tuong','Xã Vạn Tường','Van Tuong Commune','van_tuong','51',4,NULL,NULL),(1958,'21085','Bình Minh','Binh Minh','Xã Bình Minh','Binh Minh Commune','binh_minh','51',4,NULL,NULL),(1959,'21100','Bình Chương','Binh Chuong','Xã Bình Chương','Binh Chuong Commune','binh_chuong','51',4,NULL,NULL),(1960,'21109','Đông Sơn','Dong Son','Xã Đông Sơn','Dong Son Commune','dong_son','51',4,NULL,NULL),(1961,'21115','Trà Bồng','Tra Bong','Xã Trà Bồng','Tra Bong Commune','tra_bong','51',4,NULL,NULL),(1962,'21124','Thanh Bồng','Thanh Bong','Xã Thanh Bồng','Thanh Bong Commune','thanh_bong','51',4,NULL,NULL),(1963,'21127','Đông Trà Bồng','Dong Tra Bong','Xã Đông Trà Bồng','Dong Tra Bong Commune','dong_tra_bong','51',4,NULL,NULL),(1964,'21136','Cà Đam','Ca Dam','Xã Cà Đam','Ca Dam Commune','ca_dam','51',4,NULL,NULL),(1965,'21154','Tây Trà','Tay Tra','Xã Tây Trà','Tay Tra Commune','tay_tra','51',4,NULL,NULL),(1966,'21157','Tây Trà Bồng','Tay Tra Bong','Xã Tây Trà Bồng','Tay Tra Bong Commune','tay_tra_bong','51',4,NULL,NULL),(1967,'21181','Thọ Phong','Tho Phong','Xã Thọ Phong','Tho Phong Commune','tho_phong','51',4,NULL,NULL),(1968,'21196','Trường Giang','Truong Giang','Xã Trường Giang','Truong Giang Commune','truong_giang','51',4,NULL,NULL),(1969,'21205','Ba Gia','Ba Gia','Xã Ba Gia','Ba Gia Commune','ba_gia','51',4,NULL,NULL),(1970,'21211','Tịnh Khê','Tinh Khe','Xã Tịnh Khê','Tinh Khe Commune','tinh_khe','51',4,NULL,NULL),(1971,'21220','Sơn Tịnh','Son Tinh','Xã Sơn Tịnh','Son Tinh Commune','son_tinh','51',4,NULL,NULL),(1972,'21235','Tư Nghĩa','Tu Nghia','Xã Tư Nghĩa','Tu Nghia Commune','tu_nghia','51',4,NULL,NULL),(1973,'21238','Vệ Giang','Ve Giang','Xã Vệ Giang','Ve Giang Commune','ve_giang','51',4,NULL,NULL),(1974,'21244','Trà Giang','Tra Giang','Xã Trà Giang','Tra Giang Commune','tra_giang','51',4,NULL,NULL),(1975,'21250','Nghĩa Giang','Nghia Giang','Xã Nghĩa Giang','Nghia Giang Commune','nghia_giang','51',4,NULL,NULL),(1976,'21289','Sơn Hà','Son Ha','Xã Sơn Hà','Son Ha Commune','son_ha','51',4,NULL,NULL),(1977,'21292','Sơn Hạ','Son Ha','Xã Sơn Hạ','Son Ha Commune','son_ha','51',4,NULL,NULL),(1978,'21307','Sơn Linh','Son Linh','Xã Sơn Linh','Son Linh Commune','son_linh','51',4,NULL,NULL),(1979,'21319','Sơn Thủy','Son Thuy','Xã Sơn Thủy','Son Thuy Commune','son_thuy','51',4,NULL,NULL),(1980,'21325','Sơn Kỳ','Son Ky','Xã Sơn Kỳ','Son Ky Commune','son_ky','51',4,NULL,NULL),(1981,'21334','Sơn Tây Thượng','Son Tay Thuong','Xã Sơn Tây Thượng','Son Tay Thuong Commune','son_tay_thuong','51',4,NULL,NULL),(1982,'21340','Sơn Tây','Son Tay','Xã Sơn Tây','Son Tay Commune','son_tay','51',4,NULL,NULL),(1983,'21343','Sơn Tây Hạ','Son Tay Ha','Xã Sơn Tây Hạ','Son Tay Ha Commune','son_tay_ha','51',4,NULL,NULL),(1984,'21349','Sơn Mai','Son Mai','Xã Sơn Mai','Son Mai Commune','son_mai','51',4,NULL,NULL),(1985,'21361','Minh Long','Minh Long','Xã Minh Long','Minh Long Commune','minh_long','51',4,NULL,NULL),(1986,'21364','Nghĩa Hành','Nghia Hanh','Xã Nghĩa Hành','Nghia Hanh Commune','nghia_hanh','51',4,NULL,NULL),(1987,'21370','Phước Giang','Phuoc Giang','Xã Phước Giang','Phuoc Giang Commune','phuoc_giang','51',4,NULL,NULL),(1988,'21385','Đình Cương','Dinh Cuong','Xã Đình Cương','Dinh Cuong Commune','dinh_cuong','51',4,NULL,NULL),(1989,'21388','Thiện Tín','Thien Tin','Xã Thiện Tín','Thien Tin Commune','thien_tin','51',4,NULL,NULL),(1990,'21400','Mộ Đức','Mo Duc','Xã Mộ Đức','Mo Duc Commune','mo_duc','51',4,NULL,NULL),(1991,'21409','Long Phụng','Long Phung','Xã Long Phụng','Long Phung Commune','long_phung','51',4,NULL,NULL),(1992,'21421','Mỏ Cày','Mo Cay','Xã Mỏ Cày','Mo Cay Commune','mo_cay','51',4,NULL,NULL),(1993,'21433','Lân Phong','Lan Phong','Xã Lân Phong','Lan Phong Commune','lan_phong','51',4,NULL,NULL),(1994,'21457','Nguyễn Nghiêm','Nguyen Nghiem','Xã Nguyễn Nghiêm','Nguyen Nghiem Commune','nguyen_nghiem','51',4,NULL,NULL),(1995,'21472','Khánh Cường','Khanh Cuong','Xã Khánh Cường','Khanh Cuong Commune','khanh_cuong','51',4,NULL,NULL),(1996,'21484','Ba Tơ','Ba To','Xã Ba Tơ','Ba To Commune','ba_to','51',4,NULL,NULL),(1997,'21490','Ba Vinh','Ba Vinh','Xã Ba Vinh','Ba Vinh Commune','ba_vinh','51',4,NULL,NULL),(1998,'21496','Ba Động','Ba Dong','Xã Ba Động','Ba Dong Commune','ba_dong','51',4,NULL,NULL),(1999,'21499','Ba Dinh','Ba Dinh','Xã Ba Dinh','Ba Dinh Commune','ba_dinh','51',4,NULL,NULL),(2000,'21520','Đặng Thùy Trâm','Dang Thuy Tram','Xã Đặng Thùy Trâm','Dang Thuy Tram Commune','dang_thuy_tram','51',4,NULL,NULL),(2001,'21523','Ba Tô','Ba To','Xã Ba Tô','Ba To Commune','ba_to','51',4,NULL,NULL),(2002,'21529','Ba Vì','Ba Vi','Xã Ba Vì','Ba Vi Commune','ba_vi','51',4,NULL,NULL),(2003,'21538','Ba Xa','Ba Xa','Xã Ba Xa','Ba Xa Commune','ba_xa','51',4,NULL,NULL),(2004,'23317','Ngọk Bay','Ngok Bay','Xã Ngọk Bay','Ngok Bay Commune','ngok_bay','51',4,NULL,NULL),(2005,'23326','Ia Chim','Ia Chim','Xã Ia Chim','Ia Chim Commune','ia_chim','51',4,NULL,NULL),(2006,'23332','Đăk Rơ Wa','Dak Ro Wa','Xã Đăk Rơ Wa','Dak Ro Wa Commune','dak_ro_wa','51',4,NULL,NULL),(2007,'23341','Đăk Pék','Dak Pek','Xã Đăk Pék','Dak Pek Commune','dak_pek','51',4,NULL,NULL),(2008,'23344','Đăk Plô','Dak Plo','Xã Đăk Plô','Dak Plo Commune','dak_plo','51',4,NULL,NULL),(2009,'23356','Xốp','Xop','Xã Xốp','Xop Commune','xop','51',4,NULL,NULL),(2010,'23365','Ngọc Linh','Ngoc Linh','Xã Ngọc Linh','Ngoc Linh Commune','ngoc_linh','51',4,NULL,NULL),(2011,'23368','Đăk Long','Dak Long','Xã Đăk Long','Dak Long Commune','dak_long','51',4,NULL,NULL),(2012,'23374','Đăk Môn','Dak Mon','Xã Đăk Môn','Dak Mon Commune','dak_mon','51',4,NULL,NULL),(2013,'23377','Bờ Y','Bo Y','Xã Bờ Y','Bo Y Commune','bo_y','51',4,NULL,NULL),(2014,'23383','Dục Nông','Duc Nong','Xã Dục Nông','Duc Nong Commune','duc_nong','51',4,NULL,NULL),(2015,'23392','Sa Loong','Sa Loong','Xã Sa Loong','Sa Loong Commune','sa_loong','51',4,NULL,NULL),(2016,'23401','Đăk Tô','Dak To','Xã Đăk Tô','Dak To Commune','dak_to','51',4,NULL,NULL),(2017,'23416','Đăk Sao','Dak Sao','Xã Đăk Sao','Dak Sao Commune','dak_sao','51',4,NULL,NULL),(2018,'23419','Đăk Tờ Kan','Dak To Kan','Xã Đăk Tờ Kan','Dak To Kan Commune','dak_to_kan','51',4,NULL,NULL),(2019,'23425','Tu Mơ Rông','Tu Mo Rong','Xã Tu Mơ Rông','Tu Mo Rong Commune','tu_mo_rong','51',4,NULL,NULL),(2020,'23428','Ngọk Tụ','Ngok Tu','Xã Ngọk Tụ','Ngok Tu Commune','ngok_tu','51',4,NULL,NULL),(2021,'23430','Kon Đào','Kon Dao','Xã Kon Đào','Kon Dao Commune','kon_dao','51',4,NULL,NULL),(2022,'23446','Măng Ri','Mang Ri','Xã Măng Ri','Mang Ri Commune','mang_ri','51',4,NULL,NULL),(2023,'23455','Măng Bút','Mang But','Xã Măng Bút','Mang But Commune','mang_but','51',4,NULL,NULL),(2024,'23473','Măng Đen','Mang Den','Xã Măng Đen','Mang Den Commune','mang_den','51',4,NULL,NULL),(2025,'23476','Kon Plông','Kon Plong','Xã Kon Plông','Kon Plong Commune','kon_plong','51',4,NULL,NULL),(2026,'23479','Đăk Rve','Dak Rve','Xã Đăk Rve','Dak Rve Commune','dak_rve','51',4,NULL,NULL),(2027,'23485','Đăk Kôi','Dak Koi','Xã Đăk Kôi','Dak Koi Commune','dak_koi','51',4,NULL,NULL),(2028,'23497','Kon Braih','Kon Braih','Xã Kon Braih','Kon Braih Commune','kon_braih','51',4,NULL,NULL),(2029,'23500','Đăk Hà','Dak Ha','Xã Đăk Hà','Dak Ha Commune','dak_ha','51',4,NULL,NULL),(2030,'23504','Đăk Pxi','Dak Pxi','Xã Đăk Pxi','Dak Pxi Commune','dak_pxi','51',4,NULL,NULL),(2031,'23510','Đăk Ui','Dak Ui','Xã Đăk Ui','Dak Ui Commune','dak_ui','51',4,NULL,NULL),(2032,'23512','Đăk Mar','Dak Mar','Xã Đăk Mar','Dak Mar Commune','dak_mar','51',4,NULL,NULL),(2033,'23515','Ngọk Réo','Ngok Reo','Xã Ngọk Réo','Ngok Reo Commune','ngok_reo','51',4,NULL,NULL),(2034,'23527','Sa Thầy','Sa Thay','Xã Sa Thầy','Sa Thay Commune','sa_thay','51',4,NULL,NULL),(2035,'23530','Rờ Kơi','Ro Koi','Xã Rờ Kơi','Ro Koi Commune','ro_koi','51',4,NULL,NULL),(2036,'23534','Sa Bình','Sa Binh','Xã Sa Bình','Sa Binh Commune','sa_binh','51',4,NULL,NULL),(2037,'23535','Ia Đal','Ia Dal','Xã Ia Đal','Ia Dal Commune','ia_dal','51',4,NULL,NULL),(2038,'23536','Mô Rai','Mo Rai','Xã Mô Rai','Mo Rai Commune','mo_rai','51',4,NULL,NULL),(2039,'23538','Ia Tơi','Ia Toi','Xã Ia Tơi','Ia Toi Commune','ia_toi','51',4,NULL,NULL),(2040,'23548','Ya Ly','Ya Ly','Xã Ya Ly','Ya Ly Commune','ya_ly','51',4,NULL,NULL),(2041,'21548','Lý Sơn','Ly Son','Đặc khu Lý Sơn','Ly Son Special administrative region','ly_son','51',5,NULL,NULL),(2042,'21553','Quy Nhơn Bắc','Quy Nhon Bac','Phường Quy Nhơn Bắc','Quy Nhon Bac Ward','quy_nhon_bac','51',3,NULL,NULL),(2043,'21583','Quy Nhơn','Quy Nhon','Phường Quy Nhơn','Quy Nhon Ward','quy_nhon','51',3,NULL,NULL),(2044,'21589','Quy Nhơn Tây','Quy Nhon Tay','Phường Quy Nhơn Tây','Quy Nhon Tay Ward','quy_nhon_tay','51',3,NULL,NULL),(2045,'21592','Quy Nhơn Nam','Quy Nhon Nam','Phường Quy Nhơn Nam','Quy Nhon Nam Ward','quy_nhon_nam','51',3,NULL,NULL),(2046,'21601','Quy Nhơn Đông','Quy Nhon Dong','Phường Quy Nhơn Đông','Quy Nhon Dong Ward','quy_nhon_dong','51',3,NULL,NULL),(2047,'21637','Tam Quan','Tam Quan','Phường Tam Quan','Tam Quan Ward','tam_quan','51',3,NULL,NULL),(2048,'21640','Bồng Sơn','Bong Son','Phường Bồng Sơn','Bong Son Ward','bong_son','51',3,NULL,NULL),(2049,'21655','Hoài Nhơn Bắc','Hoai Nhon Bac','Phường Hoài Nhơn Bắc','Hoai Nhon Bac Ward','hoai_nhon_bac','51',3,NULL,NULL),(2050,'21661','Hoài Nhơn Tây','Hoai Nhon Tay','Phường Hoài Nhơn Tây','Hoai Nhon Tay Ward','hoai_nhon_tay','51',3,NULL,NULL),(2051,'21664','Hoài Nhơn','Hoai Nhon','Phường Hoài Nhơn','Hoai Nhon Ward','hoai_nhon','51',3,NULL,NULL),(2052,'21670','Hoài Nhơn Đông','Hoai Nhon Dong','Phường Hoài Nhơn Đông','Hoai Nhon Dong Ward','hoai_nhon_dong','51',3,NULL,NULL),(2053,'21673','Hoài Nhơn Nam','Hoai Nhon Nam','Phường Hoài Nhơn Nam','Hoai Nhon Nam Ward','hoai_nhon_nam','51',3,NULL,NULL),(2054,'21907','Bình Định','Binh Dinh','Phường Bình Định','Binh Dinh Ward','binh_dinh','51',3,NULL,NULL),(2055,'21910','An Nhơn','An Nhon','Phường An Nhơn','An Nhon Ward','an_nhon','51',3,NULL,NULL),(2056,'21925','An Nhơn Bắc','An Nhon Bac','Phường An Nhơn Bắc','An Nhon Bac Ward','an_nhon_bac','51',3,NULL,NULL),(2057,'21934','An Nhơn Đông','An Nhon Dong','Phường An Nhơn Đông','An Nhon Dong Ward','an_nhon_dong','51',3,NULL,NULL),(2058,'21943','An Nhơn Nam','An Nhon Nam','Phường An Nhơn Nam','An Nhon Nam Ward','an_nhon_nam','51',3,NULL,NULL),(2059,'23563','Diên Hồng','Dien Hong','Phường Diên Hồng','Dien Hong Ward','dien_hong','51',3,NULL,NULL),(2060,'23575','Pleiku','Pleiku','Phường Pleiku','Pleiku Ward','pleiku','51',3,NULL,NULL),(2061,'23584','Thống Nhất','Thong Nhat','Phường Thống Nhất','Thong Nhat Ward','thong_nhat','51',3,NULL,NULL),(2062,'23586','Hội Phú','Hoi Phu','Phường Hội Phú','Hoi Phu Ward','hoi_phu','51',3,NULL,NULL),(2063,'23602','An Phú','An Phu','Phường An Phú','An Phu Ward','an_phu','51',3,NULL,NULL),(2064,'23614','An Bình','An Binh','Phường An Bình','An Binh Ward','an_binh','51',3,NULL,NULL),(2065,'23617','An Khê','An Khe','Phường An Khê','An Khe Ward','an_khe','51',3,NULL,NULL),(2066,'24044','Ayun Pa','Ayun Pa','Phường Ayun Pa','Ayun Pa Ward','ayun_pa','51',3,NULL,NULL),(2067,'21607','Nhơn Châu','Nhon Chau','Xã Nhơn Châu','Nhon Chau Commune','nhon_chau','51',4,NULL,NULL),(2068,'21609','An Lão','An Lao','Xã An Lão','An Lao Commune','an_lao','51',4,NULL,NULL),(2069,'21616','An Vinh','An Vinh','Xã An Vinh','An Vinh Commune','an_vinh','51',4,NULL,NULL),(2070,'21622','An Toàn','An Toan','Xã An Toàn','An Toan Commune','an_toan','51',4,NULL,NULL),(2071,'21628','An Hòa','An Hoa','Xã An Hòa','An Hoa Commune','an_hoa','51',4,NULL,NULL),(2072,'21688','Hoài Ân','Hoai An','Xã Hoài Ân','Hoai An Commune','hoai_an','51',4,NULL,NULL),(2073,'21697','Ân Hảo','An Hao','Xã Ân Hảo','An Hao Commune','an_hao','51',4,NULL,NULL),(2074,'21703','Vạn Đức','Van Duc','Xã Vạn Đức','Van Duc Commune','van_duc','51',4,NULL,NULL),(2075,'21715','Ân Tường','An Tuong','Xã Ân Tường','An Tuong Commune','an_tuong','51',4,NULL,NULL),(2076,'21727','Kim Sơn','Kim Son','Xã Kim Sơn','Kim Son Commune','kim_son','51',4,NULL,NULL),(2077,'21730','Phù Mỹ','Phu My','Xã Phù Mỹ','Phu My Commune','phu_my','51',4,NULL,NULL),(2078,'21733','Bình Dương','Binh Duong','Xã Bình Dương','Binh Duong Commune','binh_duong','51',4,NULL,NULL),(2079,'21739','Phù Mỹ Bắc','Phu My Bac','Xã Phù Mỹ Bắc','Phu My Bac Commune','phu_my_bac','51',4,NULL,NULL),(2080,'21751','Phù Mỹ Đông','Phu My Dong','Xã Phù Mỹ Đông','Phu My Dong Commune','phu_my_dong','51',4,NULL,NULL),(2081,'21757','Phù Mỹ Tây','Phu My Tay','Xã Phù Mỹ Tây','Phu My Tay Commune','phu_my_tay','51',4,NULL,NULL),(2082,'21769','An Lương','An Luong','Xã An Lương','An Luong Commune','an_luong','51',4,NULL,NULL),(2083,'21775','Phù Mỹ Nam','Phu My Nam','Xã Phù Mỹ Nam','Phu My Nam Commune','phu_my_nam','51',4,NULL,NULL),(2084,'21786','Vĩnh Thạnh','Vinh Thanh','Xã Vĩnh Thạnh','Vinh Thanh Commune','vinh_thanh','51',4,NULL,NULL),(2085,'21787','Vĩnh Sơn','Vinh Son','Xã Vĩnh Sơn','Vinh Son Commune','vinh_son','51',4,NULL,NULL),(2086,'21796','Vĩnh Thịnh','Vinh Thinh','Xã Vĩnh Thịnh','Vinh Thinh Commune','vinh_thinh','51',4,NULL,NULL),(2087,'21805','Vĩnh Quang','Vinh Quang','Xã Vĩnh Quang','Vinh Quang Commune','vinh_quang','51',4,NULL,NULL),(2088,'21808','Tây Sơn','Tay Son','Xã Tây Sơn','Tay Son Commune','tay_son','51',4,NULL,NULL),(2089,'21817','Bình Hiệp','Binh Hiep','Xã Bình Hiệp','Binh Hiep Commune','binh_hiep','51',4,NULL,NULL),(2090,'21820','Bình Khê','Binh Khe','Xã Bình Khê','Binh Khe Commune','binh_khe','51',4,NULL,NULL),(2091,'21829','Bình An','Binh An','Xã Bình An','Binh An Commune','binh_an','51',4,NULL,NULL),(2092,'21835','Bình Phú','Binh Phu','Xã Bình Phú','Binh Phu Commune','binh_phu','51',4,NULL,NULL),(2093,'21853','Phù Cát','Phu Cat','Xã Phù Cát','Phu Cat Commune','phu_cat','51',4,NULL,NULL),(2094,'21859','Đề Gi','De Gi','Xã Đề Gi','De Gi Commune','de_gi','51',4,NULL,NULL),(2095,'21868','Hội Sơn','Hoi Son','Xã Hội Sơn','Hoi Son Commune','hoi_son','51',4,NULL,NULL),(2096,'21871','Hòa Hội','Hoa Hoi','Xã Hòa Hội','Hoa Hoi Commune','hoa_hoi','51',4,NULL,NULL),(2097,'21880','Cát Tiến','Cat Tien','Xã Cát Tiến','Cat Tien Commune','cat_tien','51',4,NULL,NULL),(2098,'21892','Xuân An','Xuan An','Xã Xuân An','Xuan An Commune','xuan_an','51',4,NULL,NULL),(2099,'21901','Ngô Mây','Ngo May','Xã Ngô Mây','Ngo May Commune','ngo_may','51',4,NULL,NULL),(2100,'21940','An Nhơn Tây','An Nhon Tay','Xã An Nhơn Tây','An Nhon Tay Commune','an_nhon_tay','51',4,NULL,NULL),(2101,'21952','Tuy Phước','Tuy Phuoc','Xã Tuy Phước','Tuy Phuoc Commune','tuy_phuoc','51',4,NULL,NULL),(2102,'21964','Tuy Phước Bắc','Tuy Phuoc Bac','Xã Tuy Phước Bắc','Tuy Phuoc Bac Commune','tuy_phuoc_bac','51',4,NULL,NULL),(2103,'21970','Tuy Phước Đông','Tuy Phuoc Dong','Xã Tuy Phước Đông','Tuy Phuoc Dong Commune','tuy_phuoc_dong','51',4,NULL,NULL),(2104,'21985','Tuy Phước Tây','Tuy Phuoc Tay','Xã Tuy Phước Tây','Tuy Phuoc Tay Commune','tuy_phuoc_tay','51',4,NULL,NULL),(2105,'21994','Vân Canh','Van Canh','Xã Vân Canh','Van Canh Commune','van_canh','51',4,NULL,NULL),(2106,'21997','Canh Liên','Canh Lien','Xã Canh Liên','Canh Lien Commune','canh_lien','51',4,NULL,NULL),(2107,'22006','Canh Vinh','Canh Vinh','Xã Canh Vinh','Canh Vinh Commune','canh_vinh','51',4,NULL,NULL),(2108,'23590','Biển Hồ','Bien Ho','Xã Biển Hồ','Bien Ho Commune','bien_ho','51',4,NULL,NULL),(2109,'23611','Gào','Gao','Xã Gào','Gao Commune','gao','51',4,NULL,NULL),(2110,'23629','Cửu An','Cuu An','Xã Cửu An','Cuu An Commune','cuu_an','51',4,NULL,NULL),(2111,'23638','Kbang','Kbang','Xã Kbang','Kbang Commune','kbang','51',4,NULL,NULL),(2112,'23644','Đak Rong','Dak Rong','Xã Đak Rong','Dak Rong Commune','dak_rong','51',4,NULL,NULL),(2113,'23647','Sơn Lang','Son Lang','Xã Sơn Lang','Son Lang Commune','son_lang','51',4,NULL,NULL),(2114,'23650','Krong','Krong','Xã Krong','Krong Commune','krong','51',4,NULL,NULL),(2115,'23668','Tơ Tung','To Tung','Xã Tơ Tung','To Tung Commune','to_tung','51',4,NULL,NULL),(2116,'23674','Kông Bơ La','Kong Bo La','Xã Kông Bơ La','Kong Bo La Commune','kong_bo_la','51',4,NULL,NULL),(2117,'23677','Đak Đoa','Dak Doa','Xã Đak Đoa','Dak Doa Commune','dak_doa','51',4,NULL,NULL),(2118,'23683','Đak Sơmei','Dak Somei','Xã Đak Sơmei','Dak Somei Commune','dak_somei','51',4,NULL,NULL),(2119,'23701','Kon Gang','Kon Gang','Xã Kon Gang','Kon Gang Commune','kon_gang','51',4,NULL,NULL),(2120,'23710','Ia Băng','Ia Bang','Xã Ia Băng','Ia Bang Commune','ia_bang','51',4,NULL,NULL),(2121,'23714','KDang','KDang','Xã KDang','KDang Commune','kdang','51',4,NULL,NULL),(2122,'23722','Chư Păh','Chu Pah','Xã Chư Păh','Chu Pah Commune','chu_pah','51',4,NULL,NULL),(2123,'23728','Ia Khươl','Ia Khuol','Xã Ia Khươl','Ia Khuol Commune','ia_khuol','51',4,NULL,NULL),(2124,'23734','Ia Ly','Ia Ly','Xã Ia Ly','Ia Ly Commune','ia_ly','51',4,NULL,NULL),(2125,'23938','Ia Mơ','Ia Mo','Xã Ia Mơ','Ia Mo Commune','ia_mo','51',4,NULL,NULL),(2126,'23749','Ia Phí','Ia Phi','Xã Ia Phí','Ia Phi Commune','ia_phi','51',4,NULL,NULL),(2127,'23764','Ia Grai','Ia Grai','Xã Ia Grai','Ia Grai Commune','ia_grai','51',4,NULL,NULL),(2128,'23767','Ia Hrung','Ia Hrung','Xã Ia Hrung','Ia Hrung Commune','ia_hrung','51',4,NULL,NULL),(2129,'23776','Ia Krái','Ia Krai','Xã Ia Krái','Ia Krai Commune','ia_krai','51',4,NULL,NULL),(2130,'23782','Ia O','Ia O','Xã Ia O','Ia O Commune','ia_o','51',4,NULL,NULL),(2131,'23788','Ia Chia','Ia Chia','Xã Ia Chia','Ia Chia Commune','ia_chia','51',4,NULL,NULL),(2132,'23794','Mang Yang','Mang Yang','Xã Mang Yang','Mang Yang Commune','mang_yang','51',4,NULL,NULL),(2133,'23798','Ayun','Ayun','Xã Ayun','Ayun Commune','ayun','51',4,NULL,NULL),(2134,'23799','Hra','Hra','Xã Hra','Hra Commune','hra','51',4,NULL,NULL),(2135,'23812','Lơ Pang','Lo Pang','Xã Lơ Pang','Lo Pang Commune','lo_pang','51',4,NULL,NULL),(2136,'23818','Kon Chiêng','Kon Chieng','Xã Kon Chiêng','Kon Chieng Commune','kon_chieng','51',4,NULL,NULL),(2137,'23824','Kông Chro','Kong Chro','Xã Kông Chro','Kong Chro Commune','kong_chro','51',4,NULL,NULL),(2138,'23830','Chư Krey','Chu Krey','Xã Chư Krey','Chu Krey Commune','chu_krey','51',4,NULL,NULL),(2139,'23833','Ya Ma','Ya Ma','Xã Ya Ma','Ya Ma Commune','ya_ma','51',4,NULL,NULL),(2140,'23839','SRó','SRo','Xã SRó','SRo Commune','sro','51',4,NULL,NULL),(2141,'23842','Đăk Song','Dak Song','Xã Đăk Song','Dak Song Commune','dak_song','51',4,NULL,NULL),(2142,'23851','Chơ Long','Cho Long','Xã Chơ Long','Cho Long Commune','cho_long','51',4,NULL,NULL),(2143,'23857','Đức Cơ','Duc Co','Xã Đức Cơ','Duc Co Commune','duc_co','51',4,NULL,NULL),(2144,'23866','Ia Krêl','Ia Krel','Xã Ia Krêl','Ia Krel Commune','ia_krel','51',4,NULL,NULL),(2145,'23869','Ia Dơk','Ia Dok','Xã Ia Dơk','Ia Dok Commune','ia_dok','51',4,NULL,NULL),(2146,'23872','Ia Dom','Ia Dom','Xã Ia Dom','Ia Dom Commune','ia_dom','51',4,NULL,NULL),(2147,'23881','Ia Pnôn','Ia Pnon','Xã Ia Pnôn','Ia Pnon Commune','ia_pnon','51',4,NULL,NULL),(2148,'23884','Ia Nan','Ia Nan','Xã Ia Nan','Ia Nan Commune','ia_nan','51',4,NULL,NULL),(2149,'23887','Chư Prông','Chu Prong','Xã Chư Prông','Chu Prong Commune','chu_prong','51',4,NULL,NULL),(2150,'23896','Bàu Cạn','Bau Can','Xã Bàu Cạn','Bau Can Commune','bau_can','51',4,NULL,NULL),(2151,'23908','Ia Tôr','Ia Tor','Xã Ia Tôr','Ia Tor Commune','ia_tor','51',4,NULL,NULL),(2152,'23911','Ia Boòng','Ia Boong','Xã Ia Boòng','Ia Boong Commune','ia_boong','51',4,NULL,NULL),(2153,'23917','Ia Púch','Ia Puch','Xã Ia Púch','Ia Puch Commune','ia_puch','51',4,NULL,NULL),(2154,'23926','Ia Pia','Ia Pia','Xã Ia Pia','Ia Pia Commune','ia_pia','51',4,NULL,NULL),(2155,'23935','Ia Lâu','Ia Lau','Xã Ia Lâu','Ia Lau Commune','ia_lau','51',4,NULL,NULL),(2156,'23941','Chư Sê','Chu Se','Xã Chư Sê','Chu Se Commune','chu_se','51',4,NULL,NULL),(2157,'23942','Chư Pưh','Chu Puh','Xã Chư Pưh','Chu Puh Commune','chu_puh','51',4,NULL,NULL),(2158,'23947','Bờ Ngoong','Bo Ngoong','Xã Bờ Ngoong','Bo Ngoong Commune','bo_ngoong','51',4,NULL,NULL),(2159,'23954','Al Bá','Al Ba','Xã Al Bá','Al Ba Commune','al_ba','51',4,NULL,NULL),(2160,'23971','Ia Hrú','Ia Hru','Xã Ia Hrú','Ia Hru Commune','ia_hru','51',4,NULL,NULL),(2161,'23977','Ia Ko','Ia Ko','Xã Ia Ko','Ia Ko Commune','ia_ko','51',4,NULL,NULL),(2162,'23986','Ia Le','Ia Le','Xã Ia Le','Ia Le Commune','ia_le','51',4,NULL,NULL),(2163,'23995','Đak Pơ','Dak Po','Xã Đak Pơ','Dak Po Commune','dak_po','51',4,NULL,NULL),(2164,'24007','Ya Hội','Ya Hoi','Xã Ya Hội','Ya Hoi Commune','ya_hoi','51',4,NULL,NULL),(2165,'24013','Pờ Tó','Po To','Xã Pờ Tó','Po To Commune','po_to','51',4,NULL,NULL),(2166,'24022','Ia Pa','Ia Pa','Xã Ia Pa','Ia Pa Commune','ia_pa','51',4,NULL,NULL),(2167,'24028','Ia Tul','Ia Tul','Xã Ia Tul','Ia Tul Commune','ia_tul','51',4,NULL,NULL),(2168,'24043','Phú Thiện','Phu Thien','Xã Phú Thiện','Phu Thien Commune','phu_thien','51',4,NULL,NULL),(2169,'24049','Chư A Thai','Chu A Thai','Xã Chư A Thai','Chu A Thai Commune','chu_a_thai','51',4,NULL,NULL),(2170,'24061','Ia Hiao','Ia Hiao','Xã Ia Hiao','Ia Hiao Commune','ia_hiao','51',4,NULL,NULL),(2171,'24065','Ia Rbol','Ia Rbol','Xã Ia Rbol','Ia Rbol Commune','ia_rbol','51',4,NULL,NULL),(2172,'24073','Ia Sao','Ia Sao','Xã Ia Sao','Ia Sao Commune','ia_sao','51',4,NULL,NULL),(2173,'24076','Phú Túc','Phu Tuc','Xã Phú Túc','Phu Tuc Commune','phu_tuc','51',4,NULL,NULL),(2174,'24100','Ia Dreh','Ia Dreh','Xã Ia Dreh','Ia Dreh Commune','ia_dreh','51',4,NULL,NULL),(2175,'24109','Uar','Uar','Xã Uar','Uar Commune','uar','51',4,NULL,NULL),(2176,'24112','Ia Rsai','Ia Rsai','Xã Ia Rsai','Ia Rsai Commune','ia_rsai','51',4,NULL,NULL),(2177,'22333','Bắc Nha Trang','Bac Nha Trang','Phường Bắc Nha Trang','Bac Nha Trang Ward','bac_nha_trang','56',3,NULL,NULL),(2178,'22366','Nha Trang','Nha Trang','Phường Nha Trang','Nha Trang Ward','nha_trang','56',3,NULL,NULL),(2179,'22390','Tây Nha Trang','Tay Nha Trang','Phường Tây Nha Trang','Tay Nha Trang Ward','tay_nha_trang','56',3,NULL,NULL),(2180,'22402','Nam Nha Trang','Nam Nha Trang','Phường Nam Nha Trang','Nam Nha Trang Ward','nam_nha_trang','56',3,NULL,NULL),(2181,'22411','Bắc Cam Ranh','Bac Cam Ranh','Phường Bắc Cam Ranh','Bac Cam Ranh Ward','bac_cam_ranh','56',3,NULL,NULL),(2182,'22420','Cam Ranh','Cam Ranh','Phường Cam Ranh','Cam Ranh Ward','cam_ranh','56',3,NULL,NULL),(2183,'22423','Ba Ngòi','Ba Ngoi','Phường Ba Ngòi','Ba Ngoi Ward','ba_ngoi','56',3,NULL,NULL),(2184,'22432','Cam Linh','Cam Linh','Phường Cam Linh','Cam Linh Ward','cam_linh','56',3,NULL,NULL),(2185,'22528','Ninh Hòa','Ninh Hoa','Phường Ninh Hòa','Ninh Hoa Ward','ninh_hoa','56',3,NULL,NULL),(2186,'22561','Đông Ninh Hòa','Dong Ninh Hoa','Phường Đông Ninh Hòa','Dong Ninh Hoa Ward','dong_ninh_hoa','56',3,NULL,NULL),(2187,'22591','Hòa Thắng','Hoa Thang','Phường Hòa Thắng','Hoa Thang Ward','hoa_thang','56',3,NULL,NULL),(2188,'22738','Đô Vinh','Do Vinh','Phường Đô Vinh','Do Vinh Ward','do_vinh','56',3,NULL,NULL),(2189,'22741','Bảo An','Bao An','Phường Bảo An','Bao An Ward','bao_an','56',3,NULL,NULL),(2190,'22759','Phan Rang','Phan Rang','Phường Phan Rang','Phan Rang Ward','phan_rang','56',3,NULL,NULL),(2191,'22780','Đông Hải','Dong Hai','Phường Đông Hải','Dong Hai Ward','dong_hai','56',3,NULL,NULL),(2192,'22834','Ninh Chử','Ninh Chu','Phường Ninh Chử','Ninh Chu Ward','ninh_chu','56',3,NULL,NULL),(2193,'22435','Cam Hiệp','Cam Hiep','Xã Cam Hiệp','Cam Hiep Commune','cam_hiep','56',4,NULL,NULL),(2194,'22453','Cam Lâm','Cam Lam','Xã Cam Lâm','Cam Lam Commune','cam_lam','56',4,NULL,NULL),(2195,'22465','Cam An','Cam An','Xã Cam An','Cam An Commune','cam_an','56',4,NULL,NULL),(2196,'22480','Nam Cam Ranh','Nam Cam Ranh','Xã Nam Cam Ranh','Nam Cam Ranh Commune','nam_cam_ranh','56',4,NULL,NULL),(2197,'22489','Vạn Ninh','Van Ninh','Xã Vạn Ninh','Van Ninh Commune','van_ninh','56',4,NULL,NULL),(2198,'22498','Tu Bông','Tu Bong','Xã Tu Bông','Tu Bong Commune','tu_bong','56',4,NULL,NULL),(2199,'22504','Đại Lãnh','Dai Lanh','Xã Đại Lãnh','Dai Lanh Commune','dai_lanh','56',4,NULL,NULL),(2200,'22516','Vạn Thắng','Van Thang','Xã Vạn Thắng','Van Thang Commune','van_thang','56',4,NULL,NULL),(2201,'22525','Vạn Hưng','Van Hung','Xã Vạn Hưng','Van Hung Commune','van_hung','56',4,NULL,NULL),(2202,'22546','Bắc Ninh Hòa','Bac Ninh Hoa','Xã Bắc Ninh Hòa','Bac Ninh Hoa Commune','bac_ninh_hoa','56',4,NULL,NULL),(2203,'22552','Tây Ninh Hòa','Tay Ninh Hoa','Xã Tây Ninh Hòa','Tay Ninh Hoa Commune','tay_ninh_hoa','56',4,NULL,NULL),(2204,'22558','Hòa Trí','Hoa Tri','Xã Hòa Trí','Hoa Tri Commune','hoa_tri','56',4,NULL,NULL),(2205,'22576','Tân Định','Tan Dinh','Xã Tân Định','Tan Dinh Commune','tan_dinh','56',4,NULL,NULL),(2206,'22597','Nam Ninh Hòa','Nam Ninh Hoa','Xã Nam Ninh Hòa','Nam Ninh Hoa Commune','nam_ninh_hoa','56',4,NULL,NULL),(2207,'22609','Khánh Vĩnh','Khanh Vinh','Xã Khánh Vĩnh','Khanh Vinh Commune','khanh_vinh','56',4,NULL,NULL),(2208,'22612','Trung Khánh Vĩnh','Trung Khanh Vinh','Xã Trung Khánh Vĩnh','Trung Khanh Vinh Commune','trung_khanh_vinh','56',4,NULL,NULL),(2209,'22615','Bắc Khánh Vĩnh','Bac Khanh Vinh','Xã Bắc Khánh Vĩnh','Bac Khanh Vinh Commune','bac_khanh_vinh','56',4,NULL,NULL),(2210,'22624','Tây Khánh Vĩnh','Tay Khanh Vinh','Xã Tây Khánh Vĩnh','Tay Khanh Vinh Commune','tay_khanh_vinh','56',4,NULL,NULL),(2211,'22648','Nam Khánh Vĩnh','Nam Khanh Vinh','Xã Nam Khánh Vĩnh','Nam Khanh Vinh Commune','nam_khanh_vinh','56',4,NULL,NULL),(2212,'22651','Diên Khánh','Dien Khanh','Xã Diên Khánh','Dien Khanh Commune','dien_khanh','56',4,NULL,NULL),(2213,'22657','Diên Điền','Dien Dien','Xã Diên Điền','Dien Dien Commune','dien_dien','56',4,NULL,NULL),(2214,'22660','Diên Lâm','Dien Lam','Xã Diên Lâm','Dien Lam Commune','dien_lam','56',4,NULL,NULL),(2215,'22672','Diên Thọ','Dien Tho','Xã Diên Thọ','Dien Tho Commune','dien_tho','56',4,NULL,NULL),(2216,'22678','Diên Lạc','Dien Lac','Xã Diên Lạc','Dien Lac Commune','dien_lac','56',4,NULL,NULL),(2217,'22702','Suối Hiệp','Suoi Hiep','Xã Suối Hiệp','Suoi Hiep Commune','suoi_hiep','56',4,NULL,NULL),(2218,'22708','Suối Dầu','Suoi Dau','Xã Suối Dầu','Suoi Dau Commune','suoi_dau','56',4,NULL,NULL),(2219,'22714','Khánh Sơn','Khanh Son','Xã Khánh Sơn','Khanh Son Commune','khanh_son','56',4,NULL,NULL),(2220,'22720','Tây Khánh Sơn','Tay Khanh Son','Xã Tây Khánh Sơn','Tay Khanh Son Commune','tay_khanh_son','56',4,NULL,NULL),(2221,'22732','Đông Khánh Sơn','Dong Khanh Son','Xã Đông Khánh Sơn','Dong Khanh Son Commune','dong_khanh_son','56',4,NULL,NULL),(2222,'22786','Bác Ái Tây','Bac Ai Tay','Xã Bác Ái Tây','Bac Ai Tay Commune','bac_ai_tay','56',4,NULL,NULL),(2223,'22795','Bác Ái','Bac Ai','Xã Bác Ái','Bac Ai Commune','bac_ai','56',4,NULL,NULL),(2224,'22801','Bác Ái Đông','Bac Ai Dong','Xã Bác Ái Đông','Bac Ai Dong Commune','bac_ai_dong','56',4,NULL,NULL),(2225,'22810','Ninh Sơn','Ninh Son','Xã Ninh Sơn','Ninh Son Commune','ninh_son','56',4,NULL,NULL),(2226,'22813','Lâm Sơn','Lam Son','Xã Lâm Sơn','Lam Son Commune','lam_son','56',4,NULL,NULL),(2227,'22822','Mỹ Sơn','My Son','Xã Mỹ Sơn','My Son Commune','my_son','56',4,NULL,NULL),(2228,'22828','Anh Dũng','Anh Dung','Xã Anh Dũng','Anh Dung Commune','anh_dung','56',4,NULL,NULL),(2229,'22840','Công Hải','Cong Hai','Xã Công Hải','Cong Hai Commune','cong_hai','56',4,NULL,NULL),(2230,'22846','Vĩnh Hải','Vinh Hai','Xã Vĩnh Hải','Vinh Hai Commune','vinh_hai','56',4,NULL,NULL),(2231,'22849','Thuận Bắc','Thuan Bac','Xã Thuận Bắc','Thuan Bac Commune','thuan_bac','56',4,NULL,NULL),(2232,'22852','Ninh Hải','Ninh Hai','Xã Ninh Hải','Ninh Hai Commune','ninh_hai','56',4,NULL,NULL),(2233,'22861','Xuân Hải','Xuan Hai','Xã Xuân Hải','Xuan Hai Commune','xuan_hai','56',4,NULL,NULL),(2234,'22870','Ninh Phước','Ninh Phuoc','Xã Ninh Phước','Ninh Phuoc Commune','ninh_phuoc','56',4,NULL,NULL),(2235,'22873','Phước Hậu','Phuoc Hau','Xã Phước Hậu','Phuoc Hau Commune','phuoc_hau','56',4,NULL,NULL),(2236,'22888','Phước Dinh','Phuoc Dinh','Xã Phước Dinh','Phuoc Dinh Commune','phuoc_dinh','56',4,NULL,NULL),(2237,'22891','Phước Hữu','Phuoc Huu','Xã Phước Hữu','Phuoc Huu Commune','phuoc_huu','56',4,NULL,NULL),(2238,'22897','Thuận Nam','Thuan Nam','Xã Thuận Nam','Thuan Nam Commune','thuan_nam','56',4,NULL,NULL),(2239,'22900','Phước Hà','Phuoc Ha','Xã Phước Hà','Phuoc Ha Commune','phuoc_ha','56',4,NULL,NULL),(2240,'22909','Cà Ná','Ca Na','Xã Cà Ná','Ca Na Commune','ca_na','56',4,NULL,NULL),(2241,'22736','Trường Sa','Truong Sa','Đặc khu Trường Sa','Truong Sa Special administrative region','truong_sa','56',5,NULL,NULL),(2242,'22015','Tuy Hòa','Tuy Hoa','Phường Tuy Hòa','Tuy Hoa Ward','tuy_hoa','66',3,NULL,NULL),(2243,'22045','Bình Kiến','Binh Kien','Phường Bình Kiến','Binh Kien Ward','binh_kien','66',3,NULL,NULL),(2244,'22051','Sông Cầu','Song Cau','Phường Sông Cầu','Song Cau Ward','song_cau','66',3,NULL,NULL),(2245,'22076','Xuân Đài','Xuan Dai','Phường Xuân Đài','Xuan Dai Ward','xuan_dai','66',3,NULL,NULL),(2246,'22240','Phú Yên','Phu Yen','Phường Phú Yên','Phu Yen Ward','phu_yen','66',3,NULL,NULL),(2247,'22258','Đông Hòa','Dong Hoa','Phường Đông Hòa','Dong Hoa Ward','dong_hoa','66',3,NULL,NULL),(2248,'22261','Hòa Hiệp','Hoa Hiep','Phường Hòa Hiệp','Hoa Hiep Ward','hoa_hiep','66',3,NULL,NULL),(2249,'24121','Tân Lập','Tan Lap','Phường Tân Lập','Tan Lap Ward','tan_lap','66',3,NULL,NULL),(2250,'24133','Buôn Ma Thuột','Buon Ma Thuot','Phường Buôn Ma Thuột','Buon Ma Thuot Ward','buon_ma_thuot','66',3,NULL,NULL),(2251,'24154','Thành Nhất','Thanh Nhat','Phường Thành Nhất','Thanh Nhat Ward','thanh_nhat','66',3,NULL,NULL),(2252,'24163','Tân An','Tan An','Phường Tân An','Tan An Ward','tan_an','66',3,NULL,NULL),(2253,'24169','Ea Kao','Ea Kao','Phường Ea Kao','Ea Kao Ward','ea_kao','66',3,NULL,NULL),(2254,'24305','Buôn Hồ','Buon Ho','Phường Buôn Hồ','Buon Ho Ward','buon_ho','66',3,NULL,NULL),(2255,'24340','Cư Bao','Cu Bao','Phường Cư Bao','Cu Bao Ward','cu_bao','66',3,NULL,NULL),(2256,'22057','Xuân Lộc','Xuan Loc','Xã Xuân Lộc','Xuan Loc Commune','xuan_loc','66',4,NULL,NULL),(2257,'22060','Xuân Cảnh','Xuan Canh','Xã Xuân Cảnh','Xuan Canh Commune','xuan_canh','66',4,NULL,NULL),(2258,'22075','Xuân Thọ','Xuan Tho','Xã Xuân Thọ','Xuan Tho Commune','xuan_tho','66',4,NULL,NULL),(2259,'22081','Đồng Xuân','Dong Xuan','Xã Đồng Xuân','Dong Xuan Commune','dong_xuan','66',4,NULL,NULL),(2260,'22090','Xuân Lãnh','Xuan Lanh','Xã Xuân Lãnh','Xuan Lanh Commune','xuan_lanh','66',4,NULL,NULL),(2261,'22096','Phú Mỡ','Phu Mo','Xã Phú Mỡ','Phu Mo Commune','phu_mo','66',4,NULL,NULL),(2262,'22111','Xuân Phước','Xuan Phuoc','Xã Xuân Phước','Xuan Phuoc Commune','xuan_phuoc','66',4,NULL,NULL),(2263,'22114','Tuy An Bắc','Tuy An Bac','Xã Tuy An Bắc','Tuy An Bac Commune','tuy_an_bac','66',4,NULL,NULL),(2264,'22120','Tuy An Đông','Tuy An Dong','Xã Tuy An Đông','Tuy An Dong Commune','tuy_an_dong','66',4,NULL,NULL),(2265,'22132','Tuy An Tây','Tuy An Tay','Xã Tuy An Tây','Tuy An Tay Commune','tuy_an_tay','66',4,NULL,NULL),(2266,'22147','Ô Loan','O Loan','Xã Ô Loan','O Loan Commune','o_loan','66',4,NULL,NULL),(2267,'22153','Tuy An Nam','Tuy An Nam','Xã Tuy An Nam','Tuy An Nam Commune','tuy_an_nam','66',4,NULL,NULL),(2268,'22165','Sơn Hòa','Son Hoa','Xã Sơn Hòa','Son Hoa Commune','son_hoa','66',4,NULL,NULL),(2269,'22171','Tây Sơn','Tay Son','Xã Tây Sơn','Tay Son Commune','tay_son','66',4,NULL,NULL),(2270,'22177','Vân Hòa','Van Hoa','Xã Vân Hòa','Van Hoa Commune','van_hoa','66',4,NULL,NULL),(2271,'22192','Suối Trai','Suoi Trai','Xã Suối Trai','Suoi Trai Commune','suoi_trai','66',4,NULL,NULL),(2272,'22207','Sông Hinh','Song Hinh','Xã Sông Hinh','Song Hinh Commune','song_hinh','66',4,NULL,NULL),(2273,'22222','Đức Bình','Duc Binh','Xã Đức Bình','Duc Binh Commune','duc_binh','66',4,NULL,NULL),(2274,'22225','Ea Bá','Ea Ba','Xã Ea Bá','Ea Ba Commune','ea_ba','66',4,NULL,NULL),(2275,'22237','Ea Ly','Ea Ly','Xã Ea Ly','Ea Ly Commune','ea_ly','66',4,NULL,NULL),(2276,'22250','Sơn Thành','Son Thanh','Xã Sơn Thành','Son Thanh Commune','son_thanh','66',4,NULL,NULL),(2277,'22255','Tây Hòa','Tay Hoa','Xã Tây Hòa','Tay Hoa Commune','tay_hoa','66',4,NULL,NULL),(2278,'22276','Hòa Thịnh','Hoa Thinh','Xã Hòa Thịnh','Hoa Thinh Commune','hoa_thinh','66',4,NULL,NULL),(2279,'22285','Hòa Mỹ','Hoa My','Xã Hòa Mỹ','Hoa My Commune','hoa_my','66',4,NULL,NULL),(2280,'22291','Hòa Xuân','Hoa Xuan','Xã Hòa Xuân','Hoa Xuan Commune','hoa_xuan','66',4,NULL,NULL),(2281,'22303','Phú Hòa 2','Phu Hoa 2','Xã Phú Hòa 2','Phu Hoa 2 Commune','phu_hoa_2','66',4,NULL,NULL),(2282,'22319','Phú Hòa 1','Phu Hoa 1','Xã Phú Hòa 1','Phu Hoa 1 Commune','phu_hoa_1','66',4,NULL,NULL),(2283,'24175','Hòa Phú','Hoa Phu','Xã Hòa Phú','Hoa Phu Commune','hoa_phu','66',4,NULL,NULL),(2284,'24181','Ea Drăng','Ea Drang','Xã Ea Drăng','Ea Drang Commune','ea_drang','66',4,NULL,NULL),(2285,'24184','Ea H\'Leo','Ea H\'Leo','Xã Ea H\'Leo','Ea H\'Leo Commune','ea_hleo','66',4,NULL,NULL),(2286,'24187','Ea Hiao','Ea Hiao','Xã Ea Hiao','Ea Hiao Commune','ea_hiao','66',4,NULL,NULL),(2287,'24193','Ea Wy','Ea Wy','Xã Ea Wy','Ea Wy Commune','ea_wy','66',4,NULL,NULL),(2288,'24208','Ea Khăl','Ea Khal','Xã Ea Khăl','Ea Khal Commune','ea_khal','66',4,NULL,NULL),(2289,'24211','Ea Súp','Ea Sup','Xã Ea Súp','Ea Sup Commune','ea_sup','66',4,NULL,NULL),(2290,'24214','Ia Lốp','Ia Lop','Xã Ia Lốp','Ia Lop Commune','ia_lop','66',4,NULL,NULL),(2291,'24217','Ea Rốk','Ea Rok','Xã Ea Rốk','Ea Rok Commune','ea_rok','66',4,NULL,NULL),(2292,'24221','Ia Rvê','Ia Rve','Xã Ia Rvê','Ia Rve Commune','ia_rve','66',4,NULL,NULL),(2293,'24229','Ea Bung','Ea Bung','Xã Ea Bung','Ea Bung Commune','ea_bung','66',4,NULL,NULL),(2294,'24235','Buôn Đôn','Buon Don','Xã Buôn Đôn','Buon Don Commune','buon_don','66',4,NULL,NULL),(2295,'24241','Ea Wer','Ea Wer','Xã Ea Wer','Ea Wer Commune','ea_wer','66',4,NULL,NULL),(2296,'24250','Ea Nuôl','Ea Nuol','Xã Ea Nuôl','Ea Nuol Commune','ea_nuol','66',4,NULL,NULL),(2297,'24259','Quảng Phú','Quang Phu','Xã Quảng Phú','Quang Phu Commune','quang_phu','66',4,NULL,NULL),(2298,'24265','Ea Kiết','Ea Kiet','Xã Ea Kiết','Ea Kiet Commune','ea_kiet','66',4,NULL,NULL),(2299,'24277','Ea Tul','Ea Tul','Xã Ea Tul','Ea Tul Commune','ea_tul','66',4,NULL,NULL),(2300,'24280','Cư M\'gar','Cu M\'gar','Xã Cư M\'gar','Cu M\'gar Commune','cu_mgar','66',4,NULL,NULL),(2301,'24286','Ea M\'Droh','Ea M\'Droh','Xã Ea M\'Droh','Ea M\'Droh Commune','ea_mdroh','66',4,NULL,NULL),(2302,'24301','Cuôr Đăng','Cuor Dang','Xã Cuôr Đăng','Cuor Dang Commune','cuor_dang','66',4,NULL,NULL),(2303,'24310','Krông Búk','Krong Buk','Xã Krông Búk','Krong Buk Commune','krong_buk','66',4,NULL,NULL),(2304,'24313','Cư Pơng','Cu Pong','Xã Cư Pơng','Cu Pong Commune','cu_pong','66',4,NULL,NULL),(2305,'24316','Pơng Drang','Pong Drang','Xã Pơng Drang','Pong Drang Commune','pong_drang','66',4,NULL,NULL),(2306,'24328','Ea Drông','Ea Drong','Xã Ea Drông','Ea Drong Commune','ea_drong','66',4,NULL,NULL),(2307,'24343','Krông Năng','Krong Nang','Xã Krông Năng','Krong Nang Commune','krong_nang','66',4,NULL,NULL),(2308,'24346','Dliê Ya','Dlie Ya','Xã Dliê Ya','Dlie Ya Commune','dlie_ya','66',4,NULL,NULL),(2309,'24352','Tam Giang','Tam Giang','Xã Tam Giang','Tam Giang Commune','tam_giang','66',4,NULL,NULL),(2310,'24364','Phú Xuân','Phu Xuan','Xã Phú Xuân','Phu Xuan Commune','phu_xuan','66',4,NULL,NULL),(2311,'24373','Ea Kar','Ea Kar','Xã Ea Kar','Ea Kar Commune','ea_kar','66',4,NULL,NULL),(2312,'24376','Ea Knốp','Ea Knop','Xã Ea Knốp','Ea Knop Commune','ea_knop','66',4,NULL,NULL),(2313,'24400','Ea Păl','Ea Pal','Xã Ea Păl','Ea Pal Commune','ea_pal','66',4,NULL,NULL),(2314,'24403','Ea Ô','Ea O','Xã Ea Ô','Ea O Commune','ea_o','66',4,NULL,NULL),(2315,'24406','Cư Yang','Cu Yang','Xã Cư Yang','Cu Yang Commune','cu_yang','66',4,NULL,NULL),(2316,'24412','M\'Drắk','M\'Drak','Xã M\'Drắk','M\'Drak Commune','mdrak','66',4,NULL,NULL),(2317,'24415','Cư Prao','Cu Prao','Xã Cư Prao','Cu Prao Commune','cu_prao','66',4,NULL,NULL),(2318,'24433','Ea Riêng','Ea Rieng','Xã Ea Riêng','Ea Rieng Commune','ea_rieng','66',4,NULL,NULL),(2319,'24436','Cư M\'ta','Cu M\'ta','Xã Cư M\'ta','Cu M\'ta Commune','cu_mta','66',4,NULL,NULL),(2320,'24444','Krông Á','Krong A','Xã Krông Á','Krong A Commune','krong_a','66',4,NULL,NULL),(2321,'24445','Ea Trang','Ea Trang','Xã Ea Trang','Ea Trang Commune','ea_trang','66',4,NULL,NULL),(2322,'24448','Krông Bông','Krong Bong','Xã Krông Bông','Krong Bong Commune','krong_bong','66',4,NULL,NULL),(2323,'24454','Dang Kang','Dang Kang','Xã Dang Kang','Dang Kang Commune','dang_kang','66',4,NULL,NULL),(2324,'24472','Hòa Sơn','Hoa Son','Xã Hòa Sơn','Hoa Son Commune','hoa_son','66',4,NULL,NULL),(2325,'24478','Cư Pui','Cu Pui','Xã Cư Pui','Cu Pui Commune','cu_pui','66',4,NULL,NULL),(2326,'24484','Yang Mao','Yang Mao','Xã Yang Mao','Yang Mao Commune','yang_mao','66',4,NULL,NULL),(2327,'24490','Krông Pắc','Krong Pac','Xã Krông Pắc','Krong Pac Commune','krong_pac','66',4,NULL,NULL),(2328,'24496','Ea Kly','Ea Kly','Xã Ea Kly','Ea Kly Commune','ea_kly','66',4,NULL,NULL),(2329,'24502','Ea Phê','Ea Phe','Xã Ea Phê','Ea Phe Commune','ea_phe','66',4,NULL,NULL),(2330,'24505','Ea Knuếc','Ea Knuec','Xã Ea Knuếc','Ea Knuec Commune','ea_knuec','66',4,NULL,NULL),(2331,'24526','Tân Tiến','Tan Tien','Xã Tân Tiến','Tan Tien Commune','tan_tien','66',4,NULL,NULL),(2332,'24529','Vụ Bổn','Vu Bon','Xã Vụ Bổn','Vu Bon Commune','vu_bon','66',4,NULL,NULL),(2333,'24538','Krông Ana','Krong Ana','Xã Krông Ana','Krong Ana Commune','krong_ana','66',4,NULL,NULL),(2334,'24540','Ea Ning','Ea Ning','Xã Ea Ning','Ea Ning Commune','ea_ning','66',4,NULL,NULL),(2335,'24544','Ea Ktur','Ea Ktur','Xã Ea Ktur','Ea Ktur Commune','ea_ktur','66',4,NULL,NULL),(2336,'24559','Ea Na','Ea Na','Xã Ea Na','Ea Na Commune','ea_na','66',4,NULL,NULL),(2337,'24561','Dray Bhăng','Dray Bhang','Xã Dray Bhăng','Dray Bhang Commune','dray_bhang','66',4,NULL,NULL),(2338,'24568','Dur Kmăl','Dur Kmal','Xã Dur Kmăl','Dur Kmal Commune','dur_kmal','66',4,NULL,NULL),(2339,'24580','Liên Sơn Lắk','Lien Son Lak','Xã Liên Sơn Lắk','Lien Son Lak Commune','lien_son_lak','66',4,NULL,NULL),(2340,'24595','Đắk Liêng','Dak Lieng','Xã Đắk Liêng','Dak Lieng Commune','dak_lieng','66',4,NULL,NULL),(2341,'24598','Đắk Phơi','Dak Phoi','Xã Đắk Phơi','Dak Phoi Commune','dak_phoi','66',4,NULL,NULL),(2342,'24604','Krông Nô','Krong No','Xã Krông Nô','Krong No Commune','krong_no','66',4,NULL,NULL),(2343,'24607','Nam Ka','Nam Ka','Xã Nam Ka','Nam Ka Commune','nam_ka','66',4,NULL,NULL),(2344,'22918','Mũi Né','Mui Ne','Phường Mũi Né','Mui Ne Ward','mui_ne','68',3,NULL,NULL),(2345,'22924','Phú Thủy','Phu Thuy','Phường Phú Thủy','Phu Thuy Ward','phu_thuy','68',3,NULL,NULL),(2346,'22933','Hàm Thắng','Ham Thang','Phường Hàm Thắng','Ham Thang Ward','ham_thang','68',3,NULL,NULL),(2347,'22945','Phan Thiết','Phan Thiet','Phường Phan Thiết','Phan Thiet Ward','phan_thiet','68',3,NULL,NULL),(2348,'22954','Tiến Thành','Tien Thanh','Phường Tiến Thành','Tien Thanh Ward','tien_thanh','68',3,NULL,NULL),(2349,'22960','Bình Thuận','Binh Thuan','Phường Bình Thuận','Binh Thuan Ward','binh_thuan','68',3,NULL,NULL),(2350,'23231','Phước Hội','Phuoc Hoi','Phường Phước Hội','Phuoc Hoi Ward','phuoc_hoi','68',3,NULL,NULL),(2351,'23235','La Gi','La Gi','Phường La Gi','La Gi Ward','la_gi','68',3,NULL,NULL),(2352,'24611','Bắc Gia Nghĩa','Bac Gia Nghia','Phường Bắc Gia Nghĩa','Bac Gia Nghia Ward','bac_gia_nghia','68',3,NULL,NULL),(2353,'24615','Nam Gia Nghĩa','Nam Gia Nghia','Phường Nam Gia Nghĩa','Nam Gia Nghia Ward','nam_gia_nghia','68',3,NULL,NULL),(2354,'24617','Đông Gia Nghĩa','Dong Gia Nghia','Phường Đông Gia Nghĩa','Dong Gia Nghia Ward','dong_gia_nghia','68',3,NULL,NULL),(2355,'24778','Lâm Viên - Đà Lạt','Lam Vien - Da Lat','Phường Lâm Viên - Đà Lạt','Lam Vien - Da Lat Ward','lam_vien_da_lat','68',3,NULL,NULL),(2356,'24781','Xuân Hương - Đà Lạt','Xuan Huong - Da Lat','Phường Xuân Hương - Đà Lạt','Xuan Huong - Da Lat Ward','xuan_huong_da_lat','68',3,NULL,NULL),(2357,'24787','Cam Ly - Đà Lạt','Cam Ly - Da Lat','Phường Cam Ly - Đà Lạt','Cam Ly - Da Lat Ward','cam_ly_da_lat','68',3,NULL,NULL),(2358,'24805','Xuân Trường - Đà Lạt','Xuan Truong - Da Lat','Phường Xuân Trường - Đà Lạt','Xuan Truong - Da Lat Ward','xuan_truong_da_lat','68',3,NULL,NULL),(2359,'24820','2 Bảo Lộc','2 Bao Loc','Phường 2 Bảo Lộc','2 Bao Loc Ward','2_bao_loc','68',3,NULL,NULL),(2360,'24823','1 Bảo Lộc','1 Bao Loc','Phường 1 Bảo Lộc','1 Bao Loc Ward','1_bao_loc','68',3,NULL,NULL),(2361,'24829','B\'Lao','B\'Lao','Phường B\'Lao','B\'Lao Ward','blao','68',3,NULL,NULL),(2362,'24841','3 Bảo Lộc','3 Bao Loc','Phường 3 Bảo Lộc','3 Bao Loc Ward','3_bao_loc','68',3,NULL,NULL),(2363,'24846','Lang Biang - Đà Lạt','Lang Biang - Da Lat','Phường Lang Biang - Đà Lạt','Lang Biang - Da Lat Ward','lang_biang_da_lat','68',3,NULL,NULL),(2364,'22963','Tuyên Quang','Tuyen Quang','Xã Tuyên Quang','Tuyen Quang Commune','tuyen_quang','68',4,NULL,NULL),(2365,'22969','Liên Hương','Lien Huong','Xã Liên Hương','Lien Huong Commune','lien_huong','68',4,NULL,NULL),(2366,'22972','Phan Rí Cửa','Phan Ri Cua','Xã Phan Rí Cửa','Phan Ri Cua Commune','phan_ri_cua','68',4,NULL,NULL),(2367,'22978','Tuy Phong','Tuy Phong','Xã Tuy Phong','Tuy Phong Commune','tuy_phong','68',4,NULL,NULL),(2368,'22981','Vĩnh Hảo','Vinh Hao','Xã Vĩnh Hảo','Vinh Hao Commune','vinh_hao','68',4,NULL,NULL),(2369,'23005','Bắc Bình','Bac Binh','Xã Bắc Bình','Bac Binh Commune','bac_binh','68',4,NULL,NULL),(2370,'23008','Phan Sơn','Phan Son','Xã Phan Sơn','Phan Son Commune','phan_son','68',4,NULL,NULL),(2371,'23020','Hải Ninh','Hai Ninh','Xã Hải Ninh','Hai Ninh Commune','hai_ninh','68',4,NULL,NULL),(2372,'23023','Sông Lũy','Song Luy','Xã Sông Lũy','Song Luy Commune','song_luy','68',4,NULL,NULL),(2373,'23032','Lương Sơn','Luong Son','Xã Lương Sơn','Luong Son Commune','luong_son','68',4,NULL,NULL),(2374,'23041','Hồng Thái','Hong Thai','Xã Hồng Thái','Hong Thai Commune','hong_thai','68',4,NULL,NULL),(2375,'23053','Hòa Thắng','Hoa Thang','Xã Hòa Thắng','Hoa Thang Commune','hoa_thang','68',4,NULL,NULL),(2376,'23059','Hàm Thuận','Ham Thuan','Xã Hàm Thuận','Ham Thuan Commune','ham_thuan','68',4,NULL,NULL),(2377,'23065','La Dạ','La Da','Xã La Dạ','La Da Commune','la_da','68',4,NULL,NULL),(2378,'23074','Đông Giang','Dong Giang','Xã Đông Giang','Dong Giang Commune','dong_giang','68',4,NULL,NULL),(2379,'23086','Hồng Sơn','Hong Son','Xã Hồng Sơn','Hong Son Commune','hong_son','68',4,NULL,NULL),(2380,'23089','Hàm Thuận Bắc','Ham Thuan Bac','Xã Hàm Thuận Bắc','Ham Thuan Bac Commune','ham_thuan_bac','68',4,NULL,NULL),(2381,'23095','Hàm Liêm','Ham Liem','Xã Hàm Liêm','Ham Liem Commune','ham_liem','68',4,NULL,NULL),(2382,'23110','Hàm Thuận Nam','Ham Thuan Nam','Xã Hàm Thuận Nam','Ham Thuan Nam Commune','ham_thuan_nam','68',4,NULL,NULL),(2383,'23122','Hàm Thạnh','Ham Thanh','Xã Hàm Thạnh','Ham Thanh Commune','ham_thanh','68',4,NULL,NULL),(2384,'23128','Hàm Kiệm','Ham Kiem','Xã Hàm Kiệm','Ham Kiem Commune','ham_kiem','68',4,NULL,NULL),(2385,'23134','Tân Lập','Tan Lap','Xã Tân Lập','Tan Lap Commune','tan_lap','68',4,NULL,NULL),(2386,'23143','Tân Thành','Tan Thanh','Xã Tân Thành','Tan Thanh Commune','tan_thanh','68',4,NULL,NULL),(2387,'23149','Tánh Linh','Tanh Linh','Xã Tánh Linh','Tanh Linh Commune','tanh_linh','68',4,NULL,NULL),(2388,'23152','Bắc Ruộng','Bac Ruong','Xã Bắc Ruộng','Bac Ruong Commune','bac_ruong','68',4,NULL,NULL),(2389,'23158','Nghị Đức','Nghi Duc','Xã Nghị Đức','Nghi Duc Commune','nghi_duc','68',4,NULL,NULL),(2390,'23173','Đồng Kho','Dong Kho','Xã Đồng Kho','Dong Kho Commune','dong_kho','68',4,NULL,NULL),(2391,'23188','Suối Kiết','Suoi Kiet','Xã Suối Kiết','Suoi Kiet Commune','suoi_kiet','68',4,NULL,NULL),(2392,'23191','Đức Linh','Duc Linh','Xã Đức Linh','Duc Linh Commune','duc_linh','68',4,NULL,NULL),(2393,'23194','Hoài Đức','Hoai Duc','Xã Hoài Đức','Hoai Duc Commune','hoai_duc','68',4,NULL,NULL),(2394,'23200','Nam Thành','Nam Thanh','Xã Nam Thành','Nam Thanh Commune','nam_thanh','68',4,NULL,NULL),(2395,'23227','Trà Tân','Tra Tan','Xã Trà Tân','Tra Tan Commune','tra_tan','68',4,NULL,NULL),(2396,'23230','Tân Minh','Tan Minh','Xã Tân Minh','Tan Minh Commune','tan_minh','68',4,NULL,NULL),(2397,'23236','Hàm Tân','Ham Tan','Xã Hàm Tân','Ham Tan Commune','ham_tan','68',4,NULL,NULL),(2398,'23246','Tân Hải','Tan Hai','Xã Tân Hải','Tan Hai Commune','tan_hai','68',4,NULL,NULL),(2399,'23266','Sơn Mỹ','Son My','Xã Sơn Mỹ','Son My Commune','son_my','68',4,NULL,NULL),(2400,'24616','Quảng Sơn','Quang Son','Xã Quảng Sơn','Quang Son Commune','quang_son','68',4,NULL,NULL),(2401,'24620','Quảng Hòa','Quang Hoa','Xã Quảng Hòa','Quang Hoa Commune','quang_hoa','68',4,NULL,NULL),(2402,'24631','Quảng Khê','Quang Khe','Xã Quảng Khê','Quang Khe Commune','quang_khe','68',4,NULL,NULL),(2403,'24637','Tà Đùng','Ta Dung','Xã Tà Đùng','Ta Dung Commune','ta_dung','68',4,NULL,NULL),(2404,'24640','Cư Jút','Cu Jut','Xã Cư Jút','Cu Jut Commune','cu_jut','68',4,NULL,NULL),(2405,'24646','Đắk Wil','Dak Wil','Xã Đắk Wil','Dak Wil Commune','dak_wil','68',4,NULL,NULL),(2406,'24649','Nam Dong','Nam Dong','Xã Nam Dong','Nam Dong Commune','nam_dong','68',4,NULL,NULL),(2407,'24664','Đức Lập','Duc Lap','Xã Đức Lập','Duc Lap Commune','duc_lap','68',4,NULL,NULL),(2408,'24670','Đắk Mil','Dak Mil','Xã Đắk Mil','Dak Mil Commune','dak_mil','68',4,NULL,NULL),(2409,'24678','Đắk Sắk','Dak Sak','Xã Đắk Sắk','Dak Sak Commune','dak_sak','68',4,NULL,NULL),(2410,'24682','Thuận An','Thuan An','Xã Thuận An','Thuan An Commune','thuan_an','68',4,NULL,NULL),(2411,'24688','Krông Nô','Krong No','Xã Krông Nô','Krong No Commune','krong_no','68',4,NULL,NULL),(2412,'24697','Nam Đà','Nam Da','Xã Nam Đà','Nam Da Commune','nam_da','68',4,NULL,NULL),(2413,'24703','Nâm Nung','Nam Nung','Xã Nâm Nung','Nam Nung Commune','nam_nung','68',4,NULL,NULL),(2414,'24712','Quảng Phú','Quang Phu','Xã Quảng Phú','Quang Phu Commune','quang_phu','68',4,NULL,NULL),(2415,'24717','Đức An','Duc An','Xã Đức An','Duc An Commune','duc_an','68',4,NULL,NULL),(2416,'24718','Đắk Song','Dak Song','Xã Đắk Song','Dak Song Commune','dak_song','68',4,NULL,NULL),(2417,'24722','Thuận Hạnh','Thuan Hanh','Xã Thuận Hạnh','Thuan Hanh Commune','thuan_hanh','68',4,NULL,NULL),(2418,'24730','Trường Xuân','Truong Xuan','Xã Trường Xuân','Truong Xuan Commune','truong_xuan','68',4,NULL,NULL),(2419,'24733','Kiến Đức','Kien Duc','Xã Kiến Đức','Kien Duc Commune','kien_duc','68',4,NULL,NULL),(2420,'24736','Quảng Trực','Quang Truc','Xã Quảng Trực','Quang Truc Commune','quang_truc','68',4,NULL,NULL),(2421,'24739','Tuy Đức','Tuy Duc','Xã Tuy Đức','Tuy Duc Commune','tuy_duc','68',4,NULL,NULL),(2422,'24748','Quảng Tân','Quang Tan','Xã Quảng Tân','Quang Tan Commune','quang_tan','68',4,NULL,NULL),(2423,'24751','Nhân Cơ','Nhan Co','Xã Nhân Cơ','Nhan Co Commune','nhan_co','68',4,NULL,NULL),(2424,'24760','Quảng Tín','Quang Tin','Xã Quảng Tín','Quang Tin Commune','quang_tin','68',4,NULL,NULL),(2425,'24848','Lạc Dương','Lac Duong','Xã Lạc Dương','Lac Duong Commune','lac_duong','68',4,NULL,NULL),(2426,'24853','Đam Rông 4','Dam Rong 4','Xã Đam Rông 4','Dam Rong 4 Commune','dam_rong_4','68',4,NULL,NULL),(2427,'24868','Nam Ban Lâm Hà','Nam Ban Lam Ha','Xã Nam Ban Lâm Hà','Nam Ban Lam Ha Commune','nam_ban_lam_ha','68',4,NULL,NULL),(2428,'24871','Đinh Văn Lâm Hà','Dinh Van Lam Ha','Xã Đinh Văn Lâm Hà','Dinh Van Lam Ha Commune','dinh_van_lam_ha','68',4,NULL,NULL),(2429,'24875','Đam Rông 3','Dam Rong 3','Xã Đam Rông 3','Dam Rong 3 Commune','dam_rong_3','68',4,NULL,NULL),(2430,'24877','Đam Rông 2','Dam Rong 2','Xã Đam Rông 2','Dam Rong 2 Commune','dam_rong_2','68',4,NULL,NULL),(2431,'24883','Nam Hà Lâm Hà','Nam Ha Lam Ha','Xã Nam Hà Lâm Hà','Nam Ha Lam Ha Commune','nam_ha_lam_ha','68',4,NULL,NULL),(2432,'24886','Đam Rông 1','Dam Rong 1','Xã Đam Rông 1','Dam Rong 1 Commune','dam_rong_1','68',4,NULL,NULL),(2433,'24895','Phú Sơn Lâm Hà','Phu Son Lam Ha','Xã Phú Sơn Lâm Hà','Phu Son Lam Ha Commune','phu_son_lam_ha','68',4,NULL,NULL),(2434,'24907','Phúc Thọ Lâm Hà','Phuc Tho Lam Ha','Xã Phúc Thọ Lâm Hà','Phuc Tho Lam Ha Commune','phuc_tho_lam_ha','68',4,NULL,NULL),(2435,'24916','Tân Hà Lâm Hà','Tan Ha Lam Ha','Xã Tân Hà Lâm Hà','Tan Ha Lam Ha Commune','tan_ha_lam_ha','68',4,NULL,NULL),(2436,'24931','Đơn Dương','Don Duong','Xã Đơn Dương','Don Duong Commune','don_duong','68',4,NULL,NULL),(2437,'24934','D\'Ran','D\'Ran','Xã D\'Ran','D\'Ran Commune','dran','68',4,NULL,NULL),(2438,'24943','Ka Đô','Ka Do','Xã Ka Đô','Ka Do Commune','ka_do','68',4,NULL,NULL),(2439,'24955','Quảng Lập','Quang Lap','Xã Quảng Lập','Quang Lap Commune','quang_lap','68',4,NULL,NULL),(2440,'24958','Đức Trọng','Duc Trong','Xã Đức Trọng','Duc Trong Commune','duc_trong','68',4,NULL,NULL),(2441,'24967','Hiệp Thạnh','Hiep Thanh','Xã Hiệp Thạnh','Hiep Thanh Commune','hiep_thanh','68',4,NULL,NULL),(2442,'24976','Tân Hội','Tan Hoi','Xã Tân Hội','Tan Hoi Commune','tan_hoi','68',4,NULL,NULL),(2443,'24985','Ninh Gia','Ninh Gia','Xã Ninh Gia','Ninh Gia Commune','ninh_gia','68',4,NULL,NULL),(2444,'24988','Tà Năng','Ta Nang','Xã Tà Năng','Ta Nang Commune','ta_nang','68',4,NULL,NULL),(2445,'24991','Tà Hine','Ta Hine','Xã Tà Hine','Ta Hine Commune','ta_hine','68',4,NULL,NULL),(2446,'25000','Di Linh','Di Linh','Xã Di Linh','Di Linh Commune','di_linh','68',4,NULL,NULL),(2447,'25007','Đinh Trang Thượng','Dinh Trang Thuong','Xã Đinh Trang Thượng','Dinh Trang Thuong Commune','dinh_trang_thuong','68',4,NULL,NULL),(2448,'25015','Gia Hiệp','Gia Hiep','Xã Gia Hiệp','Gia Hiep Commune','gia_hiep','68',4,NULL,NULL),(2449,'25018','Bảo Thuận','Bao Thuan','Xã Bảo Thuận','Bao Thuan Commune','bao_thuan','68',4,NULL,NULL),(2450,'25036','Hòa Ninh','Hoa Ninh','Xã Hòa Ninh','Hoa Ninh Commune','hoa_ninh','68',4,NULL,NULL),(2451,'25042','Hòa Bắc','Hoa Bac','Xã Hòa Bắc','Hoa Bac Commune','hoa_bac','68',4,NULL,NULL),(2452,'25051','Sơn Điền','Son Dien','Xã Sơn Điền','Son Dien Commune','son_dien','68',4,NULL,NULL),(2453,'25054','Bảo Lâm 1','Bao Lam 1','Xã Bảo Lâm 1','Bao Lam 1 Commune','bao_lam_1','68',4,NULL,NULL),(2454,'25057','Bảo Lâm 5','Bao Lam 5','Xã Bảo Lâm 5','Bao Lam 5 Commune','bao_lam_5','68',4,NULL,NULL),(2455,'25063','Bảo Lâm 4','Bao Lam 4','Xã Bảo Lâm 4','Bao Lam 4 Commune','bao_lam_4','68',4,NULL,NULL),(2456,'25084','Bảo Lâm 2','Bao Lam 2','Xã Bảo Lâm 2','Bao Lam 2 Commune','bao_lam_2','68',4,NULL,NULL),(2457,'25093','Bảo Lâm 3','Bao Lam 3','Xã Bảo Lâm 3','Bao Lam 3 Commune','bao_lam_3','68',4,NULL,NULL),(2458,'25099','Đạ Huoai','Da Huoai','Xã Đạ Huoai','Da Huoai Commune','da_huoai','68',4,NULL,NULL),(2459,'25105','Đạ Huoai 2','Da Huoai 2','Xã Đạ Huoai 2','Da Huoai 2 Commune','da_huoai_2','68',4,NULL,NULL),(2460,'25114','Đạ Huoai 3','Da Huoai 3','Xã Đạ Huoai 3','Da Huoai 3 Commune','da_huoai_3','68',4,NULL,NULL),(2461,'25126','Đạ Tẻh','Da Teh','Xã Đạ Tẻh','Da Teh Commune','da_teh','68',4,NULL,NULL),(2462,'25135','Đạ Tẻh 3','Da Teh 3','Xã Đạ Tẻh 3','Da Teh 3 Commune','da_teh_3','68',4,NULL,NULL),(2463,'25138','Đạ Tẻh 2','Da Teh 2','Xã Đạ Tẻh 2','Da Teh 2 Commune','da_teh_2','68',4,NULL,NULL),(2464,'25159','Cát Tiên','Cat Tien','Xã Cát Tiên','Cat Tien Commune','cat_tien','68',4,NULL,NULL),(2465,'25162','Cát Tiên 3','Cat Tien 3','Xã Cát Tiên 3','Cat Tien 3 Commune','cat_tien_3','68',4,NULL,NULL),(2466,'25180','Cát Tiên 2','Cat Tien 2','Xã Cát Tiên 2','Cat Tien 2 Commune','cat_tien_2','68',4,NULL,NULL),(2467,'23272','Phú Quý','Phu Quy','Đặc khu Phú Quý','Phu Quy Special administrative region','phu_quy','68',5,NULL,NULL),(2468,'25195','Bình Phước','Binh Phuoc','Phường Bình Phước','Binh Phuoc Ward','binh_phuoc','75',3,NULL,NULL),(2469,'25210','Đồng Xoài','Dong Xoai','Phường Đồng Xoài','Dong Xoai Ward','dong_xoai','75',3,NULL,NULL),(2470,'25217','Phước Long','Phuoc Long','Phường Phước Long','Phuoc Long Ward','phuoc_long','75',3,NULL,NULL),(2471,'25220','Phước Bình','Phuoc Binh','Phường Phước Bình','Phuoc Binh Ward','phuoc_binh','75',3,NULL,NULL),(2472,'25326','Bình Long','Binh Long','Phường Bình Long','Binh Long Ward','binh_long','75',3,NULL,NULL),(2473,'25333','An Lộc','An Loc','Phường An Lộc','An Loc Ward','an_loc','75',3,NULL,NULL),(2474,'25432','Chơn Thành','Chon Thanh','Phường Chơn Thành','Chon Thanh Ward','chon_thanh','75',3,NULL,NULL),(2475,'25441','Minh Hưng','Minh Hung','Phường Minh Hưng','Minh Hung Ward','minh_hung','75',3,NULL,NULL),(2476,'25993','Trảng Dài','Trang Dai','Phường Trảng Dài','Trang Dai Ward','trang_dai','75',3,NULL,NULL),(2477,'26005','Hố Nai','Ho Nai','Phường Hố Nai','Ho Nai Ward','ho_nai','75',3,NULL,NULL),(2478,'26017','Tam Hiệp','Tam Hiep','Phường Tam Hiệp','Tam Hiep Ward','tam_hiep','75',3,NULL,NULL),(2479,'26020','Long Bình','Long Binh','Phường Long Bình','Long Binh Ward','long_binh','75',3,NULL,NULL),(2480,'26041','Trấn Biên','Tran Bien','Phường Trấn Biên','Tran Bien Ward','tran_bien','75',3,NULL,NULL),(2481,'26068','Biên Hòa','Bien Hoa','Phường Biên Hòa','Bien Hoa Ward','bien_hoa','75',3,NULL,NULL),(2482,'26080','Long Khánh','Long Khanh','Phường Long Khánh','Long Khanh Ward','long_khanh','75',3,NULL,NULL),(2483,'26089','Bình Lộc','Binh Loc','Phường Bình Lộc','Binh Loc Ward','binh_loc','75',3,NULL,NULL),(2484,'26098','Bảo Vinh','Bao Vinh','Phường Bảo Vinh','Bao Vinh Ward','bao_vinh','75',3,NULL,NULL),(2485,'26104','Xuân Lập','Xuan Lap','Phường Xuân Lập','Xuan Lap Ward','xuan_lap','75',3,NULL,NULL),(2486,'26113','Hàng Gòn','Hang Gon','Phường Hàng Gòn','Hang Gon Ward','hang_gon','75',3,NULL,NULL),(2487,'26188','Tân Triều','Tan Trieu','Phường Tân Triều','Tan Trieu Ward','tan_trieu','75',3,NULL,NULL),(2488,'26374','Tam Phước','Tam Phuoc','Phường Tam Phước','Tam Phuoc Ward','tam_phuoc','75',3,NULL,NULL),(2489,'26377','Phước Tân','Phuoc Tan','Phường Phước Tân','Phuoc Tan Ward','phuoc_tan','75',3,NULL,NULL),(2490,'26380','Long Hưng','Long Hung','Phường Long Hưng','Long Hung Ward','long_hung','75',3,NULL,NULL),(2491,'25222','Bù Gia Mập','Bu Gia Map','Xã Bù Gia Mập','Bu Gia Map Commune','bu_gia_map','75',4,NULL,NULL),(2492,'25225','Đăk Ơ','Dak O','Xã Đăk Ơ','Dak O Commune','dak_o','75',4,NULL,NULL),(2493,'25231','Đa Kia 1','Da Kia 1','Xã Đa Kia 1','Da Kia 1 Commune','da_kia_1','75',4,NULL,NULL),(2494,'25246','Bình Tân','Binh Tan','Xã Bình Tân','Binh Tan Commune','binh_tan','75',4,NULL,NULL),(2495,'25252','Phú Riềng','Phu Rieng','Xã Phú Riềng','Phu Rieng Commune','phu_rieng','75',4,NULL,NULL),(2496,'25255','Long Hà','Long Ha','Xã Long Hà','Long Ha Commune','long_ha','75',4,NULL,NULL),(2497,'25261','Phú Trung','Phu Trung','Xã Phú Trung','Phu Trung Commune','phu_trung','75',4,NULL,NULL),(2498,'25267','Phú Nghĩa','Phu Nghia','Xã Phú Nghĩa','Phu Nghia Commune','phu_nghia','75',4,NULL,NULL),(2499,'25270','Lộc Ninh','Loc Ninh','Xã Lộc Ninh','Loc Ninh Commune','loc_ninh','75',4,NULL,NULL),(2500,'25279','Lộc Tấn','Loc Tan','Xã Lộc Tấn','Loc Tan Commune','loc_tan','75',4,NULL,NULL),(2501,'25280','Lộc Thạnh','Loc Thanh','Xã Lộc Thạnh','Loc Thanh Commune','loc_thanh','75',4,NULL,NULL),(2502,'25292','Lộc Quang','Loc Quang','Xã Lộc Quang','Loc Quang Commune','loc_quang','75',4,NULL,NULL),(2503,'25294','Lộc Thành','Loc Thanh','Xã Lộc Thành','Loc Thanh Commune','loc_thanh','75',4,NULL,NULL),(2504,'25303','Lộc Hưng','Loc Hung','Xã Lộc Hưng','Loc Hung Commune','loc_hung','75',4,NULL,NULL),(2505,'25308','Thiện Hưng','Thien Hung','Xã Thiện Hưng','Thien Hung Commune','thien_hung','75',4,NULL,NULL),(2506,'25309','Hưng Phước','Hung Phuoc','Xã Hưng Phước','Hung Phuoc Commune','hung_phuoc','75',4,NULL,NULL),(2507,'25318','Tân Tiến','Tan Tien','Xã Tân Tiến','Tan Tien Commune','tan_tien','75',4,NULL,NULL),(2508,'25345','Tân Hưng','Tan Hung','Xã Tân Hưng','Tan Hung Commune','tan_hung','75',4,NULL,NULL),(2509,'25349','Minh Đức','Minh Duc','Xã Minh Đức','Minh Duc Commune','minh_duc','75',4,NULL,NULL),(2510,'25351','Tân Quan','Tan Quan','Xã Tân Quan','Tan Quan Commune','tan_quan','75',4,NULL,NULL),(2511,'25357','Tân Khai','Tan Khai','Xã Tân Khai','Tan Khai Commune','tan_khai','75',4,NULL,NULL),(2512,'25363','Đồng Phú','Dong Phu','Xã Đồng Phú','Dong Phu Commune','dong_phu','75',4,NULL,NULL),(2513,'25378','Tân Lợi','Tan Loi','Xã Tân Lợi','Tan Loi Commune','tan_loi','75',4,NULL,NULL),(2514,'25387','Thuận Lợi','Thuan Loi','Xã Thuận Lợi','Thuan Loi Commune','thuan_loi','75',4,NULL,NULL),(2515,'25390','Đồng Tâm','Dong Tam','Xã Đồng Tâm','Dong Tam Commune','dong_tam','75',4,NULL,NULL),(2516,'25396','Bù Đăng','Bu Dang','Xã Bù Đăng','Bu Dang Commune','bu_dang','75',4,NULL,NULL),(2517,'25399','Đak Nhau','Dak Nhau','Xã Đak Nhau','Dak Nhau Commune','dak_nhau','75',4,NULL,NULL),(2518,'25402','Thọ Sơn','Tho Son','Xã Thọ Sơn','Tho Son Commune','tho_son','75',4,NULL,NULL),(2519,'25405','Bom Bo','Bom Bo','Xã Bom Bo','Bom Bo Commune','bom_bo','75',4,NULL,NULL),(2520,'25417','Nghĩa Trung','Nghia Trung','Xã Nghĩa Trung','Nghia Trung Commune','nghia_trung','75',4,NULL,NULL),(2521,'25420','Phước Sơn','Phuoc Son','Xã Phước Sơn','Phuoc Son Commune','phuoc_son','75',4,NULL,NULL),(2522,'25450','Nha Bích','Nha Bich','Xã Nha Bích','Nha Bich Commune','nha_bich','75',4,NULL,NULL),(2523,'26116','Tân Phú','Tan Phu','Xã Tân Phú','Tan Phu Commune','tan_phu','75',4,NULL,NULL),(2524,'26119','Đak Lua','Dak Lua','Xã Đak Lua','Dak Lua Commune','dak_lua','75',4,NULL,NULL),(2525,'26122','Nam Cát Tiên','Nam Cat Tien','Xã Nam Cát Tiên','Nam Cat Tien Commune','nam_cat_tien','75',4,NULL,NULL),(2526,'26134','Tà Lài','Ta Lai','Xã Tà Lài','Ta Lai Commune','ta_lai','75',4,NULL,NULL),(2527,'26158','Phú Lâm','Phu Lam','Xã Phú Lâm','Phu Lam Commune','phu_lam','75',4,NULL,NULL),(2528,'26170','Trị An','Tri An','Xã Trị An','Tri An Commune','tri_an','75',4,NULL,NULL),(2529,'26173','Phú Lý','Phu Ly','Xã Phú Lý','Phu Ly Commune','phu_ly','75',4,NULL,NULL),(2530,'26179','Tân An','Tan An','Xã Tân An','Tan An Commune','tan_an','75',4,NULL,NULL),(2531,'26206','Định Quán','Dinh Quan','Xã Định Quán','Dinh Quan Commune','dinh_quan','75',4,NULL,NULL),(2532,'26209','Thanh Sơn','Thanh Son','Xã Thanh Sơn','Thanh Son Commune','thanh_son','75',4,NULL,NULL),(2533,'26215','Phú Vinh','Phu Vinh','Xã Phú Vinh','Phu Vinh Commune','phu_vinh','75',4,NULL,NULL),(2534,'26221','Phú Hòa','Phu Hoa','Xã Phú Hòa','Phu Hoa Commune','phu_hoa','75',4,NULL,NULL),(2535,'26227','La Ngà','La Nga','Xã La Ngà','La Nga Commune','la_nga','75',4,NULL,NULL),(2536,'26248','Trảng Bom','Trang Bom','Xã Trảng Bom','Trang Bom Commune','trang_bom','75',4,NULL,NULL),(2537,'26254','Bàu Hàm','Bau Ham','Xã Bàu Hàm','Bau Ham Commune','bau_ham','75',4,NULL,NULL),(2538,'26278','Bình Minh','Binh Minh','Xã Bình Minh','Binh Minh Commune','binh_minh','75',4,NULL,NULL),(2539,'26281','Hưng Thịnh','Hung Thinh','Xã Hưng Thịnh','Hung Thinh Commune','hung_thinh','75',4,NULL,NULL),(2540,'26296','An Viễn','An Vien','Xã An Viễn','An Vien Commune','an_vien','75',4,NULL,NULL),(2541,'26299','Thống Nhất','Thong Nhat','Xã Thống Nhất','Thong Nhat Commune','thong_nhat','75',4,NULL,NULL),(2542,'26311','Gia Kiệm','Gia Kiem','Xã Gia Kiệm','Gia Kiem Commune','gia_kiem','75',4,NULL,NULL),(2543,'26326','Dầu Giây','Dau Giay','Xã Dầu Giây','Dau Giay Commune','dau_giay','75',4,NULL,NULL),(2544,'26332','Xuân Quế','Xuan Que','Xã Xuân Quế','Xuan Que Commune','xuan_que','75',4,NULL,NULL),(2545,'26341','Cẩm Mỹ','Cam My','Xã Cẩm Mỹ','Cam My Commune','cam_my','75',4,NULL,NULL),(2546,'26347','Xuân Đường','Xuan Duong','Xã Xuân Đường','Xuan Duong Commune','xuan_duong','75',4,NULL,NULL),(2547,'26359','Xuân Đông','Xuan Dong','Xã Xuân Đông','Xuan Dong Commune','xuan_dong','75',4,NULL,NULL),(2548,'26362','Sông Ray','Song Ray','Xã Sông Ray','Song Ray Commune','song_ray','75',4,NULL,NULL),(2549,'26368','Long Thành','Long Thanh','Xã Long Thành','Long Thanh Commune','long_thanh','75',4,NULL,NULL),(2550,'26383','An Phước','An Phuoc','Xã An Phước','An Phuoc Commune','an_phuoc','75',4,NULL,NULL),(2551,'26389','Bình An','Binh An','Xã Bình An','Binh An Commune','binh_an','75',4,NULL,NULL),(2552,'26413','Long Phước','Long Phuoc','Xã Long Phước','Long Phuoc Commune','long_phuoc','75',4,NULL,NULL),(2553,'26422','Phước Thái','Phuoc Thai','Xã Phước Thái','Phuoc Thai Commune','phuoc_thai','75',4,NULL,NULL),(2554,'26425','Xuân Lộc','Xuan Loc','Xã Xuân Lộc','Xuan Loc Commune','xuan_loc','75',4,NULL,NULL),(2555,'26428','Xuân Bắc','Xuan Bac','Xã Xuân Bắc','Xuan Bac Commune','xuan_bac','75',4,NULL,NULL),(2556,'26434','Xuân Thành','Xuan Thanh','Xã Xuân Thành','Xuan Thanh Commune','xuan_thanh','75',4,NULL,NULL),(2557,'26446','Xuân Hòa','Xuan Hoa','Xã Xuân Hòa','Xuan Hoa Commune','xuan_hoa','75',4,NULL,NULL),(2558,'26458','Xuân Phú','Xuan Phu','Xã Xuân Phú','Xuan Phu Commune','xuan_phu','75',4,NULL,NULL),(2559,'26461','Xuân Định','Xuan Dinh','Xã Xuân Định','Xuan Dinh Commune','xuan_dinh','75',4,NULL,NULL),(2560,'26485','Nhơn Trạch','Nhon Trach','Xã Nhơn Trạch','Nhon Trach Commune','nhon_trach','75',4,NULL,NULL),(2561,'26491','Đại Phước','Dai Phuoc','Xã Đại Phước','Dai Phuoc Commune','dai_phuoc','75',4,NULL,NULL),(2562,'26503','Phước An','Phuoc An','Xã Phước An','Phuoc An Commune','phuoc_an','75',4,NULL,NULL),(2563,'25747','Thủ Dầu Một','Thu Dau Mot','Phường Thủ Dầu Một','Thu Dau Mot Ward','thu_dau_mot','79',3,NULL,NULL),(2564,'25750','Phú Lợi','Phu Loi','Phường Phú Lợi','Phu Loi Ward','phu_loi','79',3,NULL,NULL),(2565,'25760','Bình Dương','Binh Duong','Phường Bình Dương','Binh Duong Ward','binh_duong','79',3,NULL,NULL),(2566,'25768','Phú An','Phu An','Phường Phú An','Phu An Ward','phu_an','79',3,NULL,NULL),(2567,'25771','Chánh Hiệp','Chanh Hiep','Phường Chánh Hiệp','Chanh Hiep Ward','chanh_hiep','79',3,NULL,NULL),(2568,'25813','Bến Cát','Ben Cat','Phường Bến Cát','Ben Cat Ward','ben_cat','79',3,NULL,NULL),(2569,'25837','Chánh Phú Hòa','Chanh Phu Hoa','Phường Chánh Phú Hòa','Chanh Phu Hoa Ward','chanh_phu_hoa','79',3,NULL,NULL),(2570,'25840','Long Nguyên','Long Nguyen','Phường Long Nguyên','Long Nguyen Ward','long_nguyen','79',3,NULL,NULL),(2571,'25843','Tây Nam','Tay Nam','Phường Tây Nam','Tay Nam Ward','tay_nam','79',3,NULL,NULL),(2572,'25846','Thới Hòa','Thoi Hoa','Phường Thới Hòa','Thoi Hoa Ward','thoi_hoa','79',3,NULL,NULL),(2573,'25849','Hòa Lợi','Hoa Loi','Phường Hòa Lợi','Hoa Loi Ward','hoa_loi','79',3,NULL,NULL),(2574,'25888','Tân Uyên','Tan Uyen','Phường Tân Uyên','Tan Uyen Ward','tan_uyen','79',3,NULL,NULL),(2575,'25891','Tân Khánh','Tan Khanh','Phường Tân Khánh','Tan Khanh Ward','tan_khanh','79',3,NULL,NULL),(2576,'25912','Vĩnh Tân','Vinh Tan','Phường Vĩnh Tân','Vinh Tan Ward','vinh_tan','79',3,NULL,NULL),(2577,'25915','Bình Cơ','Binh Co','Phường Bình Cơ','Binh Co Ward','binh_co','79',3,NULL,NULL),(2578,'25920','Tân Hiệp','Tan Hiep','Phường Tân Hiệp','Tan Hiep Ward','tan_hiep','79',3,NULL,NULL),(2579,'25942','Dĩ An','Di An','Phường Dĩ An','Di An Ward','di_an','79',3,NULL,NULL),(2580,'25945','Tân Đông Hiệp','Tan Dong Hiep','Phường Tân Đông Hiệp','Tan Dong Hiep Ward','tan_dong_hiep','79',3,NULL,NULL),(2581,'25951','Đông Hòa','Dong Hoa','Phường Đông Hòa','Dong Hoa Ward','dong_hoa','79',3,NULL,NULL),(2582,'25966','Lái Thiêu','Lai Thieu','Phường Lái Thiêu','Lai Thieu Ward','lai_thieu','79',3,NULL,NULL),(2583,'25969','Thuận Giao','Thuan Giao','Phường Thuận Giao','Thuan Giao Ward','thuan_giao','79',3,NULL,NULL),(2584,'25975','An Phú','An Phu','Phường An Phú','An Phu Ward','an_phu','79',3,NULL,NULL),(2585,'25978','Thuận An','Thuan An','Phường Thuận An','Thuan An Ward','thuan_an','79',3,NULL,NULL),(2586,'25987','Bình Hòa','Binh Hoa','Phường Bình Hòa','Binh Hoa Ward','binh_hoa','79',3,NULL,NULL),(2587,'26506','Vũng Tàu','Vung Tau','Phường Vũng Tàu','Vung Tau Ward','vung_tau','79',3,NULL,NULL),(2588,'26526','Tam Thắng','Tam Thang','Phường Tam Thắng','Tam Thang Ward','tam_thang','79',3,NULL,NULL),(2589,'26536','Rạch Dừa','Rach Dua','Phường Rạch Dừa','Rach Dua Ward','rach_dua','79',3,NULL,NULL),(2590,'26542','Phước Thắng','Phuoc Thang','Phường Phước Thắng','Phuoc Thang Ward','phuoc_thang','79',3,NULL,NULL),(2591,'26560','Bà Rịa','Ba Ria','Phường Bà Rịa','Ba Ria Ward','ba_ria','79',3,NULL,NULL),(2592,'26566','Long Hương','Long Huong','Phường Long Hương','Long Huong Ward','long_huong','79',3,NULL,NULL),(2593,'26572','Tam Long','Tam Long','Phường Tam Long','Tam Long Ward','tam_long','79',3,NULL,NULL),(2594,'26704','Phú Mỹ','Phu My','Phường Phú Mỹ','Phu My Ward','phu_my','79',3,NULL,NULL),(2595,'26710','Tân Hải','Tan Hai','Phường Tân Hải','Tan Hai Ward','tan_hai','79',3,NULL,NULL),(2596,'26713','Tân Phước','Tan Phuoc','Phường Tân Phước','Tan Phuoc Ward','tan_phuoc','79',3,NULL,NULL),(2597,'26725','Tân Thành','Tan Thanh','Phường Tân Thành','Tan Thanh Ward','tan_thanh','79',3,NULL,NULL),(2598,'26737','Tân Định','Tan Dinh','Phường Tân Định','Tan Dinh Ward','tan_dinh','79',3,NULL,NULL),(2599,'26740','Sài Gòn','Sai Gon','Phường Sài Gòn','Sai Gon Ward','sai_gon','79',3,NULL,NULL),(2600,'26743','Bến Thành','Ben Thanh','Phường Bến Thành','Ben Thanh Ward','ben_thanh','79',3,NULL,NULL),(2601,'26758','Cầu Ông Lãnh','Cau Ong Lanh','Phường Cầu Ông Lãnh','Cau Ong Lanh Ward','cau_ong_lanh','79',3,NULL,NULL),(2602,'26767','An Phú Đông','An Phu Dong','Phường An Phú Đông','An Phu Dong Ward','an_phu_dong','79',3,NULL,NULL),(2603,'26773','Thới An','Thoi An','Phường Thới An','Thoi An Ward','thoi_an','79',3,NULL,NULL),(2604,'26782','Tân Thới Hiệp','Tan Thoi Hiep','Phường Tân Thới Hiệp','Tan Thoi Hiep Ward','tan_thoi_hiep','79',3,NULL,NULL),(2605,'26785','Trung Mỹ Tây','Trung My Tay','Phường Trung Mỹ Tây','Trung My Tay Ward','trung_my_tay','79',3,NULL,NULL),(2606,'26791','Đông Hưng Thuận','Dong Hung Thuan','Phường Đông Hưng Thuận','Dong Hung Thuan Ward','dong_hung_thuan','79',3,NULL,NULL),(2607,'26800','Linh Xuân','Linh Xuan','Phường Linh Xuân','Linh Xuan Ward','linh_xuan','79',3,NULL,NULL),(2608,'26803','Tam Bình','Tam Binh','Phường Tam Bình','Tam Binh Ward','tam_binh','79',3,NULL,NULL),(2609,'26809','Hiệp Bình','Hiep Binh','Phường Hiệp Bình','Hiep Binh Ward','hiep_binh','79',3,NULL,NULL),(2610,'26824','Thủ Đức','Thu Duc','Phường Thủ Đức','Thu Duc Ward','thu_duc','79',3,NULL,NULL),(2611,'26833','Long Bình','Long Binh','Phường Long Bình','Long Binh Ward','long_binh','79',3,NULL,NULL),(2612,'26842','Tăng Nhơn Phú','Tang Nhon Phu','Phường Tăng Nhơn Phú','Tang Nhon Phu Ward','tang_nhon_phu','79',3,NULL,NULL),(2613,'26848','Phước Long','Phuoc Long','Phường Phước Long','Phuoc Long Ward','phuoc_long','79',3,NULL,NULL),(2614,'26857','Long Phước','Long Phuoc','Phường Long Phước','Long Phuoc Ward','long_phuoc','79',3,NULL,NULL),(2615,'26860','Long Trường','Long Truong','Phường Long Trường','Long Truong Ward','long_truong','79',3,NULL,NULL),(2616,'26876','An Nhơn','An Nhon','Phường An Nhơn','An Nhon Ward','an_nhon','79',3,NULL,NULL),(2617,'26878','An Hội Đông','An Hoi Dong','Phường An Hội Đông','An Hoi Dong Ward','an_hoi_dong','79',3,NULL,NULL),(2618,'26882','An Hội Tây','An Hoi Tay','Phường An Hội Tây','An Hoi Tay Ward','an_hoi_tay','79',3,NULL,NULL),(2619,'26884','Gò Vấp','Go Vap','Phường Gò Vấp','Go Vap Ward','go_vap','79',3,NULL,NULL),(2620,'26890','Hạnh Thông','Hanh Thong','Phường Hạnh Thông','Hanh Thong Ward','hanh_thong','79',3,NULL,NULL),(2621,'26898','Thông Tây Hội','Thong Tay Hoi','Phường Thông Tây Hội','Thong Tay Hoi Ward','thong_tay_hoi','79',3,NULL,NULL),(2622,'26905','Bình Lợi Trung','Binh Loi Trung','Phường Bình Lợi Trung','Binh Loi Trung Ward','binh_loi_trung','79',3,NULL,NULL),(2623,'26911','Bình Quới','Binh Quoi','Phường Bình Quới','Binh Quoi Ward','binh_quoi','79',3,NULL,NULL),(2624,'26929','Bình Thạnh','Binh Thanh','Phường Bình Thạnh','Binh Thanh Ward','binh_thanh','79',3,NULL,NULL),(2625,'26944','Gia Định','Gia Dinh','Phường Gia Định','Gia Dinh Ward','gia_dinh','79',3,NULL,NULL),(2626,'26956','Thạnh Mỹ Tây','Thanh My Tay','Phường Thạnh Mỹ Tây','Thanh My Tay Ward','thanh_my_tay','79',3,NULL,NULL),(2627,'26968','Tân Sơn Nhất','Tan Son Nhat','Phường Tân Sơn Nhất','Tan Son Nhat Ward','tan_son_nhat','79',3,NULL,NULL),(2628,'26977','Tân Sơn Hòa','Tan Son Hoa','Phường Tân Sơn Hòa','Tan Son Hoa Ward','tan_son_hoa','79',3,NULL,NULL),(2629,'26983','Bảy Hiền','Bay Hien','Phường Bảy Hiền','Bay Hien Ward','bay_hien','79',3,NULL,NULL),(2630,'26995','Tân Hòa','Tan Hoa','Phường Tân Hòa','Tan Hoa Ward','tan_hoa','79',3,NULL,NULL),(2631,'27004','Tân Bình','Tan Binh','Phường Tân Bình','Tan Binh Ward','tan_binh','79',3,NULL,NULL),(2632,'27007','Tân Sơn','Tan Son','Phường Tân Sơn','Tan Son Ward','tan_son','79',3,NULL,NULL),(2633,'27013','Tây Thạnh','Tay Thanh','Phường Tây Thạnh','Tay Thanh Ward','tay_thanh','79',3,NULL,NULL),(2634,'27019','Tân Sơn Nhì','Tan Son Nhi','Phường Tân Sơn Nhì','Tan Son Nhi Ward','tan_son_nhi','79',3,NULL,NULL),(2635,'27022','Phú Thọ Hòa','Phu Tho Hoa','Phường Phú Thọ Hòa','Phu Tho Hoa Ward','phu_tho_hoa','79',3,NULL,NULL),(2636,'27028','Phú Thạnh','Phu Thanh','Phường Phú Thạnh','Phu Thanh Ward','phu_thanh','79',3,NULL,NULL),(2637,'27031','Tân Phú','Tan Phu','Phường Tân Phú','Tan Phu Ward','tan_phu','79',3,NULL,NULL),(2638,'27043','Đức Nhuận','Duc Nhuan','Phường Đức Nhuận','Duc Nhuan Ward','duc_nhuan','79',3,NULL,NULL),(2639,'27058','Cầu Kiệu','Cau Kieu','Phường Cầu Kiệu','Cau Kieu Ward','cau_kieu','79',3,NULL,NULL),(2640,'27073','Phú Nhuận','Phu Nhuan','Phường Phú Nhuận','Phu Nhuan Ward','phu_nhuan','79',3,NULL,NULL),(2641,'27094','An Khánh','An Khanh','Phường An Khánh','An Khanh Ward','an_khanh','79',3,NULL,NULL),(2642,'27097','Bình Trưng','Binh Trung','Phường Bình Trưng','Binh Trung Ward','binh_trung','79',3,NULL,NULL),(2643,'27112','Cát Lái','Cat Lai','Phường Cát Lái','Cat Lai Ward','cat_lai','79',3,NULL,NULL),(2644,'27139','Xuân Hòa','Xuan Hoa','Phường Xuân Hòa','Xuan Hoa Ward','xuan_hoa','79',3,NULL,NULL),(2645,'27142','Nhiêu Lộc','Nhieu Loc','Phường Nhiêu Lộc','Nhieu Loc Ward','nhieu_loc','79',3,NULL,NULL),(2646,'27154','Bàn Cờ','Ban Co','Phường Bàn Cờ','Ban Co Ward','ban_co','79',3,NULL,NULL),(2647,'27163','Hòa Hưng','Hoa Hung','Phường Hòa Hưng','Hoa Hung Ward','hoa_hung','79',3,NULL,NULL),(2648,'27169','Diên Hồng','Dien Hong','Phường Diên Hồng','Dien Hong Ward','dien_hong','79',3,NULL,NULL),(2649,'27190','Vườn Lài','Vuon Lai','Phường Vườn Lài','Vuon Lai Ward','vuon_lai','79',3,NULL,NULL),(2650,'27211','Hòa Bình','Hoa Binh','Phường Hòa Bình','Hoa Binh Ward','hoa_binh','79',3,NULL,NULL),(2651,'27226','Phú Thọ','Phu Tho','Phường Phú Thọ','Phu Tho Ward','phu_tho','79',3,NULL,NULL),(2652,'27232','Bình Thới','Binh Thoi','Phường Bình Thới','Binh Thoi Ward','binh_thoi','79',3,NULL,NULL),(2653,'27238','Minh Phụng','Minh Phung','Phường Minh Phụng','Minh Phung Ward','minh_phung','79',3,NULL,NULL),(2654,'27259','Xóm Chiếu','Xom Chieu','Phường Xóm Chiếu','Xom Chieu Ward','xom_chieu','79',3,NULL,NULL),(2655,'27265','Khánh Hội','Khanh Hoi','Phường Khánh Hội','Khanh Hoi Ward','khanh_hoi','79',3,NULL,NULL),(2656,'27286','Vĩnh Hội','Vinh Hoi','Phường Vĩnh Hội','Vinh Hoi Ward','vinh_hoi','79',3,NULL,NULL),(2657,'27301','Chợ Quán','Cho Quan','Phường Chợ Quán','Cho Quan Ward','cho_quan','79',3,NULL,NULL),(2658,'27316','An Đông','An Dong','Phường An Đông','An Dong Ward','an_dong','79',3,NULL,NULL),(2659,'27343','Chợ Lớn','Cho Lon','Phường Chợ Lớn','Cho Lon Ward','cho_lon','79',3,NULL,NULL),(2660,'27349','Phú Lâm','Phu Lam','Phường Phú Lâm','Phu Lam Ward','phu_lam','79',3,NULL,NULL),(2661,'27364','Bình Phú','Binh Phu','Phường Bình Phú','Binh Phu Ward','binh_phu','79',3,NULL,NULL),(2662,'27367','Bình Tây','Binh Tay','Phường Bình Tây','Binh Tay Ward','binh_tay','79',3,NULL,NULL),(2663,'27373','Bình Tiên','Binh Tien','Phường Bình Tiên','Binh Tien Ward','binh_tien','79',3,NULL,NULL),(2664,'27418','Chánh Hưng','Chanh Hung','Phường Chánh Hưng','Chanh Hung Ward','chanh_hung','79',3,NULL,NULL),(2665,'27424','Bình Đông','Binh Dong','Phường Bình Đông','Binh Dong Ward','binh_dong','79',3,NULL,NULL),(2666,'27427','Phú Định','Phu Dinh','Phường Phú Định','Phu Dinh Ward','phu_dinh','79',3,NULL,NULL),(2667,'27439','Bình Hưng Hòa','Binh Hung Hoa','Phường Bình Hưng Hòa','Binh Hung Hoa Ward','binh_hung_hoa','79',3,NULL,NULL),(2668,'27442','Bình Tân','Binh Tan','Phường Bình Tân','Binh Tan Ward','binh_tan','79',3,NULL,NULL),(2669,'27448','Bình Trị Đông','Binh Tri Dong','Phường Bình Trị Đông','Binh Tri Dong Ward','binh_tri_dong','79',3,NULL,NULL),(2670,'27457','Tân Tạo','Tan Tao','Phường Tân Tạo','Tan Tao Ward','tan_tao','79',3,NULL,NULL),(2671,'27460','An Lạc','An Lac','Phường An Lạc','An Lac Ward','an_lac','79',3,NULL,NULL),(2672,'27475','Tân Hưng','Tan Hung','Phường Tân Hưng','Tan Hung Ward','tan_hung','79',3,NULL,NULL),(2673,'27478','Tân Thuận','Tan Thuan','Phường Tân Thuận','Tan Thuan Ward','tan_thuan','79',3,NULL,NULL),(2674,'27484','Phú Thuận','Phu Thuan','Phường Phú Thuận','Phu Thuan Ward','phu_thuan','79',3,NULL,NULL),(2675,'27487','Tân Mỹ','Tan My','Phường Tân Mỹ','Tan My Ward','tan_my','79',3,NULL,NULL),(2676,'25777','Dầu Tiếng','Dau Tieng','Xã Dầu Tiếng','Dau Tieng Commune','dau_tieng','79',4,NULL,NULL),(2677,'25780','Minh Thạnh','Minh Thanh','Xã Minh Thạnh','Minh Thanh Commune','minh_thanh','79',4,NULL,NULL),(2678,'25792','Long Hòa','Long Hoa','Xã Long Hòa','Long Hoa Commune','long_hoa','79',4,NULL,NULL),(2679,'25807','Thanh An','Thanh An','Xã Thanh An','Thanh An Commune','thanh_an','79',4,NULL,NULL),(2680,'25819','Trừ Văn Thố','Tru Van Tho','Xã Trừ Văn Thố','Tru Van Tho Commune','tru_van_tho','79',4,NULL,NULL),(2681,'25822','Bàu Bàng','Bau Bang','Xã Bàu Bàng','Bau Bang Commune','bau_bang','79',4,NULL,NULL),(2682,'25858','Phú Giáo','Phu Giao','Xã Phú Giáo','Phu Giao Commune','phu_giao','79',4,NULL,NULL),(2683,'25864','Phước Thành','Phuoc Thanh','Xã Phước Thành','Phuoc Thanh Commune','phuoc_thanh','79',4,NULL,NULL),(2684,'25867','An Long','An Long','Xã An Long','An Long Commune','an_long','79',4,NULL,NULL),(2685,'25882','Phước Hòa','Phuoc Hoa','Xã Phước Hòa','Phuoc Hoa Commune','phuoc_hoa','79',4,NULL,NULL),(2686,'25906','Bắc Tân Uyên','Bac Tan Uyen','Xã Bắc Tân Uyên','Bac Tan Uyen Commune','bac_tan_uyen','79',4,NULL,NULL),(2687,'25909','Thường Tân','Thuong Tan','Xã Thường Tân','Thuong Tan Commune','thuong_tan','79',4,NULL,NULL),(2688,'26545','Long Sơn','Long Son','Xã Long Sơn','Long Son Commune','long_son','79',4,NULL,NULL),(2689,'26575','Ngãi Giao','Ngai Giao','Xã Ngãi Giao','Ngai Giao Commune','ngai_giao','79',4,NULL,NULL),(2690,'26584','Xuân Sơn','Xuan Son','Xã Xuân Sơn','Xuan Son Commune','xuan_son','79',4,NULL,NULL),(2691,'26590','Bình Giã','Binh Gia','Xã Bình Giã','Binh Gia Commune','binh_gia','79',4,NULL,NULL),(2692,'26596','Châu Đức','Chau Duc','Xã Châu Đức','Chau Duc Commune','chau_duc','79',4,NULL,NULL),(2693,'26608','Kim Long','Kim Long','Xã Kim Long','Kim Long Commune','kim_long','79',4,NULL,NULL),(2694,'26617','Nghĩa Thành','Nghia Thanh','Xã Nghĩa Thành','Nghia Thanh Commune','nghia_thanh','79',4,NULL,NULL),(2695,'26620','Hồ Tràm','Ho Tram','Xã Hồ Tràm','Ho Tram Commune','ho_tram','79',4,NULL,NULL),(2696,'26632','Xuyên Mộc','Xuyen Moc','Xã Xuyên Mộc','Xuyen Moc Commune','xuyen_moc','79',4,NULL,NULL),(2697,'26638','Bàu Lâm','Bau Lam','Xã Bàu Lâm','Bau Lam Commune','bau_lam','79',4,NULL,NULL),(2698,'26641','Hòa Hội','Hoa Hoi','Xã Hòa Hội','Hoa Hoi Commune','hoa_hoi','79',4,NULL,NULL),(2699,'26647','Hòa Hiệp','Hoa Hiep','Xã Hòa Hiệp','Hoa Hiep Commune','hoa_hiep','79',4,NULL,NULL),(2700,'26656','Bình Châu','Binh Chau','Xã Bình Châu','Binh Chau Commune','binh_chau','79',4,NULL,NULL),(2701,'26659','Long Điền','Long Dien','Xã Long Điền','Long Dien Commune','long_dien','79',4,NULL,NULL),(2702,'26662','Long Hải','Long Hai','Xã Long Hải','Long Hai Commune','long_hai','79',4,NULL,NULL),(2703,'26680','Đất Đỏ','Dat Do','Xã Đất Đỏ','Dat Do Commune','dat_do','79',4,NULL,NULL),(2704,'26686','Phước Hải','Phuoc Hai','Xã Phước Hải','Phuoc Hai Commune','phuoc_hai','79',4,NULL,NULL),(2705,'26728','Châu Pha','Chau Pha','Xã Châu Pha','Chau Pha Commune','chau_pha','79',4,NULL,NULL),(2706,'27496','Tân An Hội','Tan An Hoi','Xã Tân An Hội','Tan An Hoi Commune','tan_an_hoi','79',4,NULL,NULL),(2707,'27508','An Nhơn Tây','An Nhon Tay','Xã An Nhơn Tây','An Nhon Tay Commune','an_nhon_tay','79',4,NULL,NULL),(2708,'27511','Nhuận Đức','Nhuan Duc','Xã Nhuận Đức','Nhuan Duc Commune','nhuan_duc','79',4,NULL,NULL),(2709,'27526','Thái Mỹ','Thai My','Xã Thái Mỹ','Thai My Commune','thai_my','79',4,NULL,NULL),(2710,'27541','Phú Hòa Đông','Phu Hoa Dong','Xã Phú Hòa Đông','Phu Hoa Dong Commune','phu_hoa_dong','79',4,NULL,NULL),(2711,'27544','Bình Mỹ','Binh My','Xã Bình Mỹ','Binh My Commune','binh_my','79',4,NULL,NULL),(2712,'27553','Củ Chi','Cu Chi','Xã Củ Chi','Cu Chi Commune','cu_chi','79',4,NULL,NULL),(2713,'27559','Hóc Môn','Hoc Mon','Xã Hóc Môn','Hoc Mon Commune','hoc_mon','79',4,NULL,NULL),(2714,'27568','Đông Thạnh','Dong Thanh','Xã Đông Thạnh','Dong Thanh Commune','dong_thanh','79',4,NULL,NULL),(2715,'27577','Xuân Thới Sơn','Xuan Thoi Son','Xã Xuân Thới Sơn','Xuan Thoi Son Commune','xuan_thoi_son','79',4,NULL,NULL),(2716,'27592','Bà Điểm','Ba Diem','Xã Bà Điểm','Ba Diem Commune','ba_diem','79',4,NULL,NULL),(2717,'27595','Tân Nhựt','Tan Nhut','Xã Tân Nhựt','Tan Nhut Commune','tan_nhut','79',4,NULL,NULL),(2718,'27601','Vĩnh Lộc','Vinh Loc','Xã Vĩnh Lộc','Vinh Loc Commune','vinh_loc','79',4,NULL,NULL),(2719,'27604','Tân Vĩnh Lộc','Tan Vinh Loc','Xã Tân Vĩnh Lộc','Tan Vinh Loc Commune','tan_vinh_loc','79',4,NULL,NULL),(2720,'27610','Bình Lợi','Binh Loi','Xã Bình Lợi','Binh Loi Commune','binh_loi','79',4,NULL,NULL),(2721,'27619','Bình Hưng','Binh Hung','Xã Bình Hưng','Binh Hung Commune','binh_hung','79',4,NULL,NULL),(2722,'27628','Hưng Long','Hung Long','Xã Hưng Long','Hung Long Commune','hung_long','79',4,NULL,NULL),(2723,'27637','Bình Chánh','Binh Chanh','Xã Bình Chánh','Binh Chanh Commune','binh_chanh','79',4,NULL,NULL),(2724,'27655','Nhà Bè','Nha Be','Xã Nhà Bè','Nha Be Commune','nha_be','79',4,NULL,NULL),(2725,'27658','Hiệp Phước','Hiep Phuoc','Xã Hiệp Phước','Hiep Phuoc Commune','hiep_phuoc','79',4,NULL,NULL),(2726,'27664','Cần Giờ','Can Gio','Xã Cần Giờ','Can Gio Commune','can_gio','79',4,NULL,NULL),(2727,'27667','Bình Khánh','Binh Khanh','Xã Bình Khánh','Binh Khanh Commune','binh_khanh','79',4,NULL,NULL),(2728,'27673','An Thới Đông','An Thoi Dong','Xã An Thới Đông','An Thoi Dong Commune','an_thoi_dong','79',4,NULL,NULL),(2729,'27676','Thạnh An','Thanh An','Xã Thạnh An','Thanh An Commune','thanh_an','79',4,NULL,NULL),(2730,'26732','Côn Đảo','Con Dao','Đặc khu Côn Đảo','Con Dao Special administrative region','con_dao','79',5,NULL,NULL),(2731,'25459','Tân Ninh','Tan Ninh','Phường Tân Ninh','Tan Ninh Ward','tan_ninh','80',3,NULL,NULL),(2732,'25480','Bình Minh','Binh Minh','Phường Bình Minh','Binh Minh Ward','binh_minh','80',3,NULL,NULL),(2733,'25567','Ninh Thạnh','Ninh Thanh','Phường Ninh Thạnh','Ninh Thanh Ward','ninh_thanh','80',3,NULL,NULL),(2734,'25630','Long Hoa','Long Hoa','Phường Long Hoa','Long Hoa Ward','long_hoa','80',3,NULL,NULL),(2735,'25633','Thanh Điền','Thanh Dien','Phường Thanh Điền','Thanh Dien Ward','thanh_dien','80',3,NULL,NULL),(2736,'25645','Hòa Thành','Hoa Thanh','Phường Hòa Thành','Hoa Thanh Ward','hoa_thanh','80',3,NULL,NULL),(2737,'25654','Gò Dầu','Go Dau','Phường Gò Dầu','Go Dau Ward','go_dau','80',3,NULL,NULL),(2738,'25672','Gia Lộc','Gia Loc','Phường Gia Lộc','Gia Loc Ward','gia_loc','80',3,NULL,NULL),(2739,'25708','Trảng Bàng','Trang Bang','Phường Trảng Bàng','Trang Bang Ward','trang_bang','80',3,NULL,NULL),(2740,'25732','An Tịnh','An Tinh','Phường An Tịnh','An Tinh Ward','an_tinh','80',3,NULL,NULL),(2741,'27694','Long An','Long An','Phường Long An','Long An Ward','long_an','80',3,NULL,NULL),(2742,'27712','Tân An','Tan An','Phường Tân An','Tan An Ward','tan_an','80',3,NULL,NULL),(2743,'27715','Khánh Hậu','Khanh Hau','Phường Khánh Hậu','Khanh Hau Ward','khanh_hau','80',3,NULL,NULL),(2744,'27787','Kiến Tường','Kien Tuong','Phường Kiến Tường','Kien Tuong Ward','kien_tuong','80',3,NULL,NULL),(2745,'25486','Tân Biên','Tan Bien','Xã Tân Biên','Tan Bien Commune','tan_bien','80',4,NULL,NULL),(2746,'25489','Tân Lập','Tan Lap','Xã Tân Lập','Tan Lap Commune','tan_lap','80',4,NULL,NULL),(2747,'25498','Thạnh Bình','Thanh Binh','Xã Thạnh Bình','Thanh Binh Commune','thanh_binh','80',4,NULL,NULL),(2748,'25510','Trà Vong','Tra Vong','Xã Trà Vong','Tra Vong Commune','tra_vong','80',4,NULL,NULL),(2749,'25516','Tân Châu','Tan Chau','Xã Tân Châu','Tan Chau Commune','tan_chau','80',4,NULL,NULL),(2750,'25522','Tân Đông','Tan Dong','Xã Tân Đông','Tan Dong Commune','tan_dong','80',4,NULL,NULL),(2751,'25525','Tân Hội','Tan Hoi','Xã Tân Hội','Tan Hoi Commune','tan_hoi','80',4,NULL,NULL),(2752,'25531','Tân Hòa','Tan Hoa','Xã Tân Hòa','Tan Hoa Commune','tan_hoa','80',4,NULL,NULL),(2753,'25534','Tân Thành','Tan Thanh','Xã Tân Thành','Tan Thanh Commune','tan_thanh','80',4,NULL,NULL),(2754,'25549','Tân Phú','Tan Phu','Xã Tân Phú','Tan Phu Commune','tan_phu','80',4,NULL,NULL),(2755,'25552','Dương Minh Châu','Duong Minh Chau','Xã Dương Minh Châu','Duong Minh Chau Commune','duong_minh_chau','80',4,NULL,NULL),(2756,'25573','Cầu Khởi','Cau Khoi','Xã Cầu Khởi','Cau Khoi Commune','cau_khoi','80',4,NULL,NULL),(2757,'25579','Lộc Ninh','Loc Ninh','Xã Lộc Ninh','Loc Ninh Commune','loc_ninh','80',4,NULL,NULL),(2758,'25585','Châu Thành','Chau Thanh','Xã Châu Thành','Chau Thanh Commune','chau_thanh','80',4,NULL,NULL),(2759,'25588','Hảo Đước','Hao Duoc','Xã Hảo Đước','Hao Duoc Commune','hao_duoc','80',4,NULL,NULL),(2760,'25591','Phước Vinh','Phuoc Vinh','Xã Phước Vinh','Phuoc Vinh Commune','phuoc_vinh','80',4,NULL,NULL),(2761,'25606','Hòa Hội','Hoa Hoi','Xã Hòa Hội','Hoa Hoi Commune','hoa_hoi','80',4,NULL,NULL),(2762,'25621','Ninh Điền','Ninh Dien','Xã Ninh Điền','Ninh Dien Commune','ninh_dien','80',4,NULL,NULL),(2763,'25657','Thạnh Đức','Thanh Duc','Xã Thạnh Đức','Thanh Duc Commune','thanh_duc','80',4,NULL,NULL),(2764,'25663','Phước Thạnh','Phuoc Thanh','Xã Phước Thạnh','Phuoc Thanh Commune','phuoc_thanh','80',4,NULL,NULL),(2765,'25666','Truông Mít','Truong Mit','Xã Truông Mít','Truong Mit Commune','truong_mit','80',4,NULL,NULL),(2766,'25681','Bến Cầu','Ben Cau','Xã Bến Cầu','Ben Cau Commune','ben_cau','80',4,NULL,NULL),(2767,'25684','Long Chữ','Long Chu','Xã Long Chữ','Long Chu Commune','long_chu','80',4,NULL,NULL),(2768,'25702','Long Thuận','Long Thuan','Xã Long Thuận','Long Thuan Commune','long_thuan','80',4,NULL,NULL),(2769,'25711','Hưng Thuận','Hung Thuan','Xã Hưng Thuận','Hung Thuan Commune','hung_thuan','80',4,NULL,NULL),(2770,'25729','Phước Chỉ','Phuoc Chi','Xã Phước Chỉ','Phuoc Chi Commune','phuoc_chi','80',4,NULL,NULL),(2771,'27721','Tân Hưng','Tan Hung','Xã Tân Hưng','Tan Hung Commune','tan_hung','80',4,NULL,NULL),(2772,'27727','Hưng Điền','Hung Dien','Xã Hưng Điền','Hung Dien Commune','hung_dien','80',4,NULL,NULL),(2773,'27736','Vĩnh Thạnh','Vinh Thanh','Xã Vĩnh Thạnh','Vinh Thanh Commune','vinh_thanh','80',4,NULL,NULL),(2774,'27748','Vĩnh Châu','Vinh Chau','Xã Vĩnh Châu','Vinh Chau Commune','vinh_chau','80',4,NULL,NULL),(2775,'27757','Vĩnh Hưng','Vinh Hung','Xã Vĩnh Hưng','Vinh Hung Commune','vinh_hung','80',4,NULL,NULL),(2776,'27763','Khánh Hưng','Khanh Hung','Xã Khánh Hưng','Khanh Hung Commune','khanh_hung','80',4,NULL,NULL),(2777,'27775','Tuyên Bình','Tuyen Binh','Xã Tuyên Bình','Tuyen Binh Commune','tuyen_binh','80',4,NULL,NULL),(2778,'27793','Bình Hiệp','Binh Hiep','Xã Bình Hiệp','Binh Hiep Commune','binh_hiep','80',4,NULL,NULL),(2779,'27811','Bình Hòa','Binh Hoa','Xã Bình Hòa','Binh Hoa Commune','binh_hoa','80',4,NULL,NULL),(2780,'27817','Tuyên Thạnh','Tuyen Thanh','Xã Tuyên Thạnh','Tuyen Thanh Commune','tuyen_thanh','80',4,NULL,NULL),(2781,'27823','Mộc Hóa','Moc Hoa','Xã Mộc Hóa','Moc Hoa Commune','moc_hoa','80',4,NULL,NULL),(2782,'27826','Tân Thạnh','Tan Thanh','Xã Tân Thạnh','Tan Thanh Commune','tan_thanh','80',4,NULL,NULL),(2783,'27838','Nhơn Hòa Lập','Nhon Hoa Lap','Xã Nhơn Hòa Lập','Nhon Hoa Lap Commune','nhon_hoa_lap','80',4,NULL,NULL),(2784,'27841','Hậu Thạnh','Hau Thanh','Xã Hậu Thạnh','Hau Thanh Commune','hau_thanh','80',4,NULL,NULL),(2785,'27856','Nhơn Ninh','Nhon Ninh','Xã Nhơn Ninh','Nhon Ninh Commune','nhon_ninh','80',4,NULL,NULL),(2786,'27865','Thạnh Hóa','Thanh Hoa','Xã Thạnh Hóa','Thanh Hoa Commune','thanh_hoa','80',4,NULL,NULL),(2787,'27868','Bình Thành','Binh Thanh','Xã Bình Thành','Binh Thanh Commune','binh_thanh','80',4,NULL,NULL),(2788,'27877','Thạnh Phước','Thanh Phuoc','Xã Thạnh Phước','Thanh Phuoc Commune','thanh_phuoc','80',4,NULL,NULL),(2789,'27889','Tân Tây','Tan Tay','Xã Tân Tây','Tan Tay Commune','tan_tay','80',4,NULL,NULL),(2790,'27898','Đông Thành','Dong Thanh','Xã Đông Thành','Dong Thanh Commune','dong_thanh','80',4,NULL,NULL),(2791,'27907','Mỹ Quý','My Quy','Xã Mỹ Quý','My Quy Commune','my_quy','80',4,NULL,NULL),(2792,'27925','Đức Huệ','Duc Hue','Xã Đức Huệ','Duc Hue Commune','duc_hue','80',4,NULL,NULL),(2793,'27931','Hậu Nghĩa','Hau Nghia','Xã Hậu Nghĩa','Hau Nghia Commune','hau_nghia','80',4,NULL,NULL),(2794,'27937','Đức Hòa','Duc Hoa','Xã Đức Hòa','Duc Hoa Commune','duc_hoa','80',4,NULL,NULL),(2795,'27943','An Ninh','An Ninh','Xã An Ninh','An Ninh Commune','an_ninh','80',4,NULL,NULL),(2796,'27952','Hiệp Hòa','Hiep Hoa','Xã Hiệp Hòa','Hiep Hoa Commune','hiep_hoa','80',4,NULL,NULL),(2797,'27964','Đức Lập','Duc Lap','Xã Đức Lập','Duc Lap Commune','duc_lap','80',4,NULL,NULL),(2798,'27976','Mỹ Hạnh','My Hanh','Xã Mỹ Hạnh','My Hanh Commune','my_hanh','80',4,NULL,NULL),(2799,'27979','Hòa Khánh','Hoa Khanh','Xã Hòa Khánh','Hoa Khanh Commune','hoa_khanh','80',4,NULL,NULL),(2800,'27991','Bến Lức','Ben Luc','Xã Bến Lức','Ben Luc Commune','ben_luc','80',4,NULL,NULL),(2801,'27994','Thạnh Lợi','Thanh Loi','Xã Thạnh Lợi','Thanh Loi Commune','thanh_loi','80',4,NULL,NULL),(2802,'28003','Lương Hòa','Luong Hoa','Xã Lương Hòa','Luong Hoa Commune','luong_hoa','80',4,NULL,NULL),(2803,'28015','Bình Đức','Binh Duc','Xã Bình Đức','Binh Duc Commune','binh_duc','80',4,NULL,NULL),(2804,'28018','Mỹ Yên','My Yen','Xã Mỹ Yên','My Yen Commune','my_yen','80',4,NULL,NULL),(2805,'28036','Thủ Thừa','Thu Thua','Xã Thủ Thừa','Thu Thua Commune','thu_thua','80',4,NULL,NULL),(2806,'28051','Mỹ Thạnh','My Thanh','Xã Mỹ Thạnh','My Thanh Commune','my_thanh','80',4,NULL,NULL),(2807,'28066','Mỹ An','My An','Xã Mỹ An','My An Commune','my_an','80',4,NULL,NULL),(2808,'28072','Tân Long','Tan Long','Xã Tân Long','Tan Long Commune','tan_long','80',4,NULL,NULL),(2809,'28075','Tân Trụ','Tan Tru','Xã Tân Trụ','Tan Tru Commune','tan_tru','80',4,NULL,NULL),(2810,'28087','Nhựt Tảo','Nhut Tao','Xã Nhựt Tảo','Nhut Tao Commune','nhut_tao','80',4,NULL,NULL),(2811,'28093','Vàm Cỏ','Vam Co','Xã Vàm Cỏ','Vam Co Commune','vam_co','80',4,NULL,NULL),(2812,'28108','Cần Đước','Can Duoc','Xã Cần Đước','Can Duoc Commune','can_duoc','80',4,NULL,NULL),(2813,'28114','Rạch Kiến','Rach Kien','Xã Rạch Kiến','Rach Kien Commune','rach_kien','80',4,NULL,NULL),(2814,'28126','Long Cang','Long Cang','Xã Long Cang','Long Cang Commune','long_cang','80',4,NULL,NULL),(2815,'28132','Mỹ Lệ','My Le','Xã Mỹ Lệ','My Le Commune','my_le','80',4,NULL,NULL),(2816,'28138','Tân Lân','Tan Lan','Xã Tân Lân','Tan Lan Commune','tan_lan','80',4,NULL,NULL),(2817,'28144','Long Hưu','Long Huu','Xã Long Hưu','Long Huu Commune','long_huu','80',4,NULL,NULL),(2818,'28159','Cần Giuộc','Can Giuoc','Xã Cần Giuộc','Can Giuoc Commune','can_giuoc','80',4,NULL,NULL),(2819,'28165','Phước Lý','Phuoc Ly','Xã Phước Lý','Phuoc Ly Commune','phuoc_ly','80',4,NULL,NULL),(2820,'28177','Mỹ Lộc','My Loc','Xã Mỹ Lộc','My Loc Commune','my_loc','80',4,NULL,NULL),(2821,'28201','Phước Vĩnh Tây','Phuoc Vinh Tay','Xã Phước Vĩnh Tây','Phuoc Vinh Tay Commune','phuoc_vinh_tay','80',4,NULL,NULL),(2822,'28207','Tân Tập','Tan Tap','Xã Tân Tập','Tan Tap Commune','tan_tap','80',4,NULL,NULL),(2823,'28210','Tầm Vu','Tam Vu','Xã Tầm Vu','Tam Vu Commune','tam_vu','80',4,NULL,NULL),(2824,'28222','Vĩnh Công','Vinh Cong','Xã Vĩnh Công','Vinh Cong Commune','vinh_cong','80',4,NULL,NULL),(2825,'28225','Thuận Mỹ','Thuan My','Xã Thuận Mỹ','Thuan My Commune','thuan_my','80',4,NULL,NULL),(2826,'28243','An Lục Long','An Luc Long','Xã An Lục Long','An Luc Long Commune','an_luc_long','80',4,NULL,NULL),(2827,'28249','Đạo Thạnh','Dao Thanh','Phường Đạo Thạnh','Dao Thanh Ward','dao_thanh','82',3,NULL,NULL),(2828,'28261','Mỹ Tho','My Tho','Phường Mỹ Tho','My Tho Ward','my_tho','82',3,NULL,NULL),(2829,'28270','Thới Sơn','Thoi Son','Phường Thới Sơn','Thoi Son Ward','thoi_son','82',3,NULL,NULL),(2830,'28273','Mỹ Phong','My Phong','Phường Mỹ Phong','My Phong Ward','my_phong','82',3,NULL,NULL),(2831,'28285','Trung An','Trung An','Phường Trung An','Trung An Ward','trung_an','82',3,NULL,NULL),(2832,'28297','Long Thuận','Long Thuan','Phường Long Thuận','Long Thuan Ward','long_thuan','82',3,NULL,NULL),(2833,'28306','Gò Công','Go Cong','Phường Gò Công','Go Cong Ward','go_cong','82',3,NULL,NULL),(2834,'28315','Bình Xuân','Binh Xuan','Phường Bình Xuân','Binh Xuan Ward','binh_xuan','82',3,NULL,NULL),(2835,'28435','Mỹ Phước Tây','My Phuoc Tay','Phường Mỹ Phước Tây','My Phuoc Tay Ward','my_phuoc_tay','82',3,NULL,NULL),(2836,'28436','Thanh Hòa','Thanh Hoa','Phường Thanh Hòa','Thanh Hoa Ward','thanh_hoa','82',3,NULL,NULL),(2837,'28439','Cai Lậy','Cai Lay','Phường Cai Lậy','Cai Lay Ward','cai_lay','82',3,NULL,NULL),(2838,'28477','Nhị Quý','Nhi Quy','Phường Nhị Quý','Nhi Quy Ward','nhi_quy','82',3,NULL,NULL),(2839,'28729','Sơn Qui','Son Qui','Phường Sơn Qui','Son Qui Ward','son_qui','82',3,NULL,NULL),(2840,'29869','Cao Lãnh','Cao Lanh','Phường Cao Lãnh','Cao Lanh Ward','cao_lanh','82',3,NULL,NULL),(2841,'29884','Mỹ Ngãi','My Ngai','Phường Mỹ Ngãi','My Ngai Ward','my_ngai','82',3,NULL,NULL),(2842,'29888','Mỹ Trà','My Tra','Phường Mỹ Trà','My Tra Ward','my_tra','82',3,NULL,NULL),(2843,'29905','Sa Đéc','Sa Dec','Phường Sa Đéc','Sa Dec Ward','sa_dec','82',3,NULL,NULL),(2844,'29954','An Bình','An Binh','Phường An Bình','An Binh Ward','an_binh','82',3,NULL,NULL),(2845,'29955','Hồng Ngự','Hong Ngu','Phường Hồng Ngự','Hong Ngu Ward','hong_ngu','82',3,NULL,NULL),(2846,'29978','Thường Lạc','Thuong Lac','Phường Thường Lạc','Thuong Lac Ward','thuong_lac','82',3,NULL,NULL),(2847,'28321','Tân Phước 1','Tan Phuoc 1','Xã Tân Phước 1','Tan Phuoc 1 Commune','tan_phuoc_1','82',4,NULL,NULL),(2848,'28327','Tân Phước 2','Tan Phuoc 2','Xã Tân Phước 2','Tan Phuoc 2 Commune','tan_phuoc_2','82',4,NULL,NULL),(2849,'28336','Hưng Thạnh','Hung Thanh','Xã Hưng Thạnh','Hung Thanh Commune','hung_thanh','82',4,NULL,NULL),(2850,'28345','Tân Phước 3','Tan Phuoc 3','Xã Tân Phước 3','Tan Phuoc 3 Commune','tan_phuoc_3','82',4,NULL,NULL),(2851,'28360','Cái Bè','Cai Be','Xã Cái Bè','Cai Be Commune','cai_be','82',4,NULL,NULL),(2852,'28366','Hậu Mỹ','Hau My','Xã Hậu Mỹ','Hau My Commune','hau_my','82',4,NULL,NULL),(2853,'28378','Mỹ Thiện','My Thien','Xã Mỹ Thiện','My Thien Commune','my_thien','82',4,NULL,NULL),(2854,'28393','Hội Cư','Hoi Cu','Xã Hội Cư','Hoi Cu Commune','hoi_cu','82',4,NULL,NULL),(2855,'28405','Mỹ Đức Tây','My Duc Tay','Xã Mỹ Đức Tây','My Duc Tay Commune','my_duc_tay','82',4,NULL,NULL),(2856,'28414','Mỹ Lợi','My Loi','Xã Mỹ Lợi','My Loi Commune','my_loi','82',4,NULL,NULL),(2857,'28426','Thanh Hưng','Thanh Hung','Xã Thanh Hưng','Thanh Hung Commune','thanh_hung','82',4,NULL,NULL),(2858,'28429','An Hữu','An Huu','Xã An Hữu','An Huu Commune','an_huu','82',4,NULL,NULL),(2859,'28444','Thạnh Phú','Thanh Phu','Xã Thạnh Phú','Thanh Phu Commune','thanh_phu','82',4,NULL,NULL),(2860,'28456','Mỹ Thành','My Thanh','Xã Mỹ Thành','My Thanh Commune','my_thanh','82',4,NULL,NULL),(2861,'28468','Tân Phú','Tan Phu','Xã Tân Phú','Tan Phu Commune','tan_phu','82',4,NULL,NULL),(2862,'28471','Bình Phú','Binh Phu','Xã Bình Phú','Binh Phu Commune','binh_phu','82',4,NULL,NULL),(2863,'28501','Hiệp Đức','Hiep Duc','Xã Hiệp Đức','Hiep Duc Commune','hiep_duc','82',4,NULL,NULL),(2864,'28504','Long Tiên','Long Tien','Xã Long Tiên','Long Tien Commune','long_tien','82',4,NULL,NULL),(2865,'28516','Ngũ Hiệp','Ngu Hiep','Xã Ngũ Hiệp','Ngu Hiep Commune','ngu_hiep','82',4,NULL,NULL),(2866,'28519','Châu Thành','Chau Thanh','Xã Châu Thành','Chau Thanh Commune','chau_thanh','82',4,NULL,NULL),(2867,'28525','Tân Hương','Tan Huong','Xã Tân Hương','Tan Huong Commune','tan_huong','82',4,NULL,NULL),(2868,'28537','Long Hưng','Long Hung','Xã Long Hưng','Long Hung Commune','long_hung','82',4,NULL,NULL),(2869,'28543','Long Định','Long Dinh','Xã Long Định','Long Dinh Commune','long_dinh','82',4,NULL,NULL),(2870,'28564','Bình Trưng','Binh Trung','Xã Bình Trưng','Binh Trung Commune','binh_trung','82',4,NULL,NULL),(2871,'28576','Vĩnh Kim','Vinh Kim','Xã Vĩnh Kim','Vinh Kim Commune','vinh_kim','82',4,NULL,NULL),(2872,'28582','Kim Sơn','Kim Son','Xã Kim Sơn','Kim Son Commune','kim_son','82',4,NULL,NULL),(2873,'28594','Chợ Gạo','Cho Gao','Xã Chợ Gạo','Cho Gao Commune','cho_gao','82',4,NULL,NULL),(2874,'28603','Mỹ Tịnh An','My Tinh An','Xã Mỹ Tịnh An','My Tinh An Commune','my_tinh_an','82',4,NULL,NULL),(2875,'28615','Lương Hòa Lạc','Luong Hoa Lac','Xã Lương Hòa Lạc','Luong Hoa Lac Commune','luong_hoa_lac','82',4,NULL,NULL),(2876,'28627','Tân Thuận Bình','Tan Thuan Binh','Xã Tân Thuận Bình','Tan Thuan Binh Commune','tan_thuan_binh','82',4,NULL,NULL),(2877,'28633','An Thạnh Thủy','An Thanh Thuy','Xã An Thạnh Thủy','An Thanh Thuy Commune','an_thanh_thuy','82',4,NULL,NULL),(2878,'28648','Bình Ninh','Binh Ninh','Xã Bình Ninh','Binh Ninh Commune','binh_ninh','82',4,NULL,NULL),(2879,'28651','Vĩnh Bình','Vinh Binh','Xã Vĩnh Bình','Vinh Binh Commune','vinh_binh','82',4,NULL,NULL),(2880,'28660','Đồng Sơn','Dong Son','Xã Đồng Sơn','Dong Son Commune','dong_son','82',4,NULL,NULL),(2881,'28663','Phú Thành','Phu Thanh','Xã Phú Thành','Phu Thanh Commune','phu_thanh','82',4,NULL,NULL),(2882,'28678','Vĩnh Hựu','Vinh Huu','Xã Vĩnh Hựu','Vinh Huu Commune','vinh_huu','82',4,NULL,NULL),(2883,'28687','Long Bình','Long Binh','Xã Long Bình','Long Binh Commune','long_binh','82',4,NULL,NULL),(2884,'28693','Tân Thới','Tan Thoi','Xã Tân Thới','Tan Thoi Commune','tan_thoi','82',4,NULL,NULL),(2885,'28696','Tân Phú Đông','Tan Phu Dong','Xã Tân Phú Đông','Tan Phu Dong Commune','tan_phu_dong','82',4,NULL,NULL),(2886,'28702','Tân Hòa','Tan Hoa','Xã Tân Hòa','Tan Hoa Commune','tan_hoa','82',4,NULL,NULL),(2887,'28720','Gia Thuận','Gia Thuan','Xã Gia Thuận','Gia Thuan Commune','gia_thuan','82',4,NULL,NULL),(2888,'28723','Tân Đông','Tan Dong','Xã Tân Đông','Tan Dong Commune','tan_dong','82',4,NULL,NULL),(2889,'28738','Tân Điền','Tan Dien','Xã Tân Điền','Tan Dien Commune','tan_dien','82',4,NULL,NULL),(2890,'28747','Gò Công Đông','Go Cong Dong','Xã Gò Công Đông','Go Cong Dong Commune','go_cong_dong','82',4,NULL,NULL),(2891,'29926','Tân Hồng','Tan Hong','Xã Tân Hồng','Tan Hong Commune','tan_hong','82',4,NULL,NULL),(2892,'29929','Tân Hộ Cơ','Tan Ho Co','Xã Tân Hộ Cơ','Tan Ho Co Commune','tan_ho_co','82',4,NULL,NULL),(2893,'29938','Tân Thành','Tan Thanh','Xã Tân Thành','Tan Thanh Commune','tan_thanh','82',4,NULL,NULL),(2894,'29944','An Phước','An Phuoc','Xã An Phước','An Phuoc Commune','an_phuoc','82',4,NULL,NULL),(2895,'29971','Thường Phước','Thuong Phuoc','Xã Thường Phước','Thuong Phuoc Commune','thuong_phuoc','82',4,NULL,NULL),(2896,'29983','Long Khánh','Long Khanh','Xã Long Khánh','Long Khanh Commune','long_khanh','82',4,NULL,NULL),(2897,'29992','Long Phú Thuận','Long Phu Thuan','Xã Long Phú Thuận','Long Phu Thuan Commune','long_phu_thuan','82',4,NULL,NULL),(2898,'30001','Tràm Chim','Tram Chim','Xã Tràm Chim','Tram Chim Commune','tram_chim','82',4,NULL,NULL),(2899,'30010','Tam Nông','Tam Nong','Xã Tam Nông','Tam Nong Commune','tam_nong','82',4,NULL,NULL),(2900,'30019','An Hòa','An Hoa','Xã An Hòa','An Hoa Commune','an_hoa','82',4,NULL,NULL),(2901,'30025','Phú Cường','Phu Cuong','Xã Phú Cường','Phu Cuong Commune','phu_cuong','82',4,NULL,NULL),(2902,'30028','An Long','An Long','Xã An Long','An Long Commune','an_long','82',4,NULL,NULL),(2903,'30034','Phú Thọ','Phu Tho','Xã Phú Thọ','Phu Tho Commune','phu_tho','82',4,NULL,NULL),(2904,'30037','Tháp Mười','Thap Muoi','Xã Tháp Mười','Thap Muoi Commune','thap_muoi','82',4,NULL,NULL),(2905,'30043','Phương Thịnh','Phuong Thinh','Xã Phương Thịnh','Phuong Thinh Commune','phuong_thinh','82',4,NULL,NULL),(2906,'30046','Trường Xuân','Truong Xuan','Xã Trường Xuân','Truong Xuan Commune','truong_xuan','82',4,NULL,NULL),(2907,'30055','Mỹ Quí','My Qui','Xã Mỹ Quí','My Qui Commune','my_qui','82',4,NULL,NULL),(2908,'30061','Đốc Binh Kiều','Doc Binh Kieu','Xã Đốc Binh Kiều','Doc Binh Kieu Commune','doc_binh_kieu','82',4,NULL,NULL),(2909,'30073','Thanh Mỹ','Thanh My','Xã Thanh Mỹ','Thanh My Commune','thanh_my','82',4,NULL,NULL),(2910,'30076','Mỹ Thọ','My Tho','Xã Mỹ Thọ','My Tho Commune','my_tho','82',4,NULL,NULL),(2911,'30085','Ba Sao','Ba Sao','Xã Ba Sao','Ba Sao Commune','ba_sao','82',4,NULL,NULL),(2912,'30088','Phong Mỹ','Phong My','Xã Phong Mỹ','Phong My Commune','phong_my','82',4,NULL,NULL),(2913,'30112','Mỹ Hiệp','My Hiep','Xã Mỹ Hiệp','My Hiep Commune','my_hiep','82',4,NULL,NULL),(2914,'30118','Bình Hàng Trung','Binh Hang Trung','Xã Bình Hàng Trung','Binh Hang Trung Commune','binh_hang_trung','82',4,NULL,NULL),(2915,'30130','Thanh Bình','Thanh Binh','Xã Thanh Bình','Thanh Binh Commune','thanh_binh','82',4,NULL,NULL),(2916,'30154','Tân Long','Tan Long','Xã Tân Long','Tan Long Commune','tan_long','82',4,NULL,NULL),(2917,'30157','Tân Thạnh','Tan Thanh','Xã Tân Thạnh','Tan Thanh Commune','tan_thanh','82',4,NULL,NULL),(2918,'30163','Bình Thành','Binh Thanh','Xã Bình Thành','Binh Thanh Commune','binh_thanh','82',4,NULL,NULL),(2919,'30169','Lấp Vò','Lap Vo','Xã Lấp Vò','Lap Vo Commune','lap_vo','82',4,NULL,NULL),(2920,'30178','Mỹ An Hưng','My An Hung','Xã Mỹ An Hưng','My An Hung Commune','my_an_hung','82',4,NULL,NULL),(2921,'30184','Tân Khánh Trung','Tan Khanh Trung','Xã Tân Khánh Trung','Tan Khanh Trung Commune','tan_khanh_trung','82',4,NULL,NULL),(2922,'30208','Hòa Long','Hoa Long','Xã Hòa Long','Hoa Long Commune','hoa_long','82',4,NULL,NULL),(2923,'30214','Tân Dương','Tan Duong','Xã Tân Dương','Tan Duong Commune','tan_duong','82',4,NULL,NULL),(2924,'30226','Lai Vung','Lai Vung','Xã Lai Vung','Lai Vung Commune','lai_vung','82',4,NULL,NULL),(2925,'30235','Phong Hòa','Phong Hoa','Xã Phong Hòa','Phong Hoa Commune','phong_hoa','82',4,NULL,NULL),(2926,'30244','Phú Hựu','Phu Huu','Xã Phú Hựu','Phu Huu Commune','phu_huu','82',4,NULL,NULL),(2927,'30253','Tân Nhuận Đông','Tan Nhuan Dong','Xã Tân Nhuận Đông','Tan Nhuan Dong Commune','tan_nhuan_dong','82',4,NULL,NULL),(2928,'30259','Tân Phú Trung','Tan Phu Trung','Xã Tân Phú Trung','Tan Phu Trung Commune','tan_phu_trung','82',4,NULL,NULL),(2929,'28756','Phú Khương','Phu Khuong','Phường Phú Khương','Phu Khuong Ward','phu_khuong','86',3,NULL,NULL),(2930,'28777','An Hội','An Hoi','Phường An Hội','An Hoi Ward','an_hoi','86',3,NULL,NULL),(2931,'28783','Sơn Đông','Son Dong','Phường Sơn Đông','Son Dong Ward','son_dong','86',3,NULL,NULL),(2932,'28789','Bến Tre','Ben Tre','Phường Bến Tre','Ben Tre Ward','ben_tre','86',3,NULL,NULL),(2933,'28858','Phú Tân','Phu Tan','Phường Phú Tân','Phu Tan Ward','phu_tan','86',3,NULL,NULL),(2934,'29242','Trà Vinh','Tra Vinh','Phường Trà Vinh','Tra Vinh Ward','tra_vinh','86',3,NULL,NULL),(2935,'29254','Nguyệt Hóa','Nguyet Hoa','Phường Nguyệt Hóa','Nguyet Hoa Ward','nguyet_hoa','86',3,NULL,NULL),(2936,'29263','Long Đức','Long Duc','Phường Long Đức','Long Duc Ward','long_duc','86',3,NULL,NULL),(2937,'29398','Hòa Thuận','Hoa Thuan','Phường Hòa Thuận','Hoa Thuan Ward','hoa_thuan','86',3,NULL,NULL),(2938,'29512','Duyên Hải','Duyen Hai','Phường Duyên Hải','Duyen Hai Ward','duyen_hai','86',3,NULL,NULL),(2939,'29516','Trường Long Hòa','Truong Long Hoa','Phường Trường Long Hòa','Truong Long Hoa Ward','truong_long_hoa','86',3,NULL,NULL),(2940,'29551','Long Châu','Long Chau','Phường Long Châu','Long Chau Ward','long_chau','86',3,NULL,NULL),(2941,'29557','Phước Hậu','Phuoc Hau','Phường Phước Hậu','Phuoc Hau Ward','phuoc_hau','86',3,NULL,NULL),(2942,'29566','Tân Ngãi','Tan Ngai','Phường Tân Ngãi','Tan Ngai Ward','tan_ngai','86',3,NULL,NULL),(2943,'29590','Thanh Đức','Thanh Duc','Phường Thanh Đức','Thanh Duc Ward','thanh_duc','86',3,NULL,NULL),(2944,'29593','Tân Hạnh','Tan Hanh','Phường Tân Hạnh','Tan Hanh Ward','tan_hanh','86',3,NULL,NULL),(2945,'29770','Cái Vồn','Cai Von','Phường Cái Vồn','Cai Von Ward','cai_von','86',3,NULL,NULL),(2946,'29771','Bình Minh','Binh Minh','Phường Bình Minh','Binh Minh Ward','binh_minh','86',3,NULL,NULL),(2947,'29812','Đông Thành','Dong Thanh','Phường Đông Thành','Dong Thanh Ward','dong_thanh','86',3,NULL,NULL),(2948,'28807','Giao Long','Giao Long','Xã Giao Long','Giao Long Commune','giao_long','86',4,NULL,NULL),(2949,'28810','Phú Túc','Phu Tuc','Xã Phú Túc','Phu Tuc Commune','phu_tuc','86',4,NULL,NULL),(2950,'28840','Tân Phú','Tan Phu','Xã Tân Phú','Tan Phu Commune','tan_phu','86',4,NULL,NULL),(2951,'28861','Tiên Thủy','Tien Thuy','Xã Tiên Thủy','Tien Thuy Commune','tien_thuy','86',4,NULL,NULL),(2952,'28870','Chợ Lách','Cho Lach','Xã Chợ Lách','Cho Lach Commune','cho_lach','86',4,NULL,NULL),(2953,'28879','Phú Phụng','Phu Phung','Xã Phú Phụng','Phu Phung Commune','phu_phung','86',4,NULL,NULL),(2954,'28894','Vĩnh Thành','Vinh Thanh','Xã Vĩnh Thành','Vinh Thanh Commune','vinh_thanh','86',4,NULL,NULL),(2955,'28901','Hưng Khánh Trung','Hung Khanh Trung','Xã Hưng Khánh Trung','Hung Khanh Trung Commune','hung_khanh_trung','86',4,NULL,NULL),(2956,'28903','Mỏ Cày','Mo Cay','Xã Mỏ Cày','Mo Cay Commune','mo_cay','86',4,NULL,NULL),(2957,'28915','Phước Mỹ Trung','Phuoc My Trung','Xã Phước Mỹ Trung','Phuoc My Trung Commune','phuoc_my_trung','86',4,NULL,NULL),(2958,'28921','Tân Thành Bình','Tan Thanh Binh','Xã Tân Thành Bình','Tan Thanh Binh Commune','tan_thanh_binh','86',4,NULL,NULL),(2959,'28945','Đồng Khởi','Dong Khoi','Xã Đồng Khởi','Dong Khoi Commune','dong_khoi','86',4,NULL,NULL),(2960,'28948','Nhuận Phú Tân','Nhuan Phu Tan','Xã Nhuận Phú Tân','Nhuan Phu Tan Commune','nhuan_phu_tan','86',4,NULL,NULL),(2961,'28957','An Định','An Dinh','Xã An Định','An Dinh Commune','an_dinh','86',4,NULL,NULL),(2962,'28969','Thành Thới','Thanh Thoi','Xã Thành Thới','Thanh Thoi Commune','thanh_thoi','86',4,NULL,NULL),(2963,'28981','Hương Mỹ','Huong My','Xã Hương Mỹ','Huong My Commune','huong_my','86',4,NULL,NULL),(2964,'28984','Giồng Trôm','Giong Trom','Xã Giồng Trôm','Giong Trom Commune','giong_trom','86',4,NULL,NULL),(2965,'28987','Lương Hòa','Luong Hoa','Xã Lương Hòa','Luong Hoa Commune','luong_hoa','86',4,NULL,NULL),(2966,'28993','Lương Phú','Luong Phu','Xã Lương Phú','Luong Phu Commune','luong_phu','86',4,NULL,NULL),(2967,'28996','Châu Hòa','Chau Hoa','Xã Châu Hòa','Chau Hoa Commune','chau_hoa','86',4,NULL,NULL),(2968,'29020','Phước Long','Phuoc Long','Xã Phước Long','Phuoc Long Commune','phuoc_long','86',4,NULL,NULL),(2969,'29029','Tân Hào','Tan Hao','Xã Tân Hào','Tan Hao Commune','tan_hao','86',4,NULL,NULL),(2970,'29044','Hưng Nhượng','Hung Nhuong','Xã Hưng Nhượng','Hung Nhuong Commune','hung_nhuong','86',4,NULL,NULL),(2971,'29050','Bình Đại','Binh Dai','Xã Bình Đại','Binh Dai Commune','binh_dai','86',4,NULL,NULL),(2972,'29062','Phú Thuận','Phu Thuan','Xã Phú Thuận','Phu Thuan Commune','phu_thuan','86',4,NULL,NULL),(2973,'29077','Lộc Thuận','Loc Thuan','Xã Lộc Thuận','Loc Thuan Commune','loc_thuan','86',4,NULL,NULL),(2974,'29083','Châu Hưng','Chau Hung','Xã Châu Hưng','Chau Hung Commune','chau_hung','86',4,NULL,NULL),(2975,'29089','Thạnh Trị','Thanh Tri','Xã Thạnh Trị','Thanh Tri Commune','thanh_tri','86',4,NULL,NULL),(2976,'29104','Thạnh Phước','Thanh Phuoc','Xã Thạnh Phước','Thanh Phuoc Commune','thanh_phuoc','86',4,NULL,NULL),(2977,'29107','Thới Thuận','Thoi Thuan','Xã Thới Thuận','Thoi Thuan Commune','thoi_thuan','86',4,NULL,NULL),(2978,'29110','Ba Tri','Ba Tri','Xã Ba Tri','Ba Tri Commune','ba_tri','86',4,NULL,NULL),(2979,'29122','Mỹ Chánh Hòa','My Chanh Hoa','Xã Mỹ Chánh Hòa','My Chanh Hoa Commune','my_chanh_hoa','86',4,NULL,NULL),(2980,'29125','Bảo Thạnh','Bao Thanh','Xã Bảo Thạnh','Bao Thanh Commune','bao_thanh','86',4,NULL,NULL),(2981,'29137','Tân Xuân','Tan Xuan','Xã Tân Xuân','Tan Xuan Commune','tan_xuan','86',4,NULL,NULL),(2982,'29143','An Ngãi Trung','An Ngai Trung','Xã An Ngãi Trung','An Ngai Trung Commune','an_ngai_trung','86',4,NULL,NULL),(2983,'29158','An Hiệp','An Hiep','Xã An Hiệp','An Hiep Commune','an_hiep','86',4,NULL,NULL),(2984,'29167','Tân Thủy','Tan Thuy','Xã Tân Thủy','Tan Thuy Commune','tan_thuy','86',4,NULL,NULL),(2985,'29182','Thạnh Phú','Thanh Phu','Xã Thạnh Phú','Thanh Phu Commune','thanh_phu','86',4,NULL,NULL),(2986,'29191','Quới Điền','Quoi Dien','Xã Quới Điền','Quoi Dien Commune','quoi_dien','86',4,NULL,NULL),(2987,'29194','Đại Điền','Dai Dien','Xã Đại Điền','Dai Dien Commune','dai_dien','86',4,NULL,NULL),(2988,'29221','Thạnh Hải','Thanh Hai','Xã Thạnh Hải','Thanh Hai Commune','thanh_hai','86',4,NULL,NULL),(2989,'29224','An Qui','An Qui','Xã An Qui','An Qui Commune','an_qui','86',4,NULL,NULL),(2990,'29227','Thạnh Phong','Thanh Phong','Xã Thạnh Phong','Thanh Phong Commune','thanh_phong','86',4,NULL,NULL),(2991,'29266','Càng Long','Cang Long','Xã Càng Long','Cang Long Commune','cang_long','86',4,NULL,NULL),(2992,'29275','An Trường','An Truong','Xã An Trường','An Truong Commune','an_truong','86',4,NULL,NULL),(2993,'29278','Tân An','Tan An','Xã Tân An','Tan An Commune','tan_an','86',4,NULL,NULL),(2994,'29287','Bình Phú','Binh Phu','Xã Bình Phú','Binh Phu Commune','binh_phu','86',4,NULL,NULL),(2995,'29302','Nhị Long','Nhi Long','Xã Nhị Long','Nhi Long Commune','nhi_long','86',4,NULL,NULL),(2996,'29308','Cầu Kè','Cau Ke','Xã Cầu Kè','Cau Ke Commune','cau_ke','86',4,NULL,NULL),(2997,'29317','An Phú Tân','An Phu Tan','Xã An Phú Tân','An Phu Tan Commune','an_phu_tan','86',4,NULL,NULL),(2998,'29329','Phong Thạnh','Phong Thanh','Xã Phong Thạnh','Phong Thanh Commune','phong_thanh','86',4,NULL,NULL),(2999,'29335','Tam Ngãi','Tam Ngai','Xã Tam Ngãi','Tam Ngai Commune','tam_ngai','86',4,NULL,NULL),(3000,'29341','Tiểu Cần','Tieu Can','Xã Tiểu Cần','Tieu Can Commune','tieu_can','86',4,NULL,NULL),(3001,'29362','Hùng Hòa','Hung Hoa','Xã Hùng Hòa','Hung Hoa Commune','hung_hoa','86',4,NULL,NULL),(3002,'29365','Tập Ngãi','Tap Ngai','Xã Tập Ngãi','Tap Ngai Commune','tap_ngai','86',4,NULL,NULL),(3003,'29371','Tân Hòa','Tan Hoa','Xã Tân Hòa','Tan Hoa Commune','tan_hoa','86',4,NULL,NULL),(3004,'29374','Châu Thành','Chau Thanh','Xã Châu Thành','Chau Thanh Commune','chau_thanh','86',4,NULL,NULL),(3005,'29386','Song Lộc','Song Loc','Xã Song Lộc','Song Loc Commune','song_loc','86',4,NULL,NULL),(3006,'29407','Hưng Mỹ','Hung My','Xã Hưng Mỹ','Hung My Commune','hung_my','86',4,NULL,NULL),(3007,'29410','Hòa Minh','Hoa Minh','Xã Hòa Minh','Hoa Minh Commune','hoa_minh','86',4,NULL,NULL),(3008,'29413','Long Hòa','Long Hoa','Xã Long Hòa','Long Hoa Commune','long_hoa','86',4,NULL,NULL),(3009,'29416','Cầu Ngang','Cau Ngang','Xã Cầu Ngang','Cau Ngang Commune','cau_ngang','86',4,NULL,NULL),(3010,'29419','Mỹ Long','My Long','Xã Mỹ Long','My Long Commune','my_long','86',4,NULL,NULL),(3011,'29431','Vinh Kim','Vinh Kim','Xã Vinh Kim','Vinh Kim Commune','vinh_kim','86',4,NULL,NULL),(3012,'29446','Nhị Trường','Nhi Truong','Xã Nhị Trường','Nhi Truong Commune','nhi_truong','86',4,NULL,NULL),(3013,'29455','Hiệp Mỹ','Hiep My','Xã Hiệp Mỹ','Hiep My Commune','hiep_my','86',4,NULL,NULL),(3014,'29461','Trà Cú','Tra Cu','Xã Trà Cú','Tra Cu Commune','tra_cu','86',4,NULL,NULL),(3015,'29467','Tập Sơn','Tap Son','Xã Tập Sơn','Tap Son Commune','tap_son','86',4,NULL,NULL),(3016,'29476','Lưu Nghiệp Anh','Luu Nghiep Anh','Xã Lưu Nghiệp Anh','Luu Nghiep Anh Commune','luu_nghiep_anh','86',4,NULL,NULL),(3017,'29489','Hàm Giang','Ham Giang','Xã Hàm Giang','Ham Giang Commune','ham_giang','86',4,NULL,NULL),(3018,'29491','Đại An','Dai An','Xã Đại An','Dai An Commune','dai_an','86',4,NULL,NULL),(3019,'29497','Đôn Châu','Don Chau','Xã Đôn Châu','Don Chau Commune','don_chau','86',4,NULL,NULL),(3020,'29506','Long Hiệp','Long Hiep','Xã Long Hiệp','Long Hiep Commune','long_hiep','86',4,NULL,NULL),(3021,'29513','Long Thành','Long Thanh','Xã Long Thành','Long Thanh Commune','long_thanh','86',4,NULL,NULL),(3022,'29518','Long Hữu','Long Huu','Xã Long Hữu','Long Huu Commune','long_huu','86',4,NULL,NULL),(3023,'29530','Ngũ Lạc','Ngu Lac','Xã Ngũ Lạc','Ngu Lac Commune','ngu_lac','86',4,NULL,NULL),(3024,'29533','Long Vĩnh','Long Vinh','Xã Long Vĩnh','Long Vinh Commune','long_vinh','86',4,NULL,NULL),(3025,'29536','Đông Hải','Dong Hai','Xã Đông Hải','Dong Hai Commune','dong_hai','86',4,NULL,NULL),(3026,'29584','An Bình','An Binh','Xã An Bình','An Binh Commune','an_binh','86',4,NULL,NULL),(3027,'29602','Long Hồ','Long Ho','Xã Long Hồ','Long Ho Commune','long_ho','86',4,NULL,NULL),(3028,'29611','Phú Quới','Phu Quoi','Xã Phú Quới','Phu Quoi Commune','phu_quoi','86',4,NULL,NULL),(3029,'29623','Nhơn Phú','Nhon Phu','Xã Nhơn Phú','Nhon Phu Commune','nhon_phu','86',4,NULL,NULL),(3030,'29638','Bình Phước','Binh Phuoc','Xã Bình Phước','Binh Phuoc Commune','binh_phuoc','86',4,NULL,NULL),(3031,'29641','Cái Nhum','Cai Nhum','Xã Cái Nhum','Cai Nhum Commune','cai_nhum','86',4,NULL,NULL),(3032,'29653','Tân Long Hội','Tan Long Hoi','Xã Tân Long Hội','Tan Long Hoi Commune','tan_long_hoi','86',4,NULL,NULL),(3033,'29659','Trung Thành','Trung Thanh','Xã Trung Thành','Trung Thanh Commune','trung_thanh','86',4,NULL,NULL),(3034,'29668','Quới An','Quoi An','Xã Quới An','Quoi An Commune','quoi_an','86',4,NULL,NULL),(3035,'29677','Quới Thiện','Quoi Thien','Xã Quới Thiện','Quoi Thien Commune','quoi_thien','86',4,NULL,NULL),(3036,'29683','Trung Hiệp','Trung Hiep','Xã Trung Hiệp','Trung Hiep Commune','trung_hiep','86',4,NULL,NULL),(3037,'29698','Trung Ngãi','Trung Ngai','Xã Trung Ngãi','Trung Ngai Commune','trung_ngai','86',4,NULL,NULL),(3038,'29701','Hiếu Phụng','Hieu Phung','Xã Hiếu Phụng','Hieu Phung Commune','hieu_phung','86',4,NULL,NULL),(3039,'29713','Hiếu Thành','Hieu Thanh','Xã Hiếu Thành','Hieu Thanh Commune','hieu_thanh','86',4,NULL,NULL),(3040,'29719','Tam Bình','Tam Binh','Xã Tam Bình','Tam Binh Commune','tam_binh','86',4,NULL,NULL),(3041,'29728','Cái Ngang','Cai Ngang','Xã Cái Ngang','Cai Ngang Commune','cai_ngang','86',4,NULL,NULL),(3042,'29734','Hòa Hiệp','Hoa Hiep','Xã Hòa Hiệp','Hoa Hiep Commune','hoa_hiep','86',4,NULL,NULL),(3043,'29740','Song Phú','Song Phu','Xã Song Phú','Song Phu Commune','song_phu','86',4,NULL,NULL),(3044,'29767','Ngãi Tứ','Ngai Tu','Xã Ngãi Tứ','Ngai Tu Commune','ngai_tu','86',4,NULL,NULL),(3045,'29785','Tân Lược','Tan Luoc','Xã Tân Lược','Tan Luoc Commune','tan_luoc','86',4,NULL,NULL),(3046,'29788','Mỹ Thuận','My Thuan','Xã Mỹ Thuận','My Thuan Commune','my_thuan','86',4,NULL,NULL),(3047,'29800','Tân Quới','Tan Quoi','Xã Tân Quới','Tan Quoi Commune','tan_quoi','86',4,NULL,NULL),(3048,'29821','Trà Ôn','Tra On','Xã Trà Ôn','Tra On Commune','tra_on','86',4,NULL,NULL),(3049,'29830','Hòa Bình','Hoa Binh','Xã Hòa Bình','Hoa Binh Commune','hoa_binh','86',4,NULL,NULL),(3050,'29836','Trà Côn','Tra Con','Xã Trà Côn','Tra Con Commune','tra_con','86',4,NULL,NULL),(3051,'29845','Vĩnh Xuân','Vinh Xuan','Xã Vĩnh Xuân','Vinh Xuan Commune','vinh_xuan','86',4,NULL,NULL),(3052,'29857','Lục Sĩ Thành','Luc Si Thanh','Xã Lục Sĩ Thành','Luc Si Thanh Commune','luc_si_thanh','86',4,NULL,NULL),(3053,'30292','Bình Đức','Binh Duc','Phường Bình Đức','Binh Duc Ward','binh_duc','91',3,NULL,NULL),(3054,'30301','Mỹ Thới','My Thoi','Phường Mỹ Thới','My Thoi Ward','my_thoi','91',3,NULL,NULL),(3055,'30307','Long Xuyên','Long Xuyen','Phường Long Xuyên','Long Xuyen Ward','long_xuyen','91',3,NULL,NULL),(3056,'30316','Châu Đốc','Chau Doc','Phường Châu Đốc','Chau Doc Ward','chau_doc','91',3,NULL,NULL),(3057,'30325','Vĩnh Tế','Vinh Te','Phường Vĩnh Tế','Vinh Te Ward','vinh_te','91',3,NULL,NULL),(3058,'30376','Tân Châu','Tan Chau','Phường Tân Châu','Tan Chau Ward','tan_chau','91',3,NULL,NULL),(3059,'30377','Long Phú','Long Phu','Phường Long Phú','Long Phu Ward','long_phu','91',3,NULL,NULL),(3060,'30502','Thới Sơn','Thoi Son','Phường Thới Sơn','Thoi Son Ward','thoi_son','91',3,NULL,NULL),(3061,'30505','Chi Lăng','Chi Lang','Phường Chi Lăng','Chi Lang Ward','chi_lang','91',3,NULL,NULL),(3062,'30520','Tịnh Biên','Tinh Bien','Phường Tịnh Biên','Tinh Bien Ward','tinh_bien','91',3,NULL,NULL),(3063,'30742','Rạch Giá','Rach Gia','Phường Rạch Giá','Rach Gia Ward','rach_gia','91',3,NULL,NULL),(3064,'30760','Vĩnh Thông','Vinh Thong','Phường Vĩnh Thông','Vinh Thong Ward','vinh_thong','91',3,NULL,NULL),(3065,'30766','Tô Châu','To Chau','Phường Tô Châu','To Chau Ward','to_chau','91',3,NULL,NULL),(3066,'30769','Hà Tiên','Ha Tien','Phường Hà Tiên','Ha Tien Ward','ha_tien','91',3,NULL,NULL),(3067,'30313','Mỹ Hòa Hưng','My Hoa Hung','Xã Mỹ Hòa Hưng','My Hoa Hung Commune','my_hoa_hung','91',4,NULL,NULL),(3068,'30337','An Phú','An Phu','Xã An Phú','An Phu Commune','an_phu','91',4,NULL,NULL),(3069,'30341','Khánh Bình','Khanh Binh','Xã Khánh Bình','Khanh Binh Commune','khanh_binh','91',4,NULL,NULL),(3070,'30346','Nhơn Hội','Nhon Hoi','Xã Nhơn Hội','Nhon Hoi Commune','nhon_hoi','91',4,NULL,NULL),(3071,'30352','Phú Hữu','Phu Huu','Xã Phú Hữu','Phu Huu Commune','phu_huu','91',4,NULL,NULL),(3072,'30367','Vĩnh Hậu','Vinh Hau','Xã Vĩnh Hậu','Vinh Hau Commune','vinh_hau','91',4,NULL,NULL),(3073,'30385','Vĩnh Xương','Vinh Xuong','Xã Vĩnh Xương','Vinh Xuong Commune','vinh_xuong','91',4,NULL,NULL),(3074,'30388','Tân An','Tan An','Xã Tân An','Tan An Commune','tan_an','91',4,NULL,NULL),(3075,'30403','Châu Phong','Chau Phong','Xã Châu Phong','Chau Phong Commune','chau_phong','91',4,NULL,NULL),(3076,'30406','Phú Tân','Phu Tan','Xã Phú Tân','Phu Tan Commune','phu_tan','91',4,NULL,NULL),(3077,'30409','Chợ Vàm','Cho Vam','Xã Chợ Vàm','Cho Vam Commune','cho_vam','91',4,NULL,NULL),(3078,'30421','Phú Lâm','Phu Lam','Xã Phú Lâm','Phu Lam Commune','phu_lam','91',4,NULL,NULL),(3079,'30430','Hòa Lạc','Hoa Lac','Xã Hòa Lạc','Hoa Lac Commune','hoa_lac','91',4,NULL,NULL),(3080,'30436','Phú An','Phu An','Xã Phú An','Phu An Commune','phu_an','91',4,NULL,NULL),(3081,'30445','Bình Thạnh Đông','Binh Thanh Dong','Xã Bình Thạnh Đông','Binh Thanh Dong Commune','binh_thanh_dong','91',4,NULL,NULL),(3082,'30463','Châu Phú','Chau Phu','Xã Châu Phú','Chau Phu Commune','chau_phu','91',4,NULL,NULL),(3083,'30469','Mỹ Đức','My Duc','Xã Mỹ Đức','My Duc Commune','my_duc','91',4,NULL,NULL),(3084,'30478','Vĩnh Thạnh Trung','Vinh Thanh Trung','Xã Vĩnh Thạnh Trung','Vinh Thanh Trung Commune','vinh_thanh_trung','91',4,NULL,NULL),(3085,'30481','Thạnh Mỹ Tây','Thanh My Tay','Xã Thạnh Mỹ Tây','Thanh My Tay Commune','thanh_my_tay','91',4,NULL,NULL),(3086,'30487','Bình Mỹ','Binh My','Xã Bình Mỹ','Binh My Commune','binh_my','91',4,NULL,NULL),(3087,'30526','An Cư','An Cu','Xã An Cư','An Cu Commune','an_cu','91',4,NULL,NULL),(3088,'30538','Núi Cấm','Nui Cam','Xã Núi Cấm','Nui Cam Commune','nui_cam','91',4,NULL,NULL),(3089,'30544','Tri Tôn','Tri Ton','Xã Tri Tôn','Tri Ton Commune','tri_ton','91',4,NULL,NULL),(3090,'30547','Ba Chúc','Ba Chuc','Xã Ba Chúc','Ba Chuc Commune','ba_chuc','91',4,NULL,NULL),(3091,'30568','Vĩnh Gia','Vinh Gia','Xã Vĩnh Gia','Vinh Gia Commune','vinh_gia','91',4,NULL,NULL),(3092,'30577','Ô Lâm','O Lam','Xã Ô Lâm','O Lam Commune','o_lam','91',4,NULL,NULL),(3093,'30580','Cô Tô','Co To','Xã Cô Tô','Co To Commune','co_to','91',4,NULL,NULL),(3094,'30589','An Châu','An Chau','Xã An Châu','An Chau Commune','an_chau','91',4,NULL,NULL),(3095,'30595','Cần Đăng','Can Dang','Xã Cần Đăng','Can Dang Commune','can_dang','91',4,NULL,NULL),(3096,'30604','Vĩnh An','Vinh An','Xã Vĩnh An','Vinh An Commune','vinh_an','91',4,NULL,NULL),(3097,'30607','Bình Hòa','Binh Hoa','Xã Bình Hòa','Binh Hoa Commune','binh_hoa','91',4,NULL,NULL),(3098,'30619','Vĩnh Hanh','Vinh Hanh','Xã Vĩnh Hanh','Vinh Hanh Commune','vinh_hanh','91',4,NULL,NULL),(3099,'30628','Chợ Mới','Cho Moi','Xã Chợ Mới','Cho Moi Commune','cho_moi','91',4,NULL,NULL),(3100,'30631','Long Điền','Long Dien','Xã Long Điền','Long Dien Commune','long_dien','91',4,NULL,NULL),(3101,'30643','Cù Lao Giêng','Cu Lao Gieng','Xã Cù Lao Giêng','Cu Lao Gieng Commune','cu_lao_gieng','91',4,NULL,NULL),(3102,'30658','Nhơn Mỹ','Nhon My','Xã Nhơn Mỹ','Nhon My Commune','nhon_my','91',4,NULL,NULL),(3103,'30664','Long Kiến','Long Kien','Xã Long Kiến','Long Kien Commune','long_kien','91',4,NULL,NULL),(3104,'30673','Hội An','Hoi An','Xã Hội An','Hoi An Commune','hoi_an','91',4,NULL,NULL),(3105,'30682','Thoại Sơn','Thoai Son','Xã Thoại Sơn','Thoai Son Commune','thoai_son','91',4,NULL,NULL),(3106,'30685','Phú Hòa','Phu Hoa','Xã Phú Hòa','Phu Hoa Commune','phu_hoa','91',4,NULL,NULL),(3107,'30688','Óc Eo','Oc Eo','Xã Óc Eo','Oc Eo Commune','oc_eo','91',4,NULL,NULL),(3108,'30691','Tây Phú','Tay Phu','Xã Tây Phú','Tay Phu Commune','tay_phu','91',4,NULL,NULL),(3109,'30697','Vĩnh Trạch','Vinh Trach','Xã Vĩnh Trạch','Vinh Trach Commune','vinh_trach','91',4,NULL,NULL),(3110,'30709','Định Mỹ','Dinh My','Xã Định Mỹ','Dinh My Commune','dinh_my','91',4,NULL,NULL),(3111,'30781','Tiên Hải','Tien Hai','Xã Tiên Hải','Tien Hai Commune','tien_hai','91',4,NULL,NULL),(3112,'30787','Kiên Lương','Kien Luong','Xã Kiên Lương','Kien Luong Commune','kien_luong','91',4,NULL,NULL),(3113,'30790','Hòa Điền','Hoa Dien','Xã Hòa Điền','Hoa Dien Commune','hoa_dien','91',4,NULL,NULL),(3114,'30793','Vĩnh Điều','Vinh Dieu','Xã Vĩnh Điều','Vinh Dieu Commune','vinh_dieu','91',4,NULL,NULL),(3115,'30796','Giang Thành','Giang Thanh','Xã Giang Thành','Giang Thanh Commune','giang_thanh','91',4,NULL,NULL),(3116,'30811','Sơn Hải','Son Hai','Xã Sơn Hải','Son Hai Commune','son_hai','91',4,NULL,NULL),(3117,'30814','Hòn Nghệ','Hon Nghe','Xã Hòn Nghệ','Hon Nghe Commune','hon_nghe','91',4,NULL,NULL),(3118,'30817','Hòn Đất','Hon Dat','Xã Hòn Đất','Hon Dat Commune','hon_dat','91',4,NULL,NULL),(3119,'30823','Bình Sơn','Binh Son','Xã Bình Sơn','Binh Son Commune','binh_son','91',4,NULL,NULL),(3120,'30826','Bình Giang','Binh Giang','Xã Bình Giang','Binh Giang Commune','binh_giang','91',4,NULL,NULL),(3121,'30835','Sơn Kiên','Son Kien','Xã Sơn Kiên','Son Kien Commune','son_kien','91',4,NULL,NULL),(3122,'30838','Mỹ Thuận','My Thuan','Xã Mỹ Thuận','My Thuan Commune','my_thuan','91',4,NULL,NULL),(3123,'30850','Tân Hiệp','Tan Hiep','Xã Tân Hiệp','Tan Hiep Commune','tan_hiep','91',4,NULL,NULL),(3124,'30856','Tân Hội','Tan Hoi','Xã Tân Hội','Tan Hoi Commune','tan_hoi','91',4,NULL,NULL),(3125,'30874','Thạnh Đông','Thanh Dong','Xã Thạnh Đông','Thanh Dong Commune','thanh_dong','91',4,NULL,NULL),(3126,'30880','Châu Thành','Chau Thanh','Xã Châu Thành','Chau Thanh Commune','chau_thanh','91',4,NULL,NULL),(3127,'30886','Thạnh Lộc','Thanh Loc','Xã Thạnh Lộc','Thanh Loc Commune','thanh_loc','91',4,NULL,NULL),(3128,'30898','Bình An','Binh An','Xã Bình An','Binh An Commune','binh_an','91',4,NULL,NULL),(3129,'30904','Giồng Riềng','Giong Rieng','Xã Giồng Riềng','Giong Rieng Commune','giong_rieng','91',4,NULL,NULL),(3130,'30910','Thạnh Hưng','Thanh Hung','Xã Thạnh Hưng','Thanh Hung Commune','thanh_hung','91',4,NULL,NULL),(3131,'30928','Ngọc Chúc','Ngoc Chuc','Xã Ngọc Chúc','Ngoc Chuc Commune','ngoc_chuc','91',4,NULL,NULL),(3132,'30934','Hòa Hưng','Hoa Hung','Xã Hòa Hưng','Hoa Hung Commune','hoa_hung','91',4,NULL,NULL),(3133,'30943','Long Thạnh','Long Thanh','Xã Long Thạnh','Long Thanh Commune','long_thanh','91',4,NULL,NULL),(3134,'30949','Hòa Thuận','Hoa Thuan','Xã Hòa Thuận','Hoa Thuan Commune','hoa_thuan','91',4,NULL,NULL),(3135,'30952','Gò Quao','Go Quao','Xã Gò Quao','Go Quao Commune','go_quao','91',4,NULL,NULL),(3136,'30958','Định Hòa','Dinh Hoa','Xã Định Hòa','Dinh Hoa Commune','dinh_hoa','91',4,NULL,NULL),(3137,'30970','Vĩnh Hòa Hưng','Vinh Hoa Hung','Xã Vĩnh Hòa Hưng','Vinh Hoa Hung Commune','vinh_hoa_hung','91',4,NULL,NULL),(3138,'30982','Vĩnh Tuy','Vinh Tuy','Xã Vĩnh Tuy','Vinh Tuy Commune','vinh_tuy','91',4,NULL,NULL),(3139,'30985','An Biên','An Bien','Xã An Biên','An Bien Commune','an_bien','91',4,NULL,NULL),(3140,'30988','Tây Yên','Tay Yen','Xã Tây Yên','Tay Yen Commune','tay_yen','91',4,NULL,NULL),(3141,'31006','Đông Thái','Dong Thai','Xã Đông Thái','Dong Thai Commune','dong_thai','91',4,NULL,NULL),(3142,'31012','Vĩnh Hòa','Vinh Hoa','Xã Vĩnh Hòa','Vinh Hoa Commune','vinh_hoa','91',4,NULL,NULL),(3143,'31018','An Minh','An Minh','Xã An Minh','An Minh Commune','an_minh','91',4,NULL,NULL),(3144,'31024','Đông Hòa','Dong Hoa','Xã Đông Hòa','Dong Hoa Commune','dong_hoa','91',4,NULL,NULL),(3145,'31027','u Minh Thượng','u Minh Thuong','Xã u Minh Thượng','u Minh Thuong Commune','u_minh_thuong','91',4,NULL,NULL),(3146,'31031','Tân Thạnh','Tan Thanh','Xã Tân Thạnh','Tan Thanh Commune','tan_thanh','91',4,NULL,NULL),(3147,'31036','Đông Hưng','Dong Hung','Xã Đông Hưng','Dong Hung Commune','dong_hung','91',4,NULL,NULL),(3148,'31042','Vân Khánh','Van Khanh','Xã Vân Khánh','Van Khanh Commune','van_khanh','91',4,NULL,NULL),(3149,'31051','Vĩnh Phong','Vinh Phong','Xã Vĩnh Phong','Vinh Phong Commune','vinh_phong','91',4,NULL,NULL),(3150,'31064','Vĩnh Bình','Vinh Binh','Xã Vĩnh Bình','Vinh Binh Commune','vinh_binh','91',4,NULL,NULL),(3151,'31069','Vĩnh Thuận','Vinh Thuan','Xã Vĩnh Thuận','Vinh Thuan Commune','vinh_thuan','91',4,NULL,NULL),(3152,'31078','Phú Quốc','Phu Quoc','Đặc khu Phú Quốc','Phu Quoc Special administrative region','phu_quoc','91',5,NULL,NULL),(3153,'31105','Thổ Châu','Tho Chau','Đặc khu Thổ Châu','Tho Chau Special administrative region','tho_chau','91',5,NULL,NULL),(3154,'31108','Kiên Hải','Kien Hai','Đặc khu Kiên Hải','Kien Hai Special administrative region','kien_hai','91',5,NULL,NULL),(3155,'31120','Cái Khế','Cai Khe','Phường Cái Khế','Cai Khe Ward','cai_khe','92',3,NULL,NULL),(3156,'31135','Ninh Kiều','Ninh Kieu','Phường Ninh Kiều','Ninh Kieu Ward','ninh_kieu','92',3,NULL,NULL),(3157,'31147','Tân An','Tan An','Phường Tân An','Tan An Ward','tan_an','92',3,NULL,NULL),(3158,'31150','An Bình','An Binh','Phường An Bình','An Binh Ward','an_binh','92',3,NULL,NULL),(3159,'31153','Ô Môn','O Mon','Phường Ô Môn','O Mon Ward','o_mon','92',3,NULL,NULL),(3160,'31157','Thới Long','Thoi Long','Phường Thới Long','Thoi Long Ward','thoi_long','92',3,NULL,NULL),(3161,'31162','Phước Thới','Phuoc Thoi','Phường Phước Thới','Phuoc Thoi Ward','phuoc_thoi','92',3,NULL,NULL),(3162,'31168','Bình Thủy','Binh Thuy','Phường Bình Thủy','Binh Thuy Ward','binh_thuy','92',3,NULL,NULL),(3163,'31174','Thới An Đông','Thoi An Dong','Phường Thới An Đông','Thoi An Dong Ward','thoi_an_dong','92',3,NULL,NULL),(3164,'31183','Long Tuyền','Long Tuyen','Phường Long Tuyền','Long Tuyen Ward','long_tuyen','92',3,NULL,NULL),(3165,'31186','Cái Răng','Cai Rang','Phường Cái Răng','Cai Rang Ward','cai_rang','92',3,NULL,NULL),(3166,'31201','Hưng Phú','Hung Phu','Phường Hưng Phú','Hung Phu Ward','hung_phu','92',3,NULL,NULL),(3167,'31207','Thốt Nốt','Thot Not','Phường Thốt Nốt','Thot Not Ward','thot_not','92',3,NULL,NULL),(3168,'31213','Tân Lộc','Tan Loc','Phường Tân Lộc','Tan Loc Ward','tan_loc','92',3,NULL,NULL),(3169,'31217','Trung Nhứt','Trung Nhut','Phường Trung Nhứt','Trung Nhut Ward','trung_nhut','92',3,NULL,NULL),(3170,'31228','Thuận Hưng','Thuan Hung','Phường Thuận Hưng','Thuan Hung Ward','thuan_hung','92',3,NULL,NULL),(3171,'31321','Vị Thanh','Vi Thanh','Phường Vị Thanh','Vi Thanh Ward','vi_thanh','92',3,NULL,NULL),(3172,'31333','Vị Tân','Vi Tan','Phường Vị Tân','Vi Tan Ward','vi_tan','92',3,NULL,NULL),(3173,'31340','Ngã Bảy','Nga Bay','Phường Ngã Bảy','Nga Bay Ward','nga_bay','92',3,NULL,NULL),(3174,'31411','Đại Thành','Dai Thanh','Phường Đại Thành','Dai Thanh Ward','dai_thanh','92',3,NULL,NULL),(3175,'31471','Long Mỹ','Long My','Phường Long Mỹ','Long My Ward','long_my','92',3,NULL,NULL),(3176,'31473','Long Bình','Long Binh','Phường Long Bình','Long Binh Ward','long_binh','92',3,NULL,NULL),(3177,'31480','Long Phú 1','Long Phu 1','Phường Long Phú 1','Long Phu 1 Ward','long_phu_1','92',3,NULL,NULL),(3178,'31507','Sóc Trăng','Soc Trang','Phường Sóc Trăng','Soc Trang Ward','soc_trang','92',3,NULL,NULL),(3179,'31510','Phú Lợi','Phu Loi','Phường Phú Lợi','Phu Loi Ward','phu_loi','92',3,NULL,NULL),(3180,'31684','Mỹ Xuyên','My Xuyen','Phường Mỹ Xuyên','My Xuyen Ward','my_xuyen','92',3,NULL,NULL),(3181,'31732','Ngã Năm','Nga Nam','Phường Ngã Năm','Nga Nam Ward','nga_nam','92',3,NULL,NULL),(3182,'31753','Mỹ Quới','My Quoi','Phường Mỹ Quới','My Quoi Ward','my_quoi','92',3,NULL,NULL),(3183,'31783','Vĩnh Châu','Vinh Chau','Phường Vĩnh Châu','Vinh Chau Ward','vinh_chau','92',3,NULL,NULL),(3184,'31789','Khánh Hòa','Khanh Hoa','Phường Khánh Hòa','Khanh Hoa Ward','khanh_hoa','92',3,NULL,NULL),(3185,'31804','Vĩnh Phước','Vinh Phuoc','Phường Vĩnh Phước','Vinh Phuoc Ward','vinh_phuoc','92',3,NULL,NULL),(3186,'31231','Thạnh An','Thanh An','Xã Thạnh An','Thanh An Commune','thanh_an','92',4,NULL,NULL),(3187,'31232','Vĩnh Thạnh','Vinh Thanh','Xã Vĩnh Thạnh','Vinh Thanh Commune','vinh_thanh','92',4,NULL,NULL),(3188,'31237','Vĩnh Trinh','Vinh Trinh','Xã Vĩnh Trinh','Vinh Trinh Commune','vinh_trinh','92',4,NULL,NULL),(3189,'31246','Thạnh Quới','Thanh Quoi','Xã Thạnh Quới','Thanh Quoi Commune','thanh_quoi','92',4,NULL,NULL),(3190,'31249','Thạnh Phú','Thanh Phu','Xã Thạnh Phú','Thanh Phu Commune','thanh_phu','92',4,NULL,NULL),(3191,'31255','Trung Hưng','Trung Hung','Xã Trung Hưng','Trung Hung Commune','trung_hung','92',4,NULL,NULL),(3192,'31258','Thới Lai','Thoi Lai','Xã Thới Lai','Thoi Lai Commune','thoi_lai','92',4,NULL,NULL),(3193,'31261','Cờ Đỏ','Co Do','Xã Cờ Đỏ','Co Do Commune','co_do','92',4,NULL,NULL),(3194,'31264','Thới Hưng','Thoi Hung','Xã Thới Hưng','Thoi Hung Commune','thoi_hung','92',4,NULL,NULL),(3195,'31273','Đông Hiệp','Dong Hiep','Xã Đông Hiệp','Dong Hiep Commune','dong_hiep','92',4,NULL,NULL),(3196,'31282','Đông Thuận','Dong Thuan','Xã Đông Thuận','Dong Thuan Commune','dong_thuan','92',4,NULL,NULL),(3197,'31288','Trường Thành','Truong Thanh','Xã Trường Thành','Truong Thanh Commune','truong_thanh','92',4,NULL,NULL),(3198,'31294','Trường Xuân','Truong Xuan','Xã Trường Xuân','Truong Xuan Commune','truong_xuan','92',4,NULL,NULL),(3199,'31299','Phong Điền','Phong Dien','Xã Phong Điền','Phong Dien Commune','phong_dien','92',4,NULL,NULL),(3200,'31309','Trường Long','Truong Long','Xã Trường Long','Truong Long Commune','truong_long','92',4,NULL,NULL),(3201,'31315','Nhơn Ái','Nhon Ai','Xã Nhơn Ái','Nhon Ai Commune','nhon_ai','92',4,NULL,NULL),(3202,'31338','Hỏa Lựu','Hoa Luu','Xã Hỏa Lựu','Hoa Luu Commune','hoa_luu','92',4,NULL,NULL),(3203,'31342','Tân Hòa','Tan Hoa','Xã Tân Hòa','Tan Hoa Commune','tan_hoa','92',4,NULL,NULL),(3204,'31348','Trường Long Tây','Truong Long Tay','Xã Trường Long Tây','Truong Long Tay Commune','truong_long_tay','92',4,NULL,NULL),(3205,'31360','Thạnh Xuân','Thanh Xuan','Xã Thạnh Xuân','Thanh Xuan Commune','thanh_xuan','92',4,NULL,NULL),(3206,'31366','Châu Thành','Chau Thanh','Xã Châu Thành','Chau Thanh Commune','chau_thanh','92',4,NULL,NULL),(3207,'31369','Đông Phước','Dong Phuoc','Xã Đông Phước','Dong Phuoc Commune','dong_phuoc','92',4,NULL,NULL),(3208,'31378','Phú Hữu','Phu Huu','Xã Phú Hữu','Phu Huu Commune','phu_huu','92',4,NULL,NULL),(3209,'31393','Hòa An','Hoa An','Xã Hòa An','Hoa An Commune','hoa_an','92',4,NULL,NULL),(3210,'31396','Hiệp Hưng','Hiep Hung','Xã Hiệp Hưng','Hiep Hung Commune','hiep_hung','92',4,NULL,NULL),(3211,'31399','Tân Bình','Tan Binh','Xã Tân Bình','Tan Binh Commune','tan_binh','92',4,NULL,NULL),(3212,'31408','Thạnh Hòa','Thanh Hoa','Xã Thạnh Hòa','Thanh Hoa Commune','thanh_hoa','92',4,NULL,NULL),(3213,'31420','Phụng Hiệp','Phung Hiep','Xã Phụng Hiệp','Phung Hiep Commune','phung_hiep','92',4,NULL,NULL),(3214,'31426','Phương Bình','Phuong Binh','Xã Phương Bình','Phuong Binh Commune','phuong_binh','92',4,NULL,NULL),(3215,'31432','Tân Phước Hưng','Tan Phuoc Hung','Xã Tân Phước Hưng','Tan Phuoc Hung Commune','tan_phuoc_hung','92',4,NULL,NULL),(3216,'31441','Vị Thủy','Vi Thuy','Xã Vị Thủy','Vi Thuy Commune','vi_thuy','92',4,NULL,NULL),(3217,'31453','Vĩnh Thuận Đông','Vinh Thuan Dong','Xã Vĩnh Thuận Đông','Vinh Thuan Dong Commune','vinh_thuan_dong','92',4,NULL,NULL),(3218,'31459','Vĩnh Tường','Vinh Tuong','Xã Vĩnh Tường','Vinh Tuong Commune','vinh_tuong','92',4,NULL,NULL),(3219,'31465','Vị Thanh 1','Vi Thanh 1','Xã Vị Thanh 1','Vi Thanh 1 Commune','vi_thanh_1','92',4,NULL,NULL),(3220,'31489','Vĩnh Viễn','Vinh Vien','Xã Vĩnh Viễn','Vinh Vien Commune','vinh_vien','92',4,NULL,NULL),(3221,'31492','Lương Tâm','Luong Tam','Xã Lương Tâm','Luong Tam Commune','luong_tam','92',4,NULL,NULL),(3222,'31495','Xà Phiên','Xa Phien','Xã Xà Phiên','Xa Phien Commune','xa_phien','92',4,NULL,NULL),(3223,'31528','Kế Sách','Ke Sach','Xã Kế Sách','Ke Sach Commune','ke_sach','92',4,NULL,NULL),(3224,'31531','An Lạc Thôn','An Lac Thon','Xã An Lạc Thôn','An Lac Thon Commune','an_lac_thon','92',4,NULL,NULL),(3225,'31537','Phong Nẫm','Phong Nam','Xã Phong Nẫm','Phong Nam Commune','phong_nam','92',4,NULL,NULL),(3226,'31540','Thới An Hội','Thoi An Hoi','Xã Thới An Hội','Thoi An Hoi Commune','thoi_an_hoi','92',4,NULL,NULL),(3227,'31552','Nhơn Mỹ','Nhon My','Xã Nhơn Mỹ','Nhon My Commune','nhon_my','92',4,NULL,NULL),(3228,'31561','Đại Hải','Dai Hai','Xã Đại Hải','Dai Hai Commune','dai_hai','92',4,NULL,NULL),(3229,'31567','Mỹ Tú','My Tu','Xã Mỹ Tú','My Tu Commune','my_tu','92',4,NULL,NULL),(3230,'31569','Phú Tâm','Phu Tam','Xã Phú Tâm','Phu Tam Commune','phu_tam','92',4,NULL,NULL),(3231,'31570','Hồ Đắc Kiện','Ho Dac Kien','Xã Hồ Đắc Kiện','Ho Dac Kien Commune','ho_dac_kien','92',4,NULL,NULL),(3232,'31579','Long Hưng','Long Hung','Xã Long Hưng','Long Hung Commune','long_hung','92',4,NULL,NULL),(3233,'31582','Thuận Hòa','Thuan Hoa','Xã Thuận Hòa','Thuan Hoa Commune','thuan_hoa','92',4,NULL,NULL),(3234,'31591','Mỹ Hương','My Huong','Xã Mỹ Hương','My Huong Commune','my_huong','92',4,NULL,NULL),(3235,'31594','An Ninh','An Ninh','Xã An Ninh','An Ninh Commune','an_ninh','92',4,NULL,NULL),(3236,'31603','Mỹ Phước','My Phuoc','Xã Mỹ Phước','My Phuoc Commune','my_phuoc','92',4,NULL,NULL),(3237,'31615','An Thạnh','An Thanh','Xã An Thạnh','An Thanh Commune','an_thanh','92',4,NULL,NULL),(3238,'31633','Cù Lao Dung','Cu Lao Dung','Xã Cù Lao Dung','Cu Lao Dung Commune','cu_lao_dung','92',4,NULL,NULL),(3239,'31639','Long Phú','Long Phu','Xã Long Phú','Long Phu Commune','long_phu','92',4,NULL,NULL),(3240,'31645','Đại Ngãi','Dai Ngai','Xã Đại Ngãi','Dai Ngai Commune','dai_ngai','92',4,NULL,NULL),(3241,'31654','Trường Khánh','Truong Khanh','Xã Trường Khánh','Truong Khanh Commune','truong_khanh','92',4,NULL,NULL),(3242,'31666','Tân Thạnh','Tan Thanh','Xã Tân Thạnh','Tan Thanh Commune','tan_thanh','92',4,NULL,NULL),(3243,'31673','Trần Đề','Tran De','Xã Trần Đề','Tran De Commune','tran_de','92',4,NULL,NULL),(3244,'31675','Liêu Tú','Lieu Tu','Xã Liêu Tú','Lieu Tu Commune','lieu_tu','92',4,NULL,NULL),(3245,'31679','Lịch Hội Thượng','Lich Hoi Thuong','Xã Lịch Hội Thượng','Lich Hoi Thuong Commune','lich_hoi_thuong','92',4,NULL,NULL),(3246,'31687','Tài Văn','Tai Van','Xã Tài Văn','Tai Van Commune','tai_van','92',4,NULL,NULL),(3247,'31699','Thạnh Thới An','Thanh Thoi An','Xã Thạnh Thới An','Thanh Thoi An Commune','thanh_thoi_an','92',4,NULL,NULL),(3248,'31708','Nhu Gia','Nhu Gia','Xã Nhu Gia','Nhu Gia Commune','nhu_gia','92',4,NULL,NULL),(3249,'31717','Hòa Tú','Hoa Tu','Xã Hòa Tú','Hoa Tu Commune','hoa_tu','92',4,NULL,NULL),(3250,'31723','Ngọc Tố','Ngoc To','Xã Ngọc Tố','Ngoc To Commune','ngoc_to','92',4,NULL,NULL),(3251,'31726','Gia Hòa','Gia Hoa','Xã Gia Hòa','Gia Hoa Commune','gia_hoa','92',4,NULL,NULL),(3252,'31741','Tân Long','Tan Long','Xã Tân Long','Tan Long Commune','tan_long','92',4,NULL,NULL),(3253,'31756','Phú Lộc','Phu Loc','Xã Phú Lộc','Phu Loc Commune','phu_loc','92',4,NULL,NULL),(3254,'31759','Lâm Tân','Lam Tan','Xã Lâm Tân','Lam Tan Commune','lam_tan','92',4,NULL,NULL),(3255,'31777','Vĩnh Lợi','Vinh Loi','Xã Vĩnh Lợi','Vinh Loi Commune','vinh_loi','92',4,NULL,NULL),(3256,'31795','Vĩnh Hải','Vinh Hai','Xã Vĩnh Hải','Vinh Hai Commune','vinh_hai','92',4,NULL,NULL),(3257,'31810','Lai Hòa','Lai Hoa','Xã Lai Hòa','Lai Hoa Commune','lai_hoa','92',4,NULL,NULL),(3258,'31825','Bạc Liêu','Bac Lieu','Phường Bạc Liêu','Bac Lieu Ward','bac_lieu','96',3,NULL,NULL),(3259,'31834','Vĩnh Trạch','Vinh Trach','Phường Vĩnh Trạch','Vinh Trach Ward','vinh_trach','96',3,NULL,NULL),(3260,'31840','Hiệp Thành','Hiep Thanh','Phường Hiệp Thành','Hiep Thanh Ward','hiep_thanh','96',3,NULL,NULL),(3261,'31942','Giá Rai','Gia Rai','Phường Giá Rai','Gia Rai Ward','gia_rai','96',3,NULL,NULL),(3262,'31951','Láng Tròn','Lang Tron','Phường Láng Tròn','Lang Tron Ward','lang_tron','96',3,NULL,NULL),(3263,'32002','An Xuyên','An Xuyen','Phường An Xuyên','An Xuyen Ward','an_xuyen','96',3,NULL,NULL),(3264,'32014','Lý Văn Lâm','Ly Van Lam','Phường Lý Văn Lâm','Ly Van Lam Ward','ly_van_lam','96',3,NULL,NULL),(3265,'32025','Tân Thành','Tan Thanh','Phường Tân Thành','Tan Thanh Ward','tan_thanh','96',3,NULL,NULL),(3266,'32041','Hòa Thành','Hoa Thanh','Phường Hòa Thành','Hoa Thanh Ward','hoa_thanh','96',3,NULL,NULL),(3267,'31843','Hồng Dân','Hong Dan','Xã Hồng Dân','Hong Dan Commune','hong_dan','96',4,NULL,NULL),(3268,'31849','Ninh Quới','Ninh Quoi','Xã Ninh Quới','Ninh Quoi Commune','ninh_quoi','96',4,NULL,NULL),(3269,'31858','Vĩnh Lộc','Vinh Loc','Xã Vĩnh Lộc','Vinh Loc Commune','vinh_loc','96',4,NULL,NULL),(3270,'31864','Ninh Thạnh Lợi','Ninh Thanh Loi','Xã Ninh Thạnh Lợi','Ninh Thanh Loi Commune','ninh_thanh_loi','96',4,NULL,NULL),(3271,'31867','Phước Long','Phuoc Long','Xã Phước Long','Phuoc Long Commune','phuoc_long','96',4,NULL,NULL),(3272,'31876','Vĩnh Phước','Vinh Phuoc','Xã Vĩnh Phước','Vinh Phuoc Commune','vinh_phuoc','96',4,NULL,NULL),(3273,'31882','Vĩnh Thanh','Vinh Thanh','Xã Vĩnh Thanh','Vinh Thanh Commune','vinh_thanh','96',4,NULL,NULL),(3274,'31885','Phong Hiệp','Phong Hiep','Xã Phong Hiệp','Phong Hiep Commune','phong_hiep','96',4,NULL,NULL),(3275,'31891','Hòa Bình','Hoa Binh','Xã Hòa Bình','Hoa Binh Commune','hoa_binh','96',4,NULL,NULL),(3276,'31894','Châu Thới','Chau Thoi','Xã Châu Thới','Chau Thoi Commune','chau_thoi','96',4,NULL,NULL),(3277,'31900','Vĩnh Lợi','Vinh Loi','Xã Vĩnh Lợi','Vinh Loi Commune','vinh_loi','96',4,NULL,NULL),(3278,'31906','Hưng Hội','Hung Hoi','Xã Hưng Hội','Hung Hoi Commune','hung_hoi','96',4,NULL,NULL),(3279,'31918','Vĩnh Mỹ','Vinh My','Xã Vĩnh Mỹ','Vinh My Commune','vinh_my','96',4,NULL,NULL),(3280,'31927','Vĩnh Hậu','Vinh Hau','Xã Vĩnh Hậu','Vinh Hau Commune','vinh_hau','96',4,NULL,NULL),(3281,'31957','Phong Thạnh','Phong Thanh','Xã Phong Thạnh','Phong Thanh Commune','phong_thanh','96',4,NULL,NULL),(3282,'31972','Gành Hào','Ganh Hao','Xã Gành Hào','Ganh Hao Commune','ganh_hao','96',4,NULL,NULL),(3283,'31975','Đông Hải','Dong Hai','Xã Đông Hải','Dong Hai Commune','dong_hai','96',4,NULL,NULL),(3284,'31985','Long Điền','Long Dien','Xã Long Điền','Long Dien Commune','long_dien','96',4,NULL,NULL),(3285,'31988','An Trạch','An Trach','Xã An Trạch','An Trach Commune','an_trach','96',4,NULL,NULL),(3286,'31993','Định Thành','Dinh Thanh','Xã Định Thành','Dinh Thanh Commune','dinh_thanh','96',4,NULL,NULL),(3287,'32044','Nguyễn Phích','Nguyen Phich','Xã Nguyễn Phích','Nguyen Phich Commune','nguyen_phich','96',4,NULL,NULL),(3288,'32047','U Minh','U Minh','Xã U Minh','U Minh Commune','u_minh','96',4,NULL,NULL),(3289,'32059','Khánh An','Khanh An','Xã Khánh An','Khanh An Commune','khanh_an','96',4,NULL,NULL),(3290,'32062','Khánh Lâm','Khanh Lam','Xã Khánh Lâm','Khanh Lam Commune','khanh_lam','96',4,NULL,NULL),(3291,'32065','Thới Bình','Thoi Binh','Xã Thới Bình','Thoi Binh Commune','thoi_binh','96',4,NULL,NULL),(3292,'32069','Biển Bạch','Bien Bach','Xã Biển Bạch','Bien Bach Commune','bien_bach','96',4,NULL,NULL),(3293,'32071','Trí Phải','Tri Phai','Xã Trí Phải','Tri Phai Commune','tri_phai','96',4,NULL,NULL),(3294,'32083','Tân Lộc','Tan Loc','Xã Tân Lộc','Tan Loc Commune','tan_loc','96',4,NULL,NULL),(3295,'32092','Hồ Thị Kỷ','Ho Thi Ky','Xã Hồ Thị Kỷ','Ho Thi Ky Commune','ho_thi_ky','96',4,NULL,NULL),(3296,'32095','Trần Văn Thời','Tran Van Thoi','Xã Trần Văn Thời','Tran Van Thoi Commune','tran_van_thoi','96',4,NULL,NULL),(3297,'32098','Sông Đốc','Song Doc','Xã Sông Đốc','Song Doc Commune','song_doc','96',4,NULL,NULL),(3298,'32104','Đá Bạc','Da Bac','Xã Đá Bạc','Da Bac Commune','da_bac','96',4,NULL,NULL),(3299,'32110','Khánh Bình','Khanh Binh','Xã Khánh Bình','Khanh Binh Commune','khanh_binh','96',4,NULL,NULL),(3300,'32119','Khánh Hưng','Khanh Hung','Xã Khánh Hưng','Khanh Hung Commune','khanh_hung','96',4,NULL,NULL),(3301,'32128','Cái Nước','Cai Nuoc','Xã Cái Nước','Cai Nuoc Commune','cai_nuoc','96',4,NULL,NULL),(3302,'32134','Lương Thế Trân','Luong The Tran','Xã Lương Thế Trân','Luong The Tran Commune','luong_the_tran','96',4,NULL,NULL),(3303,'32137','Tân Hưng','Tan Hung','Xã Tân Hưng','Tan Hung Commune','tan_hung','96',4,NULL,NULL),(3304,'32140','Hưng Mỹ','Hung My','Xã Hưng Mỹ','Hung My Commune','hung_my','96',4,NULL,NULL),(3305,'32152','Đầm Dơi','Dam Doi','Xã Đầm Dơi','Dam Doi Commune','dam_doi','96',4,NULL,NULL),(3306,'32155','Tạ An Khương','Ta An Khuong','Xã Tạ An Khương','Ta An Khuong Commune','ta_an_khuong','96',4,NULL,NULL),(3307,'32161','Trần Phán','Tran Phan','Xã Trần Phán','Tran Phan Commune','tran_phan','96',4,NULL,NULL),(3308,'32167','Tân Thuận','Tan Thuan','Xã Tân Thuận','Tan Thuan Commune','tan_thuan','96',4,NULL,NULL),(3309,'32182','Quách Phẩm','Quach Pham','Xã Quách Phẩm','Quach Pham Commune','quach_pham','96',4,NULL,NULL),(3310,'32185','Thanh Tùng','Thanh Tung','Xã Thanh Tùng','Thanh Tung Commune','thanh_tung','96',4,NULL,NULL),(3311,'32188','Tân Tiến','Tan Tien','Xã Tân Tiến','Tan Tien Commune','tan_tien','96',4,NULL,NULL),(3312,'32191','Năm Căn','Nam Can','Xã Năm Căn','Nam Can Commune','nam_can','96',4,NULL,NULL),(3313,'32201','Đất Mới','Dat Moi','Xã Đất Mới','Dat Moi Commune','dat_moi','96',4,NULL,NULL),(3314,'32206','Tam Giang','Tam Giang','Xã Tam Giang','Tam Giang Commune','tam_giang','96',4,NULL,NULL),(3315,'32212','Cái Đôi Vàm','Cai Doi Vam','Xã Cái Đôi Vàm','Cai Doi Vam Commune','cai_doi_vam','96',4,NULL,NULL),(3316,'32214','Phú Mỹ','Phu My','Xã Phú Mỹ','Phu My Commune','phu_my','96',4,NULL,NULL),(3317,'32218','Phú Tân','Phu Tan','Xã Phú Tân','Phu Tan Commune','phu_tan','96',4,NULL,NULL),(3318,'32227','Nguyễn Việt Khái','Nguyen Viet Khai','Xã Nguyễn Việt Khái','Nguyen Viet Khai Commune','nguyen_viet_khai','96',4,NULL,NULL),(3319,'32236','Tân Ân','Tan An','Xã Tân Ân','Tan An Commune','tan_an','96',4,NULL,NULL),(3320,'32244','Phan Ngọc Hiển','Phan Ngoc Hien','Xã Phan Ngọc Hiển','Phan Ngoc Hien Commune','phan_ngoc_hien','96',4,NULL,NULL),(3321,'32248','Đất Mũi','Dat Mui','Xã Đất Mũi','Dat Mui Commune','dat_mui','96',4,NULL,NULL);
/*!40000 ALTER TABLE `wards` ENABLE KEYS */;
UNLOCK TABLES;

--
-- Table structure for table `wp_options`
--

DROP TABLE IF EXISTS `wp_options`;
/*!40101 SET @saved_cs_client     = @@character_set_client */;
/*!50503 SET character_set_client = utf8mb4 */;
CREATE TABLE `wp_options` (
  `option_id` bigint unsigned NOT NULL AUTO_INCREMENT,
  `option_name` varchar(191) CHARACTER SET utf8mb4 COLLATE utf8mb4_0900_ai_ci NOT NULL DEFAULT '',
  `option_value` longtext CHARACTER SET utf8mb4 COLLATE utf8mb4_0900_ai_ci NOT NULL,
  `autoload` varchar(20) CHARACTER SET utf8mb4 COLLATE utf8mb4_0900_ai_ci NOT NULL DEFAULT 'yes',
  PRIMARY KEY (`option_id`),
  UNIQUE KEY `wp_options_option_name_unique` (`option_name`)
) ENGINE=InnoDB DEFAULT CHARSET=utf8mb4 COLLATE=utf8mb4_unicode_ci;
/*!40101 SET character_set_client = @saved_cs_client */;

--
-- Dumping data for table `wp_options`
--

LOCK TABLES `wp_options` WRITE;
/*!40000 ALTER TABLE `wp_options` DISABLE KEYS */;
/*!40000 ALTER TABLE `wp_options` ENABLE KEYS */;
UNLOCK TABLES;

--
-- Table structure for table `wp_products`
--

DROP TABLE IF EXISTS `wp_products`;
/*!40101 SET @saved_cs_client     = @@character_set_client */;
/*!50503 SET character_set_client = utf8mb4 */;
CREATE TABLE `wp_products` (
  `id` bigint unsigned NOT NULL AUTO_INCREMENT,
  `title` varchar(255) COLLATE utf8mb4_unicode_ci NOT NULL,
  `slug` varchar(255) COLLATE utf8mb4_unicode_ci NOT NULL,
  `short_description` varchar(255) COLLATE utf8mb4_unicode_ci DEFAULT NULL,
  `description` longtext COLLATE utf8mb4_unicode_ci,
  `regular_price` decimal(10,2) DEFAULT NULL,
  `sale_price` decimal(10,2) DEFAULT NULL,
  `image` varchar(255) COLLATE utf8mb4_unicode_ci DEFAULT NULL,
  `gallery` json DEFAULT NULL,
  `tags` json DEFAULT NULL,
  `created_at` timestamp NULL DEFAULT NULL,
  `updated_at` timestamp NULL DEFAULT NULL,
  PRIMARY KEY (`id`),
  UNIQUE KEY `wp_products_slug_unique` (`slug`),
  KEY `wp_products_title_index` (`title`)
) ENGINE=InnoDB DEFAULT CHARSET=utf8mb4 COLLATE=utf8mb4_unicode_ci;
/*!40101 SET character_set_client = @saved_cs_client */;

--
-- Dumping data for table `wp_products`
--

LOCK TABLES `wp_products` WRITE;
/*!40000 ALTER TABLE `wp_products` DISABLE KEYS */;
/*!40000 ALTER TABLE `wp_products` ENABLE KEYS */;
UNLOCK TABLES;
/*!40103 SET TIME_ZONE=@OLD_TIME_ZONE */;

/*!40101 SET SQL_MODE=@OLD_SQL_MODE */;
/*!40014 SET FOREIGN_KEY_CHECKS=@OLD_FOREIGN_KEY_CHECKS */;
/*!40014 SET UNIQUE_CHECKS=@OLD_UNIQUE_CHECKS */;
/*!40101 SET CHARACTER_SET_CLIENT=@OLD_CHARACTER_SET_CLIENT */;
/*!40101 SET CHARACTER_SET_RESULTS=@OLD_CHARACTER_SET_RESULTS */;
/*!40101 SET COLLATION_CONNECTION=@OLD_COLLATION_CONNECTION */;
/*!40111 SET SQL_NOTES=@OLD_SQL_NOTES */;

-- Dump completed on 2025-11-07 14:29:09
